sample_id,modality,document_type,document_family,sample_index,quality_acceptable,mrz_detected,exact_matches,total_fields,mean_cer,photo_condition,photo_device
photo/images/alb_id/00.jpg,photo,alb_id,NATIONAL_ID,00,True,False,0,0,0.0,projective_distortions,iphone_xr
photo/images/alb_id/01.jpg,photo,alb_id,NATIONAL_ID,01,True,False,0,0,0.0,projective_distortions,iphone_xr
photo/images/alb_id/02.jpg,photo,alb_id,NATIONAL_ID,02,True,False,0,0,0.0,projective_distortions,iphone_xr
photo/images/alb_id/03.jpg,photo,alb_id,NATIONAL_ID,03,True,False,0,0,0.0,projective_distortions,iphone_xr
photo/images/alb_id/04.jpg,photo,alb_id,NATIONAL_ID,04,True,False,0,0,0.0,projective_distortions,iphone_xr
photo/images/alb_id/05.jpg,photo,alb_id,NATIONAL_ID,05,True,False,0,0,0.0,projective_distortions,iphone_xr
photo/images/alb_id/06.jpg,photo,alb_id,NATIONAL_ID,06,True,False,0,0,0.0,projective_distortions,iphone_xr
photo/images/alb_id/07.jpg,photo,alb_id,NATIONAL_ID,07,True,False,0,0,0.0,projective_distortions,iphone_xr
photo/images/alb_id/08.jpg,photo,alb_id,NATIONAL_ID,08,True,False,0,0,0.0,projective_distortions,iphone_xr
photo/images/alb_id/09.jpg,photo,alb_id,NATIONAL_ID,09,True,False,0,0,0.0,projective_distortions,iphone_xr
photo/images/alb_id/10.jpg,photo,alb_id,NATIONAL_ID,10,True,False,0,0,0.0,projective_distortions,samsung_s10
photo/images/alb_id/11.jpg,photo,alb_id,NATIONAL_ID,11,True,False,0,0,0.0,projective_distortions,samsung_s10
photo/images/alb_id/12.jpg,photo,alb_id,NATIONAL_ID,12,True,False,0,0,0.0,projective_distortions,samsung_s10
photo/images/alb_id/13.jpg,photo,alb_id,NATIONAL_ID,13,True,False,0,0,0.0,projective_distortions,samsung_s10
photo/images/alb_id/14.jpg,photo,alb_id,NATIONAL_ID,14,False,False,0,0,0.0,projective_distortions,samsung_s10
photo/images/alb_id/15.jpg,photo,alb_id,NATIONAL_ID,15,True,False,0,0,0.0,projective_distortions,samsung_s10
photo/images/alb_id/16.jpg,photo,alb_id,NATIONAL_ID,16,True,False,0,0,0.0,projective_distortions,samsung_s10
photo/images/alb_id/17.jpg,photo,alb_id,NATIONAL_ID,17,True,False,0,0,0.0,projective_distortions,samsung_s10
photo/images/alb_id/18.jpg,photo,alb_id,NATIONAL_ID,18,True,False,0,0,0.0,projective_distortions,samsung_s10
photo/images/alb_id/19.jpg,photo,alb_id,NATIONAL_ID,19,True,False,0,0,0.0,projective_distortions,samsung_s10
photo/images/alb_id/20.jpg,photo,alb_id,NATIONAL_ID,20,True,False,0,0,0.0,text_documents_background,iphone_xr
photo/images/alb_id/21.jpg,photo,alb_id,NATIONAL_ID,21,True,False,0,0,0.0,text_documents_background,iphone_xr
photo/images/alb_id/22.jpg,photo,alb_id,NATIONAL_ID,22,True,False,0,0,0.0,text_documents_background,iphone_xr
photo/images/alb_id/23.jpg,photo,alb_id,NATIONAL_ID,23,True,False,0,0,0.0,text_documents_background,iphone_xr
photo/images/alb_id/24.jpg,photo,alb_id,NATIONAL_ID,24,True,False,0,0,0.0,text_documents_background,iphone_xr
photo/images/alb_id/25.jpg,photo,alb_id,NATIONAL_ID,25,True,False,0,0,0.0,text_documents_background,samsung_s10
photo/images/alb_id/26.jpg,photo,alb_id,NATIONAL_ID,26,True,False,0,0,0.0,text_documents_background,samsung_s10
photo/images/alb_id/27.jpg,photo,alb_id,NATIONAL_ID,27,True,False,0,0,0.0,text_documents_background,samsung_s10
photo/images/alb_id/28.jpg,photo,alb_id,NATIONAL_ID,28,True,False,0,0,0.0,text_documents_background,samsung_s10
photo/images/alb_id/29.jpg,photo,alb_id,NATIONAL_ID,29,True,False,0,0,0.0,text_documents_background,samsung_s10
photo/images/alb_id/30.jpg,photo,alb_id,NATIONAL_ID,30,True,False,0,0,0.0,keyboard_background,iphone_xr
photo/images/alb_id/31.jpg,photo,alb_id,NATIONAL_ID,31,True,False,0,0,0.0,keyboard_background,iphone_xr
photo/images/alb_id/32.jpg,photo,alb_id,NATIONAL_ID,32,True,False,0,0,0.0,keyboard_background,iphone_xr
photo/images/alb_id/33.jpg,photo,alb_id,NATIONAL_ID,33,True,False,0,0,0.0,keyboard_background,iphone_xr
photo/images/alb_id/34.jpg,photo,alb_id,NATIONAL_ID,34,True,False,0,0,0.0,keyboard_background,iphone_xr
photo/images/alb_id/35.jpg,photo,alb_id,NATIONAL_ID,35,True,False,0,0,0.0,keyboard_background,samsung_s10
photo/images/alb_id/36.jpg,photo,alb_id,NATIONAL_ID,36,True,False,0,0,0.0,keyboard_background,samsung_s10
photo/images/alb_id/37.jpg,photo,alb_id,NATIONAL_ID,37,True,False,0,0,0.0,keyboard_background,samsung_s10
photo/images/alb_id/38.jpg,photo,alb_id,NATIONAL_ID,38,True,False,0,0,0.0,keyboard_background,samsung_s10
photo/images/alb_id/39.jpg,photo,alb_id,NATIONAL_ID,39,True,False,0,0,0.0,keyboard_background,samsung_s10
photo/images/alb_id/40.jpg,photo,alb_id,NATIONAL_ID,40,True,False,0,0,0.0,natural_lighting_outdoors,iphone_xr
photo/images/alb_id/41.jpg,photo,alb_id,NATIONAL_ID,41,True,False,0,0,0.0,natural_lighting_outdoors,iphone_xr
photo/images/alb_id/42.jpg,photo,alb_id,NATIONAL_ID,42,True,False,0,0,0.0,natural_lighting_outdoors,iphone_xr
photo/images/alb_id/43.jpg,photo,alb_id,NATIONAL_ID,43,True,False,0,0,0.0,natural_lighting_outdoors,iphone_xr
photo/images/alb_id/44.jpg,photo,alb_id,NATIONAL_ID,44,True,False,0,0,0.0,natural_lighting_outdoors,iphone_xr
photo/images/alb_id/45.jpg,photo,alb_id,NATIONAL_ID,45,True,False,0,0,0.0,natural_lighting_outdoors,samsung_s10
photo/images/alb_id/46.jpg,photo,alb_id,NATIONAL_ID,46,True,False,0,0,0.0,natural_lighting_outdoors,samsung_s10
photo/images/alb_id/47.jpg,photo,alb_id,NATIONAL_ID,47,True,False,0,0,0.0,natural_lighting_outdoors,samsung_s10
photo/images/alb_id/48.jpg,photo,alb_id,NATIONAL_ID,48,True,False,0,0,0.0,natural_lighting_outdoors,samsung_s10
photo/images/alb_id/49.jpg,photo,alb_id,NATIONAL_ID,49,True,False,0,0,0.0,natural_lighting_outdoors,samsung_s10
photo/images/alb_id/50.jpg,photo,alb_id,NATIONAL_ID,50,True,False,0,0,0.0,table_background,iphone_xr
photo/images/alb_id/51.jpg,photo,alb_id,NATIONAL_ID,51,True,False,0,0,0.0,table_background,iphone_xr
photo/images/alb_id/52.jpg,photo,alb_id,NATIONAL_ID,52,True,False,0,0,0.0,table_background,iphone_xr
photo/images/alb_id/53.jpg,photo,alb_id,NATIONAL_ID,53,True,False,0,0,0.0,table_background,iphone_xr
photo/images/alb_id/54.jpg,photo,alb_id,NATIONAL_ID,54,True,False,0,0,0.0,table_background,iphone_xr
photo/images/alb_id/55.jpg,photo,alb_id,NATIONAL_ID,55,True,False,0,0,0.0,table_background,samsung_s10
photo/images/alb_id/56.jpg,photo,alb_id,NATIONAL_ID,56,True,False,0,0,0.0,table_background,samsung_s10
photo/images/alb_id/57.jpg,photo,alb_id,NATIONAL_ID,57,True,False,0,0,0.0,table_background,samsung_s10
photo/images/alb_id/58.jpg,photo,alb_id,NATIONAL_ID,58,True,False,0,0,0.0,table_background,samsung_s10
photo/images/alb_id/59.jpg,photo,alb_id,NATIONAL_ID,59,True,False,0,0,0.0,table_background,samsung_s10
photo/images/alb_id/60.jpg,photo,alb_id,NATIONAL_ID,60,True,False,0,0,0.0,highlight_glare_present,iphone_xr
photo/images/alb_id/61.jpg,photo,alb_id,NATIONAL_ID,61,True,False,0,0,0.0,highlight_glare_present,iphone_xr
photo/images/alb_id/62.jpg,photo,alb_id,NATIONAL_ID,62,True,False,0,0,0.0,highlight_glare_present,iphone_xr
photo/images/alb_id/63.jpg,photo,alb_id,NATIONAL_ID,63,False,False,0,0,0.0,highlight_glare_present,iphone_xr
photo/images/alb_id/64.jpg,photo,alb_id,NATIONAL_ID,64,True,False,0,0,0.0,highlight_glare_present,iphone_xr
photo/images/alb_id/65.jpg,photo,alb_id,NATIONAL_ID,65,True,False,0,0,0.0,highlight_glare_present,samsung_s10
photo/images/alb_id/66.jpg,photo,alb_id,NATIONAL_ID,66,True,False,0,0,0.0,highlight_glare_present,samsung_s10
photo/images/alb_id/67.jpg,photo,alb_id,NATIONAL_ID,67,True,False,0,0,0.0,highlight_glare_present,samsung_s10
photo/images/alb_id/68.jpg,photo,alb_id,NATIONAL_ID,68,True,False,0,0,0.0,highlight_glare_present,samsung_s10
photo/images/alb_id/69.jpg,photo,alb_id,NATIONAL_ID,69,True,False,0,0,0.0,highlight_glare_present,samsung_s10
photo/images/alb_id/70.jpg,photo,alb_id,NATIONAL_ID,70,False,False,0,0,0.0,low_lighting,iphone_xr
photo/images/alb_id/71.jpg,photo,alb_id,NATIONAL_ID,71,False,False,0,0,0.0,low_lighting,iphone_xr
photo/images/alb_id/72.jpg,photo,alb_id,NATIONAL_ID,72,False,False,0,0,0.0,low_lighting,iphone_xr
photo/images/alb_id/73.jpg,photo,alb_id,NATIONAL_ID,73,False,False,0,0,0.0,low_lighting,iphone_xr
photo/images/alb_id/74.jpg,photo,alb_id,NATIONAL_ID,74,True,False,0,0,0.0,low_lighting,iphone_xr
photo/images/alb_id/75.jpg,photo,alb_id,NATIONAL_ID,75,False,False,0,0,0.0,low_lighting,iphone_xr
photo/images/alb_id/76.jpg,photo,alb_id,NATIONAL_ID,76,True,False,0,0,0.0,low_lighting,iphone_xr
photo/images/alb_id/77.jpg,photo,alb_id,NATIONAL_ID,77,True,False,0,0,0.0,low_lighting,iphone_xr
photo/images/alb_id/78.jpg,photo,alb_id,NATIONAL_ID,78,False,False,0,0,0.0,low_lighting,iphone_xr
photo/images/alb_id/79.jpg,photo,alb_id,NATIONAL_ID,79,False,False,0,0,0.0,low_lighting,iphone_xr
photo/images/alb_id/80.jpg,photo,alb_id,NATIONAL_ID,80,False,False,0,0,0.0,low_lighting,samsung_s10
photo/images/alb_id/81.jpg,photo,alb_id,NATIONAL_ID,81,False,False,0,0,0.0,low_lighting,samsung_s10
photo/images/alb_id/82.jpg,photo,alb_id,NATIONAL_ID,82,True,False,0,0,0.0,low_lighting,samsung_s10
photo/images/alb_id/83.jpg,photo,alb_id,NATIONAL_ID,83,True,False,0,0,0.0,low_lighting,samsung_s10
photo/images/alb_id/84.jpg,photo,alb_id,NATIONAL_ID,84,True,False,0,0,0.0,low_lighting,samsung_s10
photo/images/alb_id/85.jpg,photo,alb_id,NATIONAL_ID,85,True,False,0,0,0.0,low_lighting,samsung_s10
photo/images/alb_id/86.jpg,photo,alb_id,NATIONAL_ID,86,False,False,0,0,0.0,low_lighting,samsung_s10
photo/images/alb_id/87.jpg,photo,alb_id,NATIONAL_ID,87,True,False,0,0,0.0,low_lighting,samsung_s10
photo/images/alb_id/88.jpg,photo,alb_id,NATIONAL_ID,88,True,False,0,0,0.0,low_lighting,samsung_s10
photo/images/alb_id/89.jpg,photo,alb_id,NATIONAL_ID,89,True,False,0,0,0.0,low_lighting,samsung_s10
photo/images/alb_id/90.jpg,photo,alb_id,NATIONAL_ID,90,True,False,0,0,0.0,cloth_background,iphone_xr
photo/images/alb_id/91.jpg,photo,alb_id,NATIONAL_ID,91,True,False,0,0,0.0,cloth_background,iphone_xr
photo/images/alb_id/92.jpg,photo,alb_id,NATIONAL_ID,92,True,False,0,0,0.0,cloth_background,iphone_xr
photo/images/alb_id/93.jpg,photo,alb_id,NATIONAL_ID,93,True,False,0,0,0.0,cloth_background,iphone_xr
photo/images/alb_id/94.jpg,photo,alb_id,NATIONAL_ID,94,True,False,0,0,0.0,cloth_background,iphone_xr
photo/images/alb_id/95.jpg,photo,alb_id,NATIONAL_ID,95,True,False,0,0,0.0,cloth_background,samsung_s10
photo/images/alb_id/96.jpg,photo,alb_id,NATIONAL_ID,96,True,False,0,0,0.0,cloth_background,samsung_s10
photo/images/alb_id/97.jpg,photo,alb_id,NATIONAL_ID,97,True,False,0,0,0.0,cloth_background,samsung_s10
photo/images/alb_id/98.jpg,photo,alb_id,NATIONAL_ID,98,True,False,0,0,0.0,cloth_background,samsung_s10
photo/images/alb_id/99.jpg,photo,alb_id,NATIONAL_ID,99,True,False,0,0,0.0,cloth_background,samsung_s10
photo/images/aze_passport/00.jpg,photo,aze_passport,TRAVEL_DOCUMENT,00,True,False,0,0,0.0,projective_distortions,iphone_xr
photo/images/aze_passport/01.jpg,photo,aze_passport,TRAVEL_DOCUMENT,01,True,False,0,0,0.0,projective_distortions,iphone_xr
photo/images/aze_passport/02.jpg,photo,aze_passport,TRAVEL_DOCUMENT,02,True,False,0,0,0.0,projective_distortions,iphone_xr
photo/images/aze_passport/03.jpg,photo,aze_passport,TRAVEL_DOCUMENT,03,True,False,0,0,0.0,projective_distortions,iphone_xr
photo/images/aze_passport/04.jpg,photo,aze_passport,TRAVEL_DOCUMENT,04,True,False,0,0,0.0,projective_distortions,iphone_xr
photo/images/aze_passport/05.jpg,photo,aze_passport,TRAVEL_DOCUMENT,05,True,False,0,0,0.0,projective_distortions,iphone_xr
photo/images/aze_passport/06.jpg,photo,aze_passport,TRAVEL_DOCUMENT,06,True,False,0,0,0.0,projective_distortions,iphone_xr
photo/images/aze_passport/07.jpg,photo,aze_passport,TRAVEL_DOCUMENT,07,True,False,0,0,0.0,projective_distortions,iphone_xr
photo/images/aze_passport/08.jpg,photo,aze_passport,TRAVEL_DOCUMENT,08,True,False,0,0,0.0,projective_distortions,iphone_xr
photo/images/aze_passport/09.jpg,photo,aze_passport,TRAVEL_DOCUMENT,09,True,False,0,0,0.0,projective_distortions,iphone_xr
photo/images/aze_passport/10.jpg,photo,aze_passport,TRAVEL_DOCUMENT,10,True,False,0,0,0.0,projective_distortions,samsung_s10
photo/images/aze_passport/11.jpg,photo,aze_passport,TRAVEL_DOCUMENT,11,True,False,0,0,0.0,projective_distortions,samsung_s10
photo/images/aze_passport/12.jpg,photo,aze_passport,TRAVEL_DOCUMENT,12,True,False,0,0,0.0,projective_distortions,samsung_s10
photo/images/aze_passport/13.jpg,photo,aze_passport,TRAVEL_DOCUMENT,13,True,False,0,0,0.0,projective_distortions,samsung_s10
photo/images/aze_passport/14.jpg,photo,aze_passport,TRAVEL_DOCUMENT,14,True,False,0,0,0.0,projective_distortions,samsung_s10
photo/images/aze_passport/15.jpg,photo,aze_passport,TRAVEL_DOCUMENT,15,True,False,0,0,0.0,projective_distortions,samsung_s10
photo/images/aze_passport/16.jpg,photo,aze_passport,TRAVEL_DOCUMENT,16,True,False,0,0,0.0,projective_distortions,samsung_s10
photo/images/aze_passport/17.jpg,photo,aze_passport,TRAVEL_DOCUMENT,17,True,False,0,0,0.0,projective_distortions,samsung_s10
photo/images/aze_passport/18.jpg,photo,aze_passport,TRAVEL_DOCUMENT,18,True,False,0,0,0.0,projective_distortions,samsung_s10
photo/images/aze_passport/19.jpg,photo,aze_passport,TRAVEL_DOCUMENT,19,True,False,0,0,0.0,projective_distortions,samsung_s10
photo/images/aze_passport/20.jpg,photo,aze_passport,TRAVEL_DOCUMENT,20,True,False,0,0,0.0,text_documents_background,iphone_xr
photo/images/aze_passport/21.jpg,photo,aze_passport,TRAVEL_DOCUMENT,21,True,False,0,0,0.0,text_documents_background,iphone_xr
photo/images/aze_passport/22.jpg,photo,aze_passport,TRAVEL_DOCUMENT,22,True,False,0,0,0.0,text_documents_background,iphone_xr
photo/images/aze_passport/23.jpg,photo,aze_passport,TRAVEL_DOCUMENT,23,True,False,0,0,0.0,text_documents_background,iphone_xr
photo/images/aze_passport/24.jpg,photo,aze_passport,TRAVEL_DOCUMENT,24,True,False,0,0,0.0,text_documents_background,iphone_xr
photo/images/aze_passport/25.jpg,photo,aze_passport,TRAVEL_DOCUMENT,25,True,False,0,0,0.0,text_documents_background,samsung_s10
photo/images/aze_passport/26.jpg,photo,aze_passport,TRAVEL_DOCUMENT,26,True,False,0,0,0.0,text_documents_background,samsung_s10
photo/images/aze_passport/27.jpg,photo,aze_passport,TRAVEL_DOCUMENT,27,True,False,0,0,0.0,text_documents_background,samsung_s10
photo/images/aze_passport/28.jpg,photo,aze_passport,TRAVEL_DOCUMENT,28,True,False,0,0,0.0,text_documents_background,samsung_s10
photo/images/aze_passport/29.jpg,photo,aze_passport,TRAVEL_DOCUMENT,29,True,False,0,0,0.0,text_documents_background,samsung_s10
photo/images/aze_passport/30.jpg,photo,aze_passport,TRAVEL_DOCUMENT,30,True,False,0,0,0.0,keyboard_background,iphone_xr
photo/images/aze_passport/31.jpg,photo,aze_passport,TRAVEL_DOCUMENT,31,True,False,0,0,0.0,keyboard_background,iphone_xr
photo/images/aze_passport/32.jpg,photo,aze_passport,TRAVEL_DOCUMENT,32,True,False,0,0,0.0,keyboard_background,iphone_xr
photo/images/aze_passport/33.jpg,photo,aze_passport,TRAVEL_DOCUMENT,33,True,False,0,0,0.0,keyboard_background,iphone_xr
photo/images/aze_passport/34.jpg,photo,aze_passport,TRAVEL_DOCUMENT,34,True,False,0,0,0.0,keyboard_background,iphone_xr
photo/images/aze_passport/35.jpg,photo,aze_passport,TRAVEL_DOCUMENT,35,True,False,0,0,0.0,keyboard_background,samsung_s10
photo/images/aze_passport/36.jpg,photo,aze_passport,TRAVEL_DOCUMENT,36,True,False,0,0,0.0,keyboard_background,samsung_s10
photo/images/aze_passport/37.jpg,photo,aze_passport,TRAVEL_DOCUMENT,37,True,False,0,0,0.0,keyboard_background,samsung_s10
photo/images/aze_passport/38.jpg,photo,aze_passport,TRAVEL_DOCUMENT,38,True,False,0,0,0.0,keyboard_background,samsung_s10
photo/images/aze_passport/39.jpg,photo,aze_passport,TRAVEL_DOCUMENT,39,True,False,0,0,0.0,keyboard_background,samsung_s10
photo/images/aze_passport/40.jpg,photo,aze_passport,TRAVEL_DOCUMENT,40,True,False,0,0,0.0,natural_lighting_outdoors,iphone_xr
photo/images/aze_passport/41.jpg,photo,aze_passport,TRAVEL_DOCUMENT,41,True,False,0,0,0.0,natural_lighting_outdoors,iphone_xr
photo/images/aze_passport/42.jpg,photo,aze_passport,TRAVEL_DOCUMENT,42,True,False,0,0,0.0,natural_lighting_outdoors,iphone_xr
photo/images/aze_passport/43.jpg,photo,aze_passport,TRAVEL_DOCUMENT,43,True,False,0,0,0.0,natural_lighting_outdoors,iphone_xr
photo/images/aze_passport/44.jpg,photo,aze_passport,TRAVEL_DOCUMENT,44,True,False,0,0,0.0,natural_lighting_outdoors,iphone_xr
photo/images/aze_passport/45.jpg,photo,aze_passport,TRAVEL_DOCUMENT,45,True,False,0,0,0.0,natural_lighting_outdoors,samsung_s10
photo/images/aze_passport/46.jpg,photo,aze_passport,TRAVEL_DOCUMENT,46,True,False,0,0,0.0,natural_lighting_outdoors,samsung_s10
photo/images/aze_passport/47.jpg,photo,aze_passport,TRAVEL_DOCUMENT,47,True,False,0,0,0.0,natural_lighting_outdoors,samsung_s10
photo/images/aze_passport/48.jpg,photo,aze_passport,TRAVEL_DOCUMENT,48,True,False,0,0,0.0,natural_lighting_outdoors,samsung_s10
photo/images/aze_passport/49.jpg,photo,aze_passport,TRAVEL_DOCUMENT,49,True,False,0,0,0.0,natural_lighting_outdoors,samsung_s10
photo/images/aze_passport/50.jpg,photo,aze_passport,TRAVEL_DOCUMENT,50,True,False,0,0,0.0,table_background,iphone_xr
photo/images/aze_passport/51.jpg,photo,aze_passport,TRAVEL_DOCUMENT,51,True,False,0,0,0.0,table_background,iphone_xr
photo/images/aze_passport/52.jpg,photo,aze_passport,TRAVEL_DOCUMENT,52,True,False,0,0,0.0,table_background,iphone_xr
photo/images/aze_passport/53.jpg,photo,aze_passport,TRAVEL_DOCUMENT,53,True,False,0,0,0.0,table_background,iphone_xr
photo/images/aze_passport/54.jpg,photo,aze_passport,TRAVEL_DOCUMENT,54,True,False,0,0,0.0,table_background,iphone_xr
photo/images/aze_passport/55.jpg,photo,aze_passport,TRAVEL_DOCUMENT,55,True,False,0,0,0.0,table_background,samsung_s10
photo/images/aze_passport/56.jpg,photo,aze_passport,TRAVEL_DOCUMENT,56,True,False,0,0,0.0,table_background,samsung_s10
photo/images/aze_passport/57.jpg,photo,aze_passport,TRAVEL_DOCUMENT,57,True,False,0,0,0.0,table_background,samsung_s10
photo/images/aze_passport/58.jpg,photo,aze_passport,TRAVEL_DOCUMENT,58,True,False,0,0,0.0,table_background,samsung_s10
photo/images/aze_passport/59.jpg,photo,aze_passport,TRAVEL_DOCUMENT,59,True,False,0,0,0.0,table_background,samsung_s10
photo/images/aze_passport/60.jpg,photo,aze_passport,TRAVEL_DOCUMENT,60,True,False,0,0,0.0,highlight_glare_present,iphone_xr
photo/images/aze_passport/61.jpg,photo,aze_passport,TRAVEL_DOCUMENT,61,True,False,0,0,0.0,highlight_glare_present,iphone_xr
photo/images/aze_passport/62.jpg,photo,aze_passport,TRAVEL_DOCUMENT,62,True,False,0,0,0.0,highlight_glare_present,iphone_xr
photo/images/aze_passport/63.jpg,photo,aze_passport,TRAVEL_DOCUMENT,63,True,False,0,0,0.0,highlight_glare_present,iphone_xr
photo/images/aze_passport/64.jpg,photo,aze_passport,TRAVEL_DOCUMENT,64,True,False,0,0,0.0,highlight_glare_present,iphone_xr
photo/images/aze_passport/65.jpg,photo,aze_passport,TRAVEL_DOCUMENT,65,True,False,0,0,0.0,highlight_glare_present,samsung_s10
photo/images/aze_passport/66.jpg,photo,aze_passport,TRAVEL_DOCUMENT,66,True,False,0,0,0.0,highlight_glare_present,samsung_s10
photo/images/aze_passport/67.jpg,photo,aze_passport,TRAVEL_DOCUMENT,67,True,False,0,0,0.0,highlight_glare_present,samsung_s10
photo/images/aze_passport/68.jpg,photo,aze_passport,TRAVEL_DOCUMENT,68,True,False,0,0,0.0,highlight_glare_present,samsung_s10
photo/images/aze_passport/69.jpg,photo,aze_passport,TRAVEL_DOCUMENT,69,True,False,0,0,0.0,highlight_glare_present,samsung_s10
photo/images/aze_passport/70.jpg,photo,aze_passport,TRAVEL_DOCUMENT,70,False,False,0,0,0.0,low_lighting,iphone_xr
photo/images/aze_passport/71.jpg,photo,aze_passport,TRAVEL_DOCUMENT,71,False,False,0,0,0.0,low_lighting,iphone_xr
photo/images/aze_passport/72.jpg,photo,aze_passport,TRAVEL_DOCUMENT,72,True,False,0,0,0.0,low_lighting,iphone_xr
photo/images/aze_passport/73.jpg,photo,aze_passport,TRAVEL_DOCUMENT,73,False,False,0,0,0.0,low_lighting,iphone_xr
photo/images/aze_passport/74.jpg,photo,aze_passport,TRAVEL_DOCUMENT,74,False,False,0,0,0.0,low_lighting,iphone_xr
photo/images/aze_passport/75.jpg,photo,aze_passport,TRAVEL_DOCUMENT,75,False,False,0,0,0.0,low_lighting,iphone_xr
photo/images/aze_passport/76.jpg,photo,aze_passport,TRAVEL_DOCUMENT,76,False,False,0,0,0.0,low_lighting,iphone_xr
photo/images/aze_passport/77.jpg,photo,aze_passport,TRAVEL_DOCUMENT,77,False,False,0,0,0.0,low_lighting,iphone_xr
photo/images/aze_passport/78.jpg,photo,aze_passport,TRAVEL_DOCUMENT,78,False,False,0,0,0.0,low_lighting,iphone_xr
photo/images/aze_passport/79.jpg,photo,aze_passport,TRAVEL_DOCUMENT,79,False,False,0,0,0.0,low_lighting,iphone_xr
photo/images/aze_passport/80.jpg,photo,aze_passport,TRAVEL_DOCUMENT,80,False,False,0,0,0.0,low_lighting,samsung_s10
photo/images/aze_passport/81.jpg,photo,aze_passport,TRAVEL_DOCUMENT,81,True,False,0,0,0.0,low_lighting,samsung_s10
photo/images/aze_passport/82.jpg,photo,aze_passport,TRAVEL_DOCUMENT,82,True,False,0,0,0.0,low_lighting,samsung_s10
photo/images/aze_passport/83.jpg,photo,aze_passport,TRAVEL_DOCUMENT,83,False,False,0,0,0.0,low_lighting,samsung_s10
photo/images/aze_passport/84.jpg,photo,aze_passport,TRAVEL_DOCUMENT,84,False,False,0,0,0.0,low_lighting,samsung_s10
photo/images/aze_passport/85.jpg,photo,aze_passport,TRAVEL_DOCUMENT,85,False,False,0,0,0.0,low_lighting,samsung_s10
photo/images/aze_passport/86.jpg,photo,aze_passport,TRAVEL_DOCUMENT,86,True,False,0,0,0.0,low_lighting,samsung_s10
photo/images/aze_passport/87.jpg,photo,aze_passport,TRAVEL_DOCUMENT,87,False,False,0,0,0.0,low_lighting,samsung_s10
photo/images/aze_passport/88.jpg,photo,aze_passport,TRAVEL_DOCUMENT,88,False,False,0,0,0.0,low_lighting,samsung_s10
photo/images/aze_passport/89.jpg,photo,aze_passport,TRAVEL_DOCUMENT,89,False,False,0,0,0.0,low_lighting,samsung_s10
photo/images/aze_passport/90.jpg,photo,aze_passport,TRAVEL_DOCUMENT,90,True,False,0,0,0.0,cloth_background,iphone_xr
photo/images/aze_passport/91.jpg,photo,aze_passport,TRAVEL_DOCUMENT,91,True,False,0,0,0.0,cloth_background,iphone_xr
photo/images/aze_passport/92.jpg,photo,aze_passport,TRAVEL_DOCUMENT,92,True,False,0,0,0.0,cloth_background,iphone_xr
photo/images/aze_passport/93.jpg,photo,aze_passport,TRAVEL_DOCUMENT,93,True,False,0,0,0.0,cloth_background,iphone_xr
photo/images/aze_passport/94.jpg,photo,aze_passport,TRAVEL_DOCUMENT,94,True,False,0,0,0.0,cloth_background,iphone_xr
photo/images/aze_passport/95.jpg,photo,aze_passport,TRAVEL_DOCUMENT,95,True,False,0,0,0.0,cloth_background,samsung_s10
photo/images/aze_passport/96.jpg,photo,aze_passport,TRAVEL_DOCUMENT,96,True,False,0,0,0.0,cloth_background,samsung_s10
photo/images/aze_passport/97.jpg,photo,aze_passport,TRAVEL_DOCUMENT,97,True,False,0,0,0.0,cloth_background,samsung_s10
photo/images/aze_passport/98.jpg,photo,aze_passport,TRAVEL_DOCUMENT,98,True,False,0,0,0.0,cloth_background,samsung_s10
photo/images/aze_passport/99.jpg,photo,aze_passport,TRAVEL_DOCUMENT,99,True,False,0,0,0.0,cloth_background,samsung_s10
photo/images/esp_id/00.jpg,photo,esp_id,NATIONAL_ID,00,True,False,0,0,0.0,projective_distortions,iphone_xr
photo/images/esp_id/01.jpg,photo,esp_id,NATIONAL_ID,01,True,False,0,0,0.0,projective_distortions,iphone_xr
photo/images/esp_id/02.jpg,photo,esp_id,NATIONAL_ID,02,True,False,0,0,0.0,projective_distortions,iphone_xr
photo/images/esp_id/03.jpg,photo,esp_id,NATIONAL_ID,03,True,False,0,0,0.0,projective_distortions,iphone_xr
photo/images/esp_id/04.jpg,photo,esp_id,NATIONAL_ID,04,False,False,0,0,0.0,projective_distortions,iphone_xr
photo/images/esp_id/05.jpg,photo,esp_id,NATIONAL_ID,05,False,False,0,0,0.0,projective_distortions,iphone_xr
photo/images/esp_id/06.jpg,photo,esp_id,NATIONAL_ID,06,True,False,0,0,0.0,projective_distortions,iphone_xr
photo/images/esp_id/07.jpg,photo,esp_id,NATIONAL_ID,07,True,False,0,0,0.0,projective_distortions,iphone_xr
photo/images/esp_id/08.jpg,photo,esp_id,NATIONAL_ID,08,True,False,0,0,0.0,projective_distortions,iphone_xr
photo/images/esp_id/09.jpg,photo,esp_id,NATIONAL_ID,09,True,False,0,0,0.0,projective_distortions,iphone_xr
photo/images/esp_id/10.jpg,photo,esp_id,NATIONAL_ID,10,True,False,0,0,0.0,projective_distortions,samsung_s10
photo/images/esp_id/11.jpg,photo,esp_id,NATIONAL_ID,11,True,False,0,0,0.0,projective_distortions,samsung_s10
photo/images/esp_id/12.jpg,photo,esp_id,NATIONAL_ID,12,True,False,0,0,0.0,projective_distortions,samsung_s10
photo/images/esp_id/13.jpg,photo,esp_id,NATIONAL_ID,13,True,False,0,0,0.0,projective_distortions,samsung_s10
photo/images/esp_id/14.jpg,photo,esp_id,NATIONAL_ID,14,True,False,0,0,0.0,projective_distortions,samsung_s10
photo/images/esp_id/15.jpg,photo,esp_id,NATIONAL_ID,15,True,False,0,0,0.0,projective_distortions,samsung_s10
photo/images/esp_id/16.jpg,photo,esp_id,NATIONAL_ID,16,True,False,0,0,0.0,projective_distortions,samsung_s10
photo/images/esp_id/17.jpg,photo,esp_id,NATIONAL_ID,17,True,False,0,0,0.0,projective_distortions,samsung_s10
photo/images/esp_id/18.jpg,photo,esp_id,NATIONAL_ID,18,True,False,0,0,0.0,projective_distortions,samsung_s10
photo/images/esp_id/19.jpg,photo,esp_id,NATIONAL_ID,19,True,False,0,0,0.0,projective_distortions,samsung_s10
photo/images/esp_id/20.jpg,photo,esp_id,NATIONAL_ID,20,True,False,0,0,0.0,text_documents_background,iphone_xr
photo/images/esp_id/21.jpg,photo,esp_id,NATIONAL_ID,21,True,False,0,0,0.0,text_documents_background,iphone_xr
photo/images/esp_id/22.jpg,photo,esp_id,NATIONAL_ID,22,True,False,0,0,0.0,text_documents_background,iphone_xr
photo/images/esp_id/23.jpg,photo,esp_id,NATIONAL_ID,23,True,False,0,0,0.0,text_documents_background,iphone_xr
photo/images/esp_id/24.jpg,photo,esp_id,NATIONAL_ID,24,True,False,0,0,0.0,text_documents_background,iphone_xr
photo/images/esp_id/25.jpg,photo,esp_id,NATIONAL_ID,25,True,False,0,0,0.0,text_documents_background,samsung_s10
photo/images/esp_id/26.jpg,photo,esp_id,NATIONAL_ID,26,True,False,0,0,0.0,text_documents_background,samsung_s10
photo/images/esp_id/27.jpg,photo,esp_id,NATIONAL_ID,27,True,False,0,0,0.0,text_documents_background,samsung_s10
photo/images/esp_id/28.jpg,photo,esp_id,NATIONAL_ID,28,True,False,0,0,0.0,text_documents_background,samsung_s10
photo/images/esp_id/29.jpg,photo,esp_id,NATIONAL_ID,29,True,False,0,0,0.0,text_documents_background,samsung_s10
photo/images/esp_id/30.jpg,photo,esp_id,NATIONAL_ID,30,True,False,0,0,0.0,keyboard_background,iphone_xr
photo/images/esp_id/31.jpg,photo,esp_id,NATIONAL_ID,31,True,False,0,0,0.0,keyboard_background,iphone_xr
photo/images/esp_id/32.jpg,photo,esp_id,NATIONAL_ID,32,True,False,0,0,0.0,keyboard_background,iphone_xr
photo/images/esp_id/33.jpg,photo,esp_id,NATIONAL_ID,33,True,False,0,0,0.0,keyboard_background,iphone_xr
photo/images/esp_id/34.jpg,photo,esp_id,NATIONAL_ID,34,True,False,0,0,0.0,keyboard_background,iphone_xr
photo/images/esp_id/35.jpg,photo,esp_id,NATIONAL_ID,35,True,False,0,0,0.0,keyboard_background,samsung_s10
photo/images/esp_id/36.jpg,photo,esp_id,NATIONAL_ID,36,True,False,0,0,0.0,keyboard_background,samsung_s10
photo/images/esp_id/37.jpg,photo,esp_id,NATIONAL_ID,37,True,False,0,0,0.0,keyboard_background,samsung_s10
photo/images/esp_id/38.jpg,photo,esp_id,NATIONAL_ID,38,True,False,0,0,0.0,keyboard_background,samsung_s10
photo/images/esp_id/39.jpg,photo,esp_id,NATIONAL_ID,39,True,False,0,0,0.0,keyboard_background,samsung_s10
photo/images/esp_id/40.jpg,photo,esp_id,NATIONAL_ID,40,True,False,0,0,0.0,natural_lighting_outdoors,iphone_xr
photo/images/esp_id/41.jpg,photo,esp_id,NATIONAL_ID,41,True,False,0,0,0.0,natural_lighting_outdoors,iphone_xr
photo/images/esp_id/42.jpg,photo,esp_id,NATIONAL_ID,42,True,False,0,0,0.0,natural_lighting_outdoors,iphone_xr
photo/images/esp_id/43.jpg,photo,esp_id,NATIONAL_ID,43,True,False,0,0,0.0,natural_lighting_outdoors,iphone_xr
photo/images/esp_id/44.jpg,photo,esp_id,NATIONAL_ID,44,True,False,0,0,0.0,natural_lighting_outdoors,iphone_xr
photo/images/esp_id/45.jpg,photo,esp_id,NATIONAL_ID,45,True,False,0,0,0.0,natural_lighting_outdoors,samsung_s10
photo/images/esp_id/46.jpg,photo,esp_id,NATIONAL_ID,46,True,False,0,0,0.0,natural_lighting_outdoors,samsung_s10
photo/images/esp_id/47.jpg,photo,esp_id,NATIONAL_ID,47,True,False,0,0,0.0,natural_lighting_outdoors,samsung_s10
photo/images/esp_id/48.jpg,photo,esp_id,NATIONAL_ID,48,True,False,0,0,0.0,natural_lighting_outdoors,samsung_s10
photo/images/esp_id/49.jpg,photo,esp_id,NATIONAL_ID,49,True,False,0,0,0.0,natural_lighting_outdoors,samsung_s10
photo/images/esp_id/50.jpg,photo,esp_id,NATIONAL_ID,50,True,False,0,0,0.0,table_background,iphone_xr
photo/images/esp_id/51.jpg,photo,esp_id,NATIONAL_ID,51,True,False,0,0,0.0,table_background,iphone_xr
photo/images/esp_id/52.jpg,photo,esp_id,NATIONAL_ID,52,True,False,0,0,0.0,table_background,iphone_xr
photo/images/esp_id/53.jpg,photo,esp_id,NATIONAL_ID,53,True,False,0,0,0.0,table_background,iphone_xr
photo/images/esp_id/54.jpg,photo,esp_id,NATIONAL_ID,54,True,False,0,0,0.0,table_background,iphone_xr
photo/images/esp_id/55.jpg,photo,esp_id,NATIONAL_ID,55,True,False,0,0,0.0,table_background,samsung_s10
photo/images/esp_id/56.jpg,photo,esp_id,NATIONAL_ID,56,False,False,0,0,0.0,table_background,samsung_s10
photo/images/esp_id/57.jpg,photo,esp_id,NATIONAL_ID,57,True,False,0,0,0.0,table_background,samsung_s10
photo/images/esp_id/58.jpg,photo,esp_id,NATIONAL_ID,58,True,False,0,0,0.0,table_background,samsung_s10
photo/images/esp_id/59.jpg,photo,esp_id,NATIONAL_ID,59,True,False,0,0,0.0,table_background,samsung_s10
photo/images/esp_id/60.jpg,photo,esp_id,NATIONAL_ID,60,True,False,0,0,0.0,highlight_glare_present,iphone_xr
photo/images/esp_id/61.jpg,photo,esp_id,NATIONAL_ID,61,True,False,0,0,0.0,highlight_glare_present,iphone_xr
photo/images/esp_id/62.jpg,photo,esp_id,NATIONAL_ID,62,True,False,0,0,0.0,highlight_glare_present,iphone_xr
photo/images/esp_id/63.jpg,photo,esp_id,NATIONAL_ID,63,True,False,0,0,0.0,highlight_glare_present,iphone_xr
photo/images/esp_id/64.jpg,photo,esp_id,NATIONAL_ID,64,True,False,0,0,0.0,highlight_glare_present,iphone_xr
photo/images/esp_id/65.jpg,photo,esp_id,NATIONAL_ID,65,True,False,0,0,0.0,highlight_glare_present,samsung_s10
photo/images/esp_id/66.jpg,photo,esp_id,NATIONAL_ID,66,True,False,0,0,0.0,highlight_glare_present,samsung_s10
photo/images/esp_id/67.jpg,photo,esp_id,NATIONAL_ID,67,True,False,0,0,0.0,highlight_glare_present,samsung_s10
photo/images/esp_id/68.jpg,photo,esp_id,NATIONAL_ID,68,True,False,0,0,0.0,highlight_glare_present,samsung_s10
photo/images/esp_id/69.jpg,photo,esp_id,NATIONAL_ID,69,True,False,0,0,0.0,highlight_glare_present,samsung_s10
photo/images/esp_id/70.jpg,photo,esp_id,NATIONAL_ID,70,False,False,0,0,0.0,low_lighting,iphone_xr
photo/images/esp_id/71.jpg,photo,esp_id,NATIONAL_ID,71,True,False,0,0,0.0,low_lighting,iphone_xr
photo/images/esp_id/72.jpg,photo,esp_id,NATIONAL_ID,72,False,False,0,0,0.0,low_lighting,iphone_xr
photo/images/esp_id/73.jpg,photo,esp_id,NATIONAL_ID,73,False,False,0,0,0.0,low_lighting,iphone_xr
photo/images/esp_id/74.jpg,photo,esp_id,NATIONAL_ID,74,False,False,0,0,0.0,low_lighting,iphone_xr
photo/images/esp_id/75.jpg,photo,esp_id,NATIONAL_ID,75,False,False,0,0,0.0,low_lighting,iphone_xr
photo/images/esp_id/76.jpg,photo,esp_id,NATIONAL_ID,76,False,False,0,0,0.0,low_lighting,iphone_xr
photo/images/esp_id/77.jpg,photo,esp_id,NATIONAL_ID,77,False,False,0,0,0.0,low_lighting,iphone_xr
photo/images/esp_id/78.jpg,photo,esp_id,NATIONAL_ID,78,False,False,0,0,0.0,low_lighting,iphone_xr
photo/images/esp_id/79.jpg,photo,esp_id,NATIONAL_ID,79,False,False,0,0,0.0,low_lighting,iphone_xr
photo/images/esp_id/80.jpg,photo,esp_id,NATIONAL_ID,80,False,False,0,0,0.0,low_lighting,samsung_s10
photo/images/esp_id/81.jpg,photo,esp_id,NATIONAL_ID,81,False,False,0,0,0.0,low_lighting,samsung_s10
photo/images/esp_id/82.jpg,photo,esp_id,NATIONAL_ID,82,False,False,0,0,0.0,low_lighting,samsung_s10
photo/images/esp_id/83.jpg,photo,esp_id,NATIONAL_ID,83,False,False,0,0,0.0,low_lighting,samsung_s10
photo/images/esp_id/84.jpg,photo,esp_id,NATIONAL_ID,84,False,False,0,0,0.0,low_lighting,samsung_s10
photo/images/esp_id/85.jpg,photo,esp_id,NATIONAL_ID,85,True,False,0,0,0.0,low_lighting,samsung_s10
photo/images/esp_id/86.jpg,photo,esp_id,NATIONAL_ID,86,False,False,0,0,0.0,low_lighting,samsung_s10
photo/images/esp_id/87.jpg,photo,esp_id,NATIONAL_ID,87,False,False,0,0,0.0,low_lighting,samsung_s10
photo/images/esp_id/88.jpg,photo,esp_id,NATIONAL_ID,88,True,False,0,0,0.0,low_lighting,samsung_s10
photo/images/esp_id/89.jpg,photo,esp_id,NATIONAL_ID,89,False,False,0,0,0.0,low_lighting,samsung_s10
photo/images/esp_id/90.jpg,photo,esp_id,NATIONAL_ID,90,True,False,0,0,0.0,cloth_background,iphone_xr
photo/images/esp_id/91.jpg,photo,esp_id,NATIONAL_ID,91,True,False,0,0,0.0,cloth_background,iphone_xr
photo/images/esp_id/92.jpg,photo,esp_id,NATIONAL_ID,92,True,False,0,0,0.0,cloth_background,iphone_xr
photo/images/esp_id/93.jpg,photo,esp_id,NATIONAL_ID,93,True,False,0,0,0.0,cloth_background,iphone_xr
photo/images/esp_id/94.jpg,photo,esp_id,NATIONAL_ID,94,True,False,0,0,0.0,cloth_background,iphone_xr
photo/images/esp_id/95.jpg,photo,esp_id,NATIONAL_ID,95,True,False,0,0,0.0,cloth_background,samsung_s10
photo/images/esp_id/96.jpg,photo,esp_id,NATIONAL_ID,96,True,False,0,0,0.0,cloth_background,samsung_s10
photo/images/esp_id/97.jpg,photo,esp_id,NATIONAL_ID,97,True,False,0,0,0.0,cloth_background,samsung_s10
photo/images/esp_id/98.jpg,photo,esp_id,NATIONAL_ID,98,True,False,0,0,0.0,cloth_background,samsung_s10
photo/images/esp_id/99.jpg,photo,esp_id,NATIONAL_ID,99,True,False,0,0,0.0,cloth_background,samsung_s10
photo/images/est_id/00.jpg,photo,est_id,NATIONAL_ID,00,True,False,0,0,0.0,projective_distortions,iphone_xr
photo/images/est_id/01.jpg,photo,est_id,NATIONAL_ID,01,True,False,0,0,0.0,projective_distortions,iphone_xr
photo/images/est_id/02.jpg,photo,est_id,NATIONAL_ID,02,True,False,0,0,0.0,projective_distortions,iphone_xr
photo/images/est_id/03.jpg,photo,est_id,NATIONAL_ID,03,True,False,0,0,0.0,projective_distortions,iphone_xr
photo/images/est_id/04.jpg,photo,est_id,NATIONAL_ID,04,True,False,0,0,0.0,projective_distortions,iphone_xr
photo/images/est_id/05.jpg,photo,est_id,NATIONAL_ID,05,True,False,0,0,0.0,projective_distortions,iphone_xr
photo/images/est_id/06.jpg,photo,est_id,NATIONAL_ID,06,True,False,0,0,0.0,projective_distortions,iphone_xr
photo/images/est_id/07.jpg,photo,est_id,NATIONAL_ID,07,True,False,0,0,0.0,projective_distortions,iphone_xr
photo/images/est_id/08.jpg,photo,est_id,NATIONAL_ID,08,True,False,0,0,0.0,projective_distortions,iphone_xr
photo/images/est_id/09.jpg,photo,est_id,NATIONAL_ID,09,True,False,0,0,0.0,projective_distortions,iphone_xr
photo/images/est_id/10.jpg,photo,est_id,NATIONAL_ID,10,True,False,0,0,0.0,projective_distortions,samsung_s10
photo/images/est_id/11.jpg,photo,est_id,NATIONAL_ID,11,True,False,0,0,0.0,projective_distortions,samsung_s10
photo/images/est_id/12.jpg,photo,est_id,NATIONAL_ID,12,True,False,0,0,0.0,projective_distortions,samsung_s10
photo/images/est_id/13.jpg,photo,est_id,NATIONAL_ID,13,True,False,0,0,0.0,projective_distortions,samsung_s10
photo/images/est_id/14.jpg,photo,est_id,NATIONAL_ID,14,True,False,0,0,0.0,projective_distortions,samsung_s10
photo/images/est_id/15.jpg,photo,est_id,NATIONAL_ID,15,True,False,0,0,0.0,projective_distortions,samsung_s10
photo/images/est_id/16.jpg,photo,est_id,NATIONAL_ID,16,True,False,0,0,0.0,projective_distortions,samsung_s10
photo/images/est_id/17.jpg,photo,est_id,NATIONAL_ID,17,True,False,0,0,0.0,projective_distortions,samsung_s10
photo/images/est_id/18.jpg,photo,est_id,NATIONAL_ID,18,True,False,0,0,0.0,projective_distortions,samsung_s10
photo/images/est_id/19.jpg,photo,est_id,NATIONAL_ID,19,True,False,0,0,0.0,projective_distortions,samsung_s10
photo/images/est_id/20.jpg,photo,est_id,NATIONAL_ID,20,True,False,0,0,0.0,text_documents_background,iphone_xr
photo/images/est_id/21.jpg,photo,est_id,NATIONAL_ID,21,True,False,0,0,0.0,text_documents_background,iphone_xr
photo/images/est_id/22.jpg,photo,est_id,NATIONAL_ID,22,True,False,0,0,0.0,text_documents_background,iphone_xr
photo/images/est_id/23.jpg,photo,est_id,NATIONAL_ID,23,True,False,0,0,0.0,text_documents_background,iphone_xr
photo/images/est_id/24.jpg,photo,est_id,NATIONAL_ID,24,True,False,0,0,0.0,text_documents_background,iphone_xr
photo/images/est_id/25.jpg,photo,est_id,NATIONAL_ID,25,True,False,0,0,0.0,text_documents_background,samsung_s10
photo/images/est_id/26.jpg,photo,est_id,NATIONAL_ID,26,True,False,0,0,0.0,text_documents_background,samsung_s10
photo/images/est_id/27.jpg,photo,est_id,NATIONAL_ID,27,True,False,0,0,0.0,text_documents_background,samsung_s10
photo/images/est_id/28.jpg,photo,est_id,NATIONAL_ID,28,True,False,0,0,0.0,text_documents_background,samsung_s10
photo/images/est_id/29.jpg,photo,est_id,NATIONAL_ID,29,True,False,0,0,0.0,text_documents_background,samsung_s10
photo/images/est_id/30.jpg,photo,est_id,NATIONAL_ID,30,True,False,0,0,0.0,keyboard_background,iphone_xr
photo/images/est_id/31.jpg,photo,est_id,NATIONAL_ID,31,True,False,0,0,0.0,keyboard_background,iphone_xr
photo/images/est_id/32.jpg,photo,est_id,NATIONAL_ID,32,True,False,0,0,0.0,keyboard_background,iphone_xr
photo/images/est_id/33.jpg,photo,est_id,NATIONAL_ID,33,True,False,0,0,0.0,keyboard_background,iphone_xr
photo/images/est_id/34.jpg,photo,est_id,NATIONAL_ID,34,True,False,0,0,0.0,keyboard_background,iphone_xr
photo/images/est_id/35.jpg,photo,est_id,NATIONAL_ID,35,True,False,0,0,0.0,keyboard_background,samsung_s10
photo/images/est_id/36.jpg,photo,est_id,NATIONAL_ID,36,True,False,0,0,0.0,keyboard_background,samsung_s10
photo/images/est_id/37.jpg,photo,est_id,NATIONAL_ID,37,True,False,0,0,0.0,keyboard_background,samsung_s10
photo/images/est_id/38.jpg,photo,est_id,NATIONAL_ID,38,True,False,0,0,0.0,keyboard_background,samsung_s10
photo/images/est_id/39.jpg,photo,est_id,NATIONAL_ID,39,True,False,0,0,0.0,keyboard_background,samsung_s10
photo/images/est_id/40.jpg,photo,est_id,NATIONAL_ID,40,True,False,0,0,0.0,natural_lighting_outdoors,iphone_xr
photo/images/est_id/41.jpg,photo,est_id,NATIONAL_ID,41,True,False,0,0,0.0,natural_lighting_outdoors,iphone_xr
photo/images/est_id/42.jpg,photo,est_id,NATIONAL_ID,42,True,False,0,0,0.0,natural_lighting_outdoors,iphone_xr
photo/images/est_id/43.jpg,photo,est_id,NATIONAL_ID,43,True,False,0,0,0.0,natural_lighting_outdoors,iphone_xr
photo/images/est_id/44.jpg,photo,est_id,NATIONAL_ID,44,True,False,0,0,0.0,natural_lighting_outdoors,iphone_xr
photo/images/est_id/45.jpg,photo,est_id,NATIONAL_ID,45,True,False,0,0,0.0,natural_lighting_outdoors,samsung_s10
photo/images/est_id/46.jpg,photo,est_id,NATIONAL_ID,46,True,False,0,0,0.0,natural_lighting_outdoors,samsung_s10
photo/images/est_id/47.jpg,photo,est_id,NATIONAL_ID,47,True,False,0,0,0.0,natural_lighting_outdoors,samsung_s10
photo/images/est_id/48.jpg,photo,est_id,NATIONAL_ID,48,True,False,0,0,0.0,natural_lighting_outdoors,samsung_s10
photo/images/est_id/49.jpg,photo,est_id,NATIONAL_ID,49,True,False,0,0,0.0,natural_lighting_outdoors,samsung_s10
photo/images/est_id/50.jpg,photo,est_id,NATIONAL_ID,50,True,False,0,0,0.0,table_background,iphone_xr
photo/images/est_id/51.jpg,photo,est_id,NATIONAL_ID,51,True,False,0,0,0.0,table_background,iphone_xr
photo/images/est_id/52.jpg,photo,est_id,NATIONAL_ID,52,True,False,0,0,0.0,table_background,iphone_xr
photo/images/est_id/53.jpg,photo,est_id,NATIONAL_ID,53,True,False,0,0,0.0,table_background,iphone_xr
photo/images/est_id/54.jpg,photo,est_id,NATIONAL_ID,54,True,False,0,0,0.0,table_background,iphone_xr
photo/images/est_id/55.jpg,photo,est_id,NATIONAL_ID,55,True,False,0,0,0.0,table_background,samsung_s10
photo/images/est_id/56.jpg,photo,est_id,NATIONAL_ID,56,True,False,0,0,0.0,table_background,samsung_s10
photo/images/est_id/57.jpg,photo,est_id,NATIONAL_ID,57,True,False,0,0,0.0,table_background,samsung_s10
photo/images/est_id/58.jpg,photo,est_id,NATIONAL_ID,58,True,False,0,0,0.0,table_background,samsung_s10
photo/images/est_id/59.jpg,photo,est_id,NATIONAL_ID,59,True,False,0,0,0.0,table_background,samsung_s10
photo/images/est_id/60.jpg,photo,est_id,NATIONAL_ID,60,True,False,0,0,0.0,highlight_glare_present,iphone_xr
photo/images/est_id/61.jpg,photo,est_id,NATIONAL_ID,61,True,False,0,0,0.0,highlight_glare_present,iphone_xr
photo/images/est_id/62.jpg,photo,est_id,NATIONAL_ID,62,True,False,0,0,0.0,highlight_glare_present,iphone_xr
photo/images/est_id/63.jpg,photo,est_id,NATIONAL_ID,63,True,False,0,0,0.0,highlight_glare_present,iphone_xr
photo/images/est_id/64.jpg,photo,est_id,NATIONAL_ID,64,True,False,0,0,0.0,highlight_glare_present,iphone_xr
photo/images/est_id/65.jpg,photo,est_id,NATIONAL_ID,65,True,False,0,0,0.0,highlight_glare_present,samsung_s10
photo/images/est_id/66.jpg,photo,est_id,NATIONAL_ID,66,True,False,0,0,0.0,highlight_glare_present,samsung_s10
photo/images/est_id/67.jpg,photo,est_id,NATIONAL_ID,67,True,False,0,0,0.0,highlight_glare_present,samsung_s10
photo/images/est_id/68.jpg,photo,est_id,NATIONAL_ID,68,True,False,0,0,0.0,highlight_glare_present,samsung_s10
photo/images/est_id/69.jpg,photo,est_id,NATIONAL_ID,69,True,False,0,0,0.0,highlight_glare_present,samsung_s10
photo/images/est_id/70.jpg,photo,est_id,NATIONAL_ID,70,False,False,0,0,0.0,low_lighting,iphone_xr
photo/images/est_id/71.jpg,photo,est_id,NATIONAL_ID,71,False,False,0,0,0.0,low_lighting,iphone_xr
photo/images/est_id/72.jpg,photo,est_id,NATIONAL_ID,72,False,False,0,0,0.0,low_lighting,iphone_xr
photo/images/est_id/73.jpg,photo,est_id,NATIONAL_ID,73,False,False,0,0,0.0,low_lighting,iphone_xr
photo/images/est_id/74.jpg,photo,est_id,NATIONAL_ID,74,False,False,0,0,0.0,low_lighting,iphone_xr
photo/images/est_id/75.jpg,photo,est_id,NATIONAL_ID,75,False,False,0,0,0.0,low_lighting,iphone_xr
photo/images/est_id/76.jpg,photo,est_id,NATIONAL_ID,76,False,False,0,0,0.0,low_lighting,iphone_xr
photo/images/est_id/77.jpg,photo,est_id,NATIONAL_ID,77,False,False,0,0,0.0,low_lighting,iphone_xr
photo/images/est_id/78.jpg,photo,est_id,NATIONAL_ID,78,False,False,0,0,0.0,low_lighting,iphone_xr
photo/images/est_id/79.jpg,photo,est_id,NATIONAL_ID,79,False,False,0,0,0.0,low_lighting,iphone_xr
photo/images/est_id/80.jpg,photo,est_id,NATIONAL_ID,80,True,False,0,0,0.0,low_lighting,samsung_s10
photo/images/est_id/81.jpg,photo,est_id,NATIONAL_ID,81,True,False,0,0,0.0,low_lighting,samsung_s10
photo/images/est_id/82.jpg,photo,est_id,NATIONAL_ID,82,False,False,0,0,0.0,low_lighting,samsung_s10
photo/images/est_id/83.jpg,photo,est_id,NATIONAL_ID,83,False,False,0,0,0.0,low_lighting,samsung_s10
photo/images/est_id/84.jpg,photo,est_id,NATIONAL_ID,84,True,False,0,0,0.0,low_lighting,samsung_s10
photo/images/est_id/85.jpg,photo,est_id,NATIONAL_ID,85,True,False,0,0,0.0,low_lighting,samsung_s10
photo/images/est_id/86.jpg,photo,est_id,NATIONAL_ID,86,False,False,0,0,0.0,low_lighting,samsung_s10
photo/images/est_id/87.jpg,photo,est_id,NATIONAL_ID,87,False,False,0,0,0.0,low_lighting,samsung_s10
photo/images/est_id/88.jpg,photo,est_id,NATIONAL_ID,88,False,False,0,0,0.0,low_lighting,samsung_s10
photo/images/est_id/89.jpg,photo,est_id,NATIONAL_ID,89,False,False,0,0,0.0,low_lighting,samsung_s10
photo/images/est_id/90.jpg,photo,est_id,NATIONAL_ID,90,False,False,0,0,0.0,cloth_background,iphone_xr
photo/images/est_id/91.jpg,photo,est_id,NATIONAL_ID,91,True,False,0,0,0.0,cloth_background,iphone_xr
photo/images/est_id/92.jpg,photo,est_id,NATIONAL_ID,92,True,False,0,0,0.0,cloth_background,iphone_xr
photo/images/est_id/93.jpg,photo,est_id,NATIONAL_ID,93,True,False,0,0,0.0,cloth_background,iphone_xr
photo/images/est_id/94.jpg,photo,est_id,NATIONAL_ID,94,True,False,0,0,0.0,cloth_background,iphone_xr
photo/images/est_id/95.jpg,photo,est_id,NATIONAL_ID,95,True,False,0,0,0.0,cloth_background,samsung_s10
photo/images/est_id/96.jpg,photo,est_id,NATIONAL_ID,96,True,False,0,0,0.0,cloth_background,samsung_s10
photo/images/est_id/97.jpg,photo,est_id,NATIONAL_ID,97,True,False,0,0,0.0,cloth_background,samsung_s10
photo/images/est_id/98.jpg,photo,est_id,NATIONAL_ID,98,True,False,0,0,0.0,cloth_background,samsung_s10
photo/images/est_id/99.jpg,photo,est_id,NATIONAL_ID,99,False,False,0,0,0.0,cloth_background,samsung_s10
photo/images/fin_id/00.jpg,photo,fin_id,NATIONAL_ID,00,True,False,0,0,0.0,projective_distortions,iphone_xr
photo/images/fin_id/01.jpg,photo,fin_id,NATIONAL_ID,01,True,False,0,0,0.0,projective_distortions,iphone_xr
photo/images/fin_id/02.jpg,photo,fin_id,NATIONAL_ID,02,True,False,0,0,0.0,projective_distortions,iphone_xr
photo/images/fin_id/03.jpg,photo,fin_id,NATIONAL_ID,03,True,False,0,0,0.0,projective_distortions,iphone_xr
photo/images/fin_id/04.jpg,photo,fin_id,NATIONAL_ID,04,False,False,0,0,0.0,projective_distortions,iphone_xr
photo/images/fin_id/05.jpg,photo,fin_id,NATIONAL_ID,05,True,False,0,0,0.0,projective_distortions,iphone_xr
photo/images/fin_id/06.jpg,photo,fin_id,NATIONAL_ID,06,False,False,0,0,0.0,projective_distortions,iphone_xr
photo/images/fin_id/07.jpg,photo,fin_id,NATIONAL_ID,07,True,False,0,0,0.0,projective_distortions,iphone_xr
photo/images/fin_id/08.jpg,photo,fin_id,NATIONAL_ID,08,False,False,0,0,0.0,projective_distortions,iphone_xr
photo/images/fin_id/09.jpg,photo,fin_id,NATIONAL_ID,09,True,False,0,0,0.0,projective_distortions,iphone_xr
photo/images/fin_id/10.jpg,photo,fin_id,NATIONAL_ID,10,True,False,0,0,0.0,projective_distortions,samsung_s10
photo/images/fin_id/11.jpg,photo,fin_id,NATIONAL_ID,11,True,False,0,0,0.0,projective_distortions,samsung_s10
photo/images/fin_id/12.jpg,photo,fin_id,NATIONAL_ID,12,True,False,0,0,0.0,projective_distortions,samsung_s10
photo/images/fin_id/13.jpg,photo,fin_id,NATIONAL_ID,13,True,False,0,0,0.0,projective_distortions,samsung_s10
photo/images/fin_id/14.jpg,photo,fin_id,NATIONAL_ID,14,True,False,0,0,0.0,projective_distortions,samsung_s10
photo/images/fin_id/15.jpg,photo,fin_id,NATIONAL_ID,15,True,False,0,0,0.0,projective_distortions,samsung_s10
photo/images/fin_id/16.jpg,photo,fin_id,NATIONAL_ID,16,True,False,0,0,0.0,projective_distortions,samsung_s10
photo/images/fin_id/17.jpg,photo,fin_id,NATIONAL_ID,17,True,False,0,0,0.0,projective_distortions,samsung_s10
photo/images/fin_id/18.jpg,photo,fin_id,NATIONAL_ID,18,True,False,0,0,0.0,projective_distortions,samsung_s10
photo/images/fin_id/19.jpg,photo,fin_id,NATIONAL_ID,19,True,False,0,0,0.0,projective_distortions,samsung_s10
photo/images/fin_id/20.jpg,photo,fin_id,NATIONAL_ID,20,True,False,0,0,0.0,text_documents_background,iphone_xr
photo/images/fin_id/21.jpg,photo,fin_id,NATIONAL_ID,21,True,False,0,0,0.0,text_documents_background,iphone_xr
photo/images/fin_id/22.jpg,photo,fin_id,NATIONAL_ID,22,True,False,0,0,0.0,text_documents_background,iphone_xr
photo/images/fin_id/23.jpg,photo,fin_id,NATIONAL_ID,23,True,False,0,0,0.0,text_documents_background,iphone_xr
photo/images/fin_id/24.jpg,photo,fin_id,NATIONAL_ID,24,True,False,0,0,0.0,text_documents_background,iphone_xr
photo/images/fin_id/25.jpg,photo,fin_id,NATIONAL_ID,25,True,False,0,0,0.0,text_documents_background,samsung_s10
photo/images/fin_id/26.jpg,photo,fin_id,NATIONAL_ID,26,True,False,0,0,0.0,text_documents_background,samsung_s10
photo/images/fin_id/27.jpg,photo,fin_id,NATIONAL_ID,27,True,False,0,0,0.0,text_documents_background,samsung_s10
photo/images/fin_id/28.jpg,photo,fin_id,NATIONAL_ID,28,True,False,0,0,0.0,text_documents_background,samsung_s10
photo/images/fin_id/29.jpg,photo,fin_id,NATIONAL_ID,29,True,False,0,0,0.0,text_documents_background,samsung_s10
photo/images/fin_id/30.jpg,photo,fin_id,NATIONAL_ID,30,True,False,0,0,0.0,keyboard_background,iphone_xr
photo/images/fin_id/31.jpg,photo,fin_id,NATIONAL_ID,31,True,False,0,0,0.0,keyboard_background,iphone_xr
photo/images/fin_id/32.jpg,photo,fin_id,NATIONAL_ID,32,True,False,0,0,0.0,keyboard_background,iphone_xr
photo/images/fin_id/33.jpg,photo,fin_id,NATIONAL_ID,33,True,False,0,0,0.0,keyboard_background,iphone_xr
photo/images/fin_id/34.jpg,photo,fin_id,NATIONAL_ID,34,True,False,0,0,0.0,keyboard_background,iphone_xr
photo/images/fin_id/35.jpg,photo,fin_id,NATIONAL_ID,35,True,False,0,0,0.0,keyboard_background,samsung_s10
photo/images/fin_id/36.jpg,photo,fin_id,NATIONAL_ID,36,True,False,0,0,0.0,keyboard_background,samsung_s10
photo/images/fin_id/37.jpg,photo,fin_id,NATIONAL_ID,37,True,False,0,0,0.0,keyboard_background,samsung_s10
photo/images/fin_id/38.jpg,photo,fin_id,NATIONAL_ID,38,True,False,0,0,0.0,keyboard_background,samsung_s10
photo/images/fin_id/39.jpg,photo,fin_id,NATIONAL_ID,39,True,False,0,0,0.0,keyboard_background,samsung_s10
photo/images/fin_id/40.jpg,photo,fin_id,NATIONAL_ID,40,True,False,0,0,0.0,natural_lighting_outdoors,iphone_xr
photo/images/fin_id/41.jpg,photo,fin_id,NATIONAL_ID,41,True,False,0,0,0.0,natural_lighting_outdoors,iphone_xr
photo/images/fin_id/42.jpg,photo,fin_id,NATIONAL_ID,42,True,False,0,0,0.0,natural_lighting_outdoors,iphone_xr
photo/images/fin_id/43.jpg,photo,fin_id,NATIONAL_ID,43,True,False,0,0,0.0,natural_lighting_outdoors,iphone_xr
photo/images/fin_id/44.jpg,photo,fin_id,NATIONAL_ID,44,True,False,0,0,0.0,natural_lighting_outdoors,iphone_xr
photo/images/fin_id/45.jpg,photo,fin_id,NATIONAL_ID,45,True,False,0,0,0.0,natural_lighting_outdoors,samsung_s10
photo/images/fin_id/46.jpg,photo,fin_id,NATIONAL_ID,46,True,False,0,0,0.0,natural_lighting_outdoors,samsung_s10
photo/images/fin_id/47.jpg,photo,fin_id,NATIONAL_ID,47,True,False,0,0,0.0,natural_lighting_outdoors,samsung_s10
photo/images/fin_id/48.jpg,photo,fin_id,NATIONAL_ID,48,True,False,0,0,0.0,natural_lighting_outdoors,samsung_s10
photo/images/fin_id/49.jpg,photo,fin_id,NATIONAL_ID,49,True,False,0,0,0.0,natural_lighting_outdoors,samsung_s10
photo/images/fin_id/50.jpg,photo,fin_id,NATIONAL_ID,50,True,False,0,0,0.0,table_background,iphone_xr
photo/images/fin_id/51.jpg,photo,fin_id,NATIONAL_ID,51,True,False,0,0,0.0,table_background,iphone_xr
photo/images/fin_id/52.jpg,photo,fin_id,NATIONAL_ID,52,True,False,0,0,0.0,table_background,iphone_xr
photo/images/fin_id/53.jpg,photo,fin_id,NATIONAL_ID,53,True,False,0,0,0.0,table_background,iphone_xr
photo/images/fin_id/54.jpg,photo,fin_id,NATIONAL_ID,54,True,False,0,0,0.0,table_background,iphone_xr
photo/images/fin_id/55.jpg,photo,fin_id,NATIONAL_ID,55,True,False,0,0,0.0,table_background,samsung_s10
photo/images/fin_id/56.jpg,photo,fin_id,NATIONAL_ID,56,True,False,0,0,0.0,table_background,samsung_s10
photo/images/fin_id/57.jpg,photo,fin_id,NATIONAL_ID,57,True,False,0,0,0.0,table_background,samsung_s10
photo/images/fin_id/58.jpg,photo,fin_id,NATIONAL_ID,58,True,False,0,0,0.0,table_background,samsung_s10
photo/images/fin_id/59.jpg,photo,fin_id,NATIONAL_ID,59,True,False,0,0,0.0,table_background,samsung_s10
photo/images/fin_id/60.jpg,photo,fin_id,NATIONAL_ID,60,True,False,0,0,0.0,highlight_glare_present,iphone_xr
photo/images/fin_id/61.jpg,photo,fin_id,NATIONAL_ID,61,True,False,0,0,0.0,highlight_glare_present,iphone_xr
photo/images/fin_id/62.jpg,photo,fin_id,NATIONAL_ID,62,False,False,0,0,0.0,highlight_glare_present,iphone_xr
photo/images/fin_id/63.jpg,photo,fin_id,NATIONAL_ID,63,True,False,0,0,0.0,highlight_glare_present,iphone_xr
photo/images/fin_id/64.jpg,photo,fin_id,NATIONAL_ID,64,False,False,0,0,0.0,highlight_glare_present,iphone_xr
photo/images/fin_id/65.jpg,photo,fin_id,NATIONAL_ID,65,True,False,0,0,0.0,highlight_glare_present,samsung_s10
photo/images/fin_id/66.jpg,photo,fin_id,NATIONAL_ID,66,True,False,0,0,0.0,highlight_glare_present,samsung_s10
photo/images/fin_id/67.jpg,photo,fin_id,NATIONAL_ID,67,True,False,0,0,0.0,highlight_glare_present,samsung_s10
photo/images/fin_id/68.jpg,photo,fin_id,NATIONAL_ID,68,True,False,0,0,0.0,highlight_glare_present,samsung_s10
photo/images/fin_id/69.jpg,photo,fin_id,NATIONAL_ID,69,True,False,0,0,0.0,highlight_glare_present,samsung_s10
photo/images/fin_id/70.jpg,photo,fin_id,NATIONAL_ID,70,False,False,0,0,0.0,low_lighting,iphone_xr
photo/images/fin_id/71.jpg,photo,fin_id,NATIONAL_ID,71,False,False,0,0,0.0,low_lighting,iphone_xr
photo/images/fin_id/72.jpg,photo,fin_id,NATIONAL_ID,72,False,False,0,0,0.0,low_lighting,iphone_xr
photo/images/fin_id/73.jpg,photo,fin_id,NATIONAL_ID,73,False,False,0,0,0.0,low_lighting,iphone_xr
photo/images/fin_id/74.jpg,photo,fin_id,NATIONAL_ID,74,False,False,0,0,0.0,low_lighting,iphone_xr
photo/images/fin_id/75.jpg,photo,fin_id,NATIONAL_ID,75,False,False,0,0,0.0,low_lighting,iphone_xr
photo/images/fin_id/76.jpg,photo,fin_id,NATIONAL_ID,76,True,False,0,0,0.0,low_lighting,iphone_xr
photo/images/fin_id/77.jpg,photo,fin_id,NATIONAL_ID,77,False,False,0,0,0.0,low_lighting,iphone_xr
photo/images/fin_id/78.jpg,photo,fin_id,NATIONAL_ID,78,False,False,0,0,0.0,low_lighting,iphone_xr
photo/images/fin_id/79.jpg,photo,fin_id,NATIONAL_ID,79,True,False,0,0,0.0,low_lighting,iphone_xr
photo/images/fin_id/80.jpg,photo,fin_id,NATIONAL_ID,80,True,False,0,0,0.0,low_lighting,samsung_s10
photo/images/fin_id/81.jpg,photo,fin_id,NATIONAL_ID,81,False,False,0,0,0.0,low_lighting,samsung_s10
photo/images/fin_id/82.jpg,photo,fin_id,NATIONAL_ID,82,True,False,0,0,0.0,low_lighting,samsung_s10
photo/images/fin_id/83.jpg,photo,fin_id,NATIONAL_ID,83,True,False,0,0,0.0,low_lighting,samsung_s10
photo/images/fin_id/84.jpg,photo,fin_id,NATIONAL_ID,84,True,False,0,0,0.0,low_lighting,samsung_s10
photo/images/fin_id/85.jpg,photo,fin_id,NATIONAL_ID,85,True,False,0,0,0.0,low_lighting,samsung_s10
photo/images/fin_id/86.jpg,photo,fin_id,NATIONAL_ID,86,False,False,0,0,0.0,low_lighting,samsung_s10
photo/images/fin_id/87.jpg,photo,fin_id,NATIONAL_ID,87,False,False,0,0,0.0,low_lighting,samsung_s10
photo/images/fin_id/88.jpg,photo,fin_id,NATIONAL_ID,88,False,False,0,0,0.0,low_lighting,samsung_s10
photo/images/fin_id/89.jpg,photo,fin_id,NATIONAL_ID,89,False,False,0,0,0.0,low_lighting,samsung_s10
photo/images/fin_id/90.jpg,photo,fin_id,NATIONAL_ID,90,True,False,0,0,0.0,cloth_background,iphone_xr
photo/images/fin_id/91.jpg,photo,fin_id,NATIONAL_ID,91,True,False,0,0,0.0,cloth_background,iphone_xr
photo/images/fin_id/92.jpg,photo,fin_id,NATIONAL_ID,92,True,False,0,0,0.0,cloth_background,iphone_xr
photo/images/fin_id/93.jpg,photo,fin_id,NATIONAL_ID,93,True,False,0,0,0.0,cloth_background,iphone_xr
photo/images/fin_id/94.jpg,photo,fin_id,NATIONAL_ID,94,True,False,0,0,0.0,cloth_background,iphone_xr
photo/images/fin_id/95.jpg,photo,fin_id,NATIONAL_ID,95,True,False,0,0,0.0,cloth_background,samsung_s10
photo/images/fin_id/96.jpg,photo,fin_id,NATIONAL_ID,96,True,False,0,0,0.0,cloth_background,samsung_s10
photo/images/fin_id/97.jpg,photo,fin_id,NATIONAL_ID,97,True,False,0,0,0.0,cloth_background,samsung_s10
photo/images/fin_id/98.jpg,photo,fin_id,NATIONAL_ID,98,True,False,0,0,0.0,cloth_background,samsung_s10
photo/images/fin_id/99.jpg,photo,fin_id,NATIONAL_ID,99,True,False,0,0,0.0,cloth_background,samsung_s10
photo/images/grc_passport/00.jpg,photo,grc_passport,TRAVEL_DOCUMENT,00,True,False,0,0,0.0,projective_distortions,iphone_xr
photo/images/grc_passport/01.jpg,photo,grc_passport,TRAVEL_DOCUMENT,01,True,False,0,0,0.0,projective_distortions,iphone_xr
photo/images/grc_passport/02.jpg,photo,grc_passport,TRAVEL_DOCUMENT,02,True,False,0,0,0.0,projective_distortions,iphone_xr
photo/images/grc_passport/03.jpg,photo,grc_passport,TRAVEL_DOCUMENT,03,True,False,0,0,0.0,projective_distortions,iphone_xr
photo/images/grc_passport/04.jpg,photo,grc_passport,TRAVEL_DOCUMENT,04,True,False,0,0,0.0,projective_distortions,iphone_xr
photo/images/grc_passport/05.jpg,photo,grc_passport,TRAVEL_DOCUMENT,05,True,False,0,0,0.0,projective_distortions,iphone_xr
photo/images/grc_passport/06.jpg,photo,grc_passport,TRAVEL_DOCUMENT,06,True,False,0,0,0.0,projective_distortions,iphone_xr
photo/images/grc_passport/07.jpg,photo,grc_passport,TRAVEL_DOCUMENT,07,True,False,0,0,0.0,projective_distortions,iphone_xr
photo/images/grc_passport/08.jpg,photo,grc_passport,TRAVEL_DOCUMENT,08,True,False,0,0,0.0,projective_distortions,iphone_xr
photo/images/grc_passport/09.jpg,photo,grc_passport,TRAVEL_DOCUMENT,09,True,False,0,0,0.0,projective_distortions,iphone_xr
photo/images/grc_passport/10.jpg,photo,grc_passport,TRAVEL_DOCUMENT,10,True,False,0,0,0.0,projective_distortions,samsung_s10
photo/images/grc_passport/11.jpg,photo,grc_passport,TRAVEL_DOCUMENT,11,True,False,0,0,0.0,projective_distortions,samsung_s10
photo/images/grc_passport/12.jpg,photo,grc_passport,TRAVEL_DOCUMENT,12,True,False,0,0,0.0,projective_distortions,samsung_s10
photo/images/grc_passport/13.jpg,photo,grc_passport,TRAVEL_DOCUMENT,13,True,False,0,0,0.0,projective_distortions,samsung_s10
photo/images/grc_passport/14.jpg,photo,grc_passport,TRAVEL_DOCUMENT,14,True,False,0,0,0.0,projective_distortions,samsung_s10
photo/images/grc_passport/15.jpg,photo,grc_passport,TRAVEL_DOCUMENT,15,True,False,0,0,0.0,projective_distortions,samsung_s10
photo/images/grc_passport/16.jpg,photo,grc_passport,TRAVEL_DOCUMENT,16,True,False,0,0,0.0,projective_distortions,samsung_s10
photo/images/grc_passport/17.jpg,photo,grc_passport,TRAVEL_DOCUMENT,17,True,False,0,0,0.0,projective_distortions,samsung_s10
photo/images/grc_passport/18.jpg,photo,grc_passport,TRAVEL_DOCUMENT,18,True,False,0,0,0.0,projective_distortions,samsung_s10
photo/images/grc_passport/19.jpg,photo,grc_passport,TRAVEL_DOCUMENT,19,True,False,0,0,0.0,projective_distortions,samsung_s10
photo/images/grc_passport/20.jpg,photo,grc_passport,TRAVEL_DOCUMENT,20,True,False,0,0,0.0,text_documents_background,iphone_xr
photo/images/grc_passport/21.jpg,photo,grc_passport,TRAVEL_DOCUMENT,21,True,False,0,0,0.0,text_documents_background,iphone_xr
photo/images/grc_passport/22.jpg,photo,grc_passport,TRAVEL_DOCUMENT,22,True,False,0,0,0.0,text_documents_background,iphone_xr
photo/images/grc_passport/23.jpg,photo,grc_passport,TRAVEL_DOCUMENT,23,True,False,0,0,0.0,text_documents_background,iphone_xr
photo/images/grc_passport/24.jpg,photo,grc_passport,TRAVEL_DOCUMENT,24,True,False,0,0,0.0,text_documents_background,iphone_xr
photo/images/grc_passport/25.jpg,photo,grc_passport,TRAVEL_DOCUMENT,25,True,False,0,0,0.0,text_documents_background,samsung_s10
photo/images/grc_passport/26.jpg,photo,grc_passport,TRAVEL_DOCUMENT,26,True,False,0,0,0.0,text_documents_background,samsung_s10
photo/images/grc_passport/27.jpg,photo,grc_passport,TRAVEL_DOCUMENT,27,True,False,0,0,0.0,text_documents_background,samsung_s10
photo/images/grc_passport/28.jpg,photo,grc_passport,TRAVEL_DOCUMENT,28,True,False,0,0,0.0,text_documents_background,samsung_s10
photo/images/grc_passport/29.jpg,photo,grc_passport,TRAVEL_DOCUMENT,29,True,False,0,0,0.0,text_documents_background,samsung_s10
photo/images/grc_passport/30.jpg,photo,grc_passport,TRAVEL_DOCUMENT,30,True,False,0,0,0.0,keyboard_background,iphone_xr
photo/images/grc_passport/31.jpg,photo,grc_passport,TRAVEL_DOCUMENT,31,True,False,0,0,0.0,keyboard_background,iphone_xr
photo/images/grc_passport/32.jpg,photo,grc_passport,TRAVEL_DOCUMENT,32,True,False,0,0,0.0,keyboard_background,iphone_xr
photo/images/grc_passport/33.jpg,photo,grc_passport,TRAVEL_DOCUMENT,33,True,False,0,0,0.0,keyboard_background,iphone_xr
photo/images/grc_passport/34.jpg,photo,grc_passport,TRAVEL_DOCUMENT,34,True,False,0,0,0.0,keyboard_background,iphone_xr
photo/images/grc_passport/35.jpg,photo,grc_passport,TRAVEL_DOCUMENT,35,True,False,0,0,0.0,keyboard_background,samsung_s10
photo/images/grc_passport/36.jpg,photo,grc_passport,TRAVEL_DOCUMENT,36,True,False,0,0,0.0,keyboard_background,samsung_s10
photo/images/grc_passport/37.jpg,photo,grc_passport,TRAVEL_DOCUMENT,37,True,False,0,0,0.0,keyboard_background,samsung_s10
photo/images/grc_passport/38.jpg,photo,grc_passport,TRAVEL_DOCUMENT,38,True,False,0,0,0.0,keyboard_background,samsung_s10
photo/images/grc_passport/39.jpg,photo,grc_passport,TRAVEL_DOCUMENT,39,True,False,0,0,0.0,keyboard_background,samsung_s10
photo/images/grc_passport/40.jpg,photo,grc_passport,TRAVEL_DOCUMENT,40,True,False,0,0,0.0,natural_lighting_outdoors,iphone_xr
photo/images/grc_passport/41.jpg,photo,grc_passport,TRAVEL_DOCUMENT,41,True,False,0,0,0.0,natural_lighting_outdoors,iphone_xr
photo/images/grc_passport/42.jpg,photo,grc_passport,TRAVEL_DOCUMENT,42,True,False,0,0,0.0,natural_lighting_outdoors,iphone_xr
photo/images/grc_passport/43.jpg,photo,grc_passport,TRAVEL_DOCUMENT,43,True,False,0,0,0.0,natural_lighting_outdoors,iphone_xr
photo/images/grc_passport/44.jpg,photo,grc_passport,TRAVEL_DOCUMENT,44,True,False,0,0,0.0,natural_lighting_outdoors,iphone_xr
photo/images/grc_passport/45.jpg,photo,grc_passport,TRAVEL_DOCUMENT,45,True,False,0,0,0.0,natural_lighting_outdoors,samsung_s10
photo/images/grc_passport/46.jpg,photo,grc_passport,TRAVEL_DOCUMENT,46,True,False,0,0,0.0,natural_lighting_outdoors,samsung_s10
photo/images/grc_passport/47.jpg,photo,grc_passport,TRAVEL_DOCUMENT,47,True,False,0,0,0.0,natural_lighting_outdoors,samsung_s10
photo/images/grc_passport/48.jpg,photo,grc_passport,TRAVEL_DOCUMENT,48,True,False,0,0,0.0,natural_lighting_outdoors,samsung_s10
photo/images/grc_passport/49.jpg,photo,grc_passport,TRAVEL_DOCUMENT,49,True,False,0,0,0.0,natural_lighting_outdoors,samsung_s10
photo/images/grc_passport/50.jpg,photo,grc_passport,TRAVEL_DOCUMENT,50,True,False,0,0,0.0,table_background,iphone_xr
photo/images/grc_passport/51.jpg,photo,grc_passport,TRAVEL_DOCUMENT,51,True,False,0,0,0.0,table_background,iphone_xr
photo/images/grc_passport/52.jpg,photo,grc_passport,TRAVEL_DOCUMENT,52,True,False,0,0,0.0,table_background,iphone_xr
photo/images/grc_passport/53.jpg,photo,grc_passport,TRAVEL_DOCUMENT,53,True,False,0,0,0.0,table_background,iphone_xr
photo/images/grc_passport/54.jpg,photo,grc_passport,TRAVEL_DOCUMENT,54,True,False,0,0,0.0,table_background,iphone_xr
photo/images/grc_passport/55.jpg,photo,grc_passport,TRAVEL_DOCUMENT,55,True,False,0,0,0.0,table_background,samsung_s10
photo/images/grc_passport/56.jpg,photo,grc_passport,TRAVEL_DOCUMENT,56,True,False,0,0,0.0,table_background,samsung_s10
photo/images/grc_passport/57.jpg,photo,grc_passport,TRAVEL_DOCUMENT,57,True,False,0,0,0.0,table_background,samsung_s10
photo/images/grc_passport/58.jpg,photo,grc_passport,TRAVEL_DOCUMENT,58,True,False,0,0,0.0,table_background,samsung_s10
photo/images/grc_passport/59.jpg,photo,grc_passport,TRAVEL_DOCUMENT,59,True,False,0,0,0.0,table_background,samsung_s10
photo/images/grc_passport/60.jpg,photo,grc_passport,TRAVEL_DOCUMENT,60,True,False,0,0,0.0,highlight_glare_present,iphone_xr
photo/images/grc_passport/61.jpg,photo,grc_passport,TRAVEL_DOCUMENT,61,True,False,0,0,0.0,highlight_glare_present,iphone_xr
photo/images/grc_passport/62.jpg,photo,grc_passport,TRAVEL_DOCUMENT,62,True,False,0,0,0.0,highlight_glare_present,iphone_xr
photo/images/grc_passport/63.jpg,photo,grc_passport,TRAVEL_DOCUMENT,63,True,False,0,0,0.0,highlight_glare_present,iphone_xr
photo/images/grc_passport/64.jpg,photo,grc_passport,TRAVEL_DOCUMENT,64,True,False,0,0,0.0,highlight_glare_present,iphone_xr
photo/images/grc_passport/65.jpg,photo,grc_passport,TRAVEL_DOCUMENT,65,True,False,0,0,0.0,highlight_glare_present,samsung_s10
photo/images/grc_passport/66.jpg,photo,grc_passport,TRAVEL_DOCUMENT,66,True,False,0,0,0.0,highlight_glare_present,samsung_s10
photo/images/grc_passport/67.jpg,photo,grc_passport,TRAVEL_DOCUMENT,67,True,False,0,0,0.0,highlight_glare_present,samsung_s10
photo/images/grc_passport/68.jpg,photo,grc_passport,TRAVEL_DOCUMENT,68,True,False,0,0,0.0,highlight_glare_present,samsung_s10
photo/images/grc_passport/69.jpg,photo,grc_passport,TRAVEL_DOCUMENT,69,True,False,0,0,0.0,highlight_glare_present,samsung_s10
photo/images/grc_passport/70.jpg,photo,grc_passport,TRAVEL_DOCUMENT,70,False,False,0,0,0.0,low_lighting,iphone_xr
photo/images/grc_passport/71.jpg,photo,grc_passport,TRAVEL_DOCUMENT,71,False,False,0,0,0.0,low_lighting,iphone_xr
photo/images/grc_passport/72.jpg,photo,grc_passport,TRAVEL_DOCUMENT,72,False,False,0,0,0.0,low_lighting,iphone_xr
photo/images/grc_passport/73.jpg,photo,grc_passport,TRAVEL_DOCUMENT,73,False,False,0,0,0.0,low_lighting,iphone_xr
photo/images/grc_passport/74.jpg,photo,grc_passport,TRAVEL_DOCUMENT,74,True,False,0,0,0.0,low_lighting,iphone_xr
photo/images/grc_passport/75.jpg,photo,grc_passport,TRAVEL_DOCUMENT,75,False,False,0,0,0.0,low_lighting,iphone_xr
photo/images/grc_passport/76.jpg,photo,grc_passport,TRAVEL_DOCUMENT,76,False,False,0,0,0.0,low_lighting,iphone_xr
photo/images/grc_passport/77.jpg,photo,grc_passport,TRAVEL_DOCUMENT,77,True,False,0,0,0.0,low_lighting,iphone_xr
photo/images/grc_passport/78.jpg,photo,grc_passport,TRAVEL_DOCUMENT,78,False,False,0,0,0.0,low_lighting,iphone_xr
photo/images/grc_passport/79.jpg,photo,grc_passport,TRAVEL_DOCUMENT,79,True,False,0,0,0.0,low_lighting,iphone_xr
photo/images/grc_passport/80.jpg,photo,grc_passport,TRAVEL_DOCUMENT,80,True,False,0,0,0.0,low_lighting,samsung_s10
photo/images/grc_passport/81.jpg,photo,grc_passport,TRAVEL_DOCUMENT,81,True,False,0,0,0.0,low_lighting,samsung_s10
photo/images/grc_passport/82.jpg,photo,grc_passport,TRAVEL_DOCUMENT,82,False,False,0,0,0.0,low_lighting,samsung_s10
photo/images/grc_passport/83.jpg,photo,grc_passport,TRAVEL_DOCUMENT,83,False,False,0,0,0.0,low_lighting,samsung_s10
photo/images/grc_passport/84.jpg,photo,grc_passport,TRAVEL_DOCUMENT,84,True,False,0,0,0.0,low_lighting,samsung_s10
photo/images/grc_passport/85.jpg,photo,grc_passport,TRAVEL_DOCUMENT,85,True,False,0,0,0.0,low_lighting,samsung_s10
photo/images/grc_passport/86.jpg,photo,grc_passport,TRAVEL_DOCUMENT,86,True,False,0,0,0.0,low_lighting,samsung_s10
photo/images/grc_passport/87.jpg,photo,grc_passport,TRAVEL_DOCUMENT,87,True,False,0,0,0.0,low_lighting,samsung_s10
photo/images/grc_passport/88.jpg,photo,grc_passport,TRAVEL_DOCUMENT,88,True,False,0,0,0.0,low_lighting,samsung_s10
photo/images/grc_passport/89.jpg,photo,grc_passport,TRAVEL_DOCUMENT,89,True,False,0,0,0.0,low_lighting,samsung_s10
photo/images/grc_passport/90.jpg,photo,grc_passport,TRAVEL_DOCUMENT,90,True,False,0,0,0.0,cloth_background,iphone_xr
photo/images/grc_passport/91.jpg,photo,grc_passport,TRAVEL_DOCUMENT,91,True,False,0,0,0.0,cloth_background,iphone_xr
photo/images/grc_passport/92.jpg,photo,grc_passport,TRAVEL_DOCUMENT,92,True,False,0,0,0.0,cloth_background,iphone_xr
photo/images/grc_passport/93.jpg,photo,grc_passport,TRAVEL_DOCUMENT,93,True,False,0,0,0.0,cloth_background,iphone_xr
photo/images/grc_passport/94.jpg,photo,grc_passport,TRAVEL_DOCUMENT,94,True,False,0,0,0.0,cloth_background,iphone_xr
photo/images/grc_passport/95.jpg,photo,grc_passport,TRAVEL_DOCUMENT,95,True,False,0,0,0.0,cloth_background,samsung_s10
photo/images/grc_passport/96.jpg,photo,grc_passport,TRAVEL_DOCUMENT,96,True,False,0,0,0.0,cloth_background,samsung_s10
photo/images/grc_passport/97.jpg,photo,grc_passport,TRAVEL_DOCUMENT,97,True,False,0,0,0.0,cloth_background,samsung_s10
photo/images/grc_passport/98.jpg,photo,grc_passport,TRAVEL_DOCUMENT,98,True,False,0,0,0.0,cloth_background,samsung_s10
photo/images/grc_passport/99.jpg,photo,grc_passport,TRAVEL_DOCUMENT,99,True,False,0,0,0.0,cloth_background,samsung_s10
photo/images/lva_passport/00.jpg,photo,lva_passport,TRAVEL_DOCUMENT,00,True,False,0,0,0.0,projective_distortions,iphone_xr
photo/images/lva_passport/01.jpg,photo,lva_passport,TRAVEL_DOCUMENT,01,True,False,0,0,0.0,projective_distortions,iphone_xr
photo/images/lva_passport/02.jpg,photo,lva_passport,TRAVEL_DOCUMENT,02,True,False,0,0,0.0,projective_distortions,iphone_xr
photo/images/lva_passport/03.jpg,photo,lva_passport,TRAVEL_DOCUMENT,03,True,False,0,0,0.0,projective_distortions,iphone_xr
photo/images/lva_passport/04.jpg,photo,lva_passport,TRAVEL_DOCUMENT,04,True,False,0,0,0.0,projective_distortions,iphone_xr
photo/images/lva_passport/05.jpg,photo,lva_passport,TRAVEL_DOCUMENT,05,True,False,0,0,0.0,projective_distortions,iphone_xr
photo/images/lva_passport/06.jpg,photo,lva_passport,TRAVEL_DOCUMENT,06,True,False,0,0,0.0,projective_distortions,iphone_xr
photo/images/lva_passport/07.jpg,photo,lva_passport,TRAVEL_DOCUMENT,07,True,False,0,0,0.0,projective_distortions,iphone_xr
photo/images/lva_passport/08.jpg,photo,lva_passport,TRAVEL_DOCUMENT,08,True,False,0,0,0.0,projective_distortions,iphone_xr
photo/images/lva_passport/09.jpg,photo,lva_passport,TRAVEL_DOCUMENT,09,True,False,0,0,0.0,projective_distortions,iphone_xr
photo/images/lva_passport/10.jpg,photo,lva_passport,TRAVEL_DOCUMENT,10,True,False,0,0,0.0,projective_distortions,samsung_s10
photo/images/lva_passport/11.jpg,photo,lva_passport,TRAVEL_DOCUMENT,11,True,False,0,0,0.0,projective_distortions,samsung_s10
photo/images/lva_passport/12.jpg,photo,lva_passport,TRAVEL_DOCUMENT,12,True,False,0,0,0.0,projective_distortions,samsung_s10
photo/images/lva_passport/13.jpg,photo,lva_passport,TRAVEL_DOCUMENT,13,True,False,0,0,0.0,projective_distortions,samsung_s10
photo/images/lva_passport/14.jpg,photo,lva_passport,TRAVEL_DOCUMENT,14,True,False,0,0,0.0,projective_distortions,samsung_s10
photo/images/lva_passport/15.jpg,photo,lva_passport,TRAVEL_DOCUMENT,15,True,False,0,0,0.0,projective_distortions,samsung_s10
photo/images/lva_passport/16.jpg,photo,lva_passport,TRAVEL_DOCUMENT,16,True,False,0,0,0.0,projective_distortions,samsung_s10
photo/images/lva_passport/17.jpg,photo,lva_passport,TRAVEL_DOCUMENT,17,True,False,0,0,0.0,projective_distortions,samsung_s10
photo/images/lva_passport/18.jpg,photo,lva_passport,TRAVEL_DOCUMENT,18,True,False,0,0,0.0,projective_distortions,samsung_s10
photo/images/lva_passport/19.jpg,photo,lva_passport,TRAVEL_DOCUMENT,19,True,False,0,0,0.0,projective_distortions,samsung_s10
photo/images/lva_passport/20.jpg,photo,lva_passport,TRAVEL_DOCUMENT,20,True,False,0,0,0.0,text_documents_background,iphone_xr
photo/images/lva_passport/21.jpg,photo,lva_passport,TRAVEL_DOCUMENT,21,True,False,0,0,0.0,text_documents_background,iphone_xr
photo/images/lva_passport/22.jpg,photo,lva_passport,TRAVEL_DOCUMENT,22,True,False,0,0,0.0,text_documents_background,iphone_xr
photo/images/lva_passport/23.jpg,photo,lva_passport,TRAVEL_DOCUMENT,23,True,False,0,0,0.0,text_documents_background,iphone_xr
photo/images/lva_passport/24.jpg,photo,lva_passport,TRAVEL_DOCUMENT,24,True,False,0,0,0.0,text_documents_background,iphone_xr
photo/images/lva_passport/25.jpg,photo,lva_passport,TRAVEL_DOCUMENT,25,True,False,0,0,0.0,text_documents_background,samsung_s10
photo/images/lva_passport/26.jpg,photo,lva_passport,TRAVEL_DOCUMENT,26,True,False,0,0,0.0,text_documents_background,samsung_s10
photo/images/lva_passport/27.jpg,photo,lva_passport,TRAVEL_DOCUMENT,27,True,False,0,0,0.0,text_documents_background,samsung_s10
photo/images/lva_passport/28.jpg,photo,lva_passport,TRAVEL_DOCUMENT,28,True,False,0,0,0.0,text_documents_background,samsung_s10
photo/images/lva_passport/29.jpg,photo,lva_passport,TRAVEL_DOCUMENT,29,True,False,0,0,0.0,text_documents_background,samsung_s10
photo/images/lva_passport/30.jpg,photo,lva_passport,TRAVEL_DOCUMENT,30,True,False,0,0,0.0,keyboard_background,iphone_xr
photo/images/lva_passport/31.jpg,photo,lva_passport,TRAVEL_DOCUMENT,31,True,False,0,0,0.0,keyboard_background,iphone_xr
photo/images/lva_passport/32.jpg,photo,lva_passport,TRAVEL_DOCUMENT,32,True,False,0,0,0.0,keyboard_background,iphone_xr
photo/images/lva_passport/33.jpg,photo,lva_passport,TRAVEL_DOCUMENT,33,True,False,0,0,0.0,keyboard_background,iphone_xr
photo/images/lva_passport/34.jpg,photo,lva_passport,TRAVEL_DOCUMENT,34,True,False,0,0,0.0,keyboard_background,iphone_xr
photo/images/lva_passport/35.jpg,photo,lva_passport,TRAVEL_DOCUMENT,35,True,False,0,0,0.0,keyboard_background,samsung_s10
photo/images/lva_passport/36.jpg,photo,lva_passport,TRAVEL_DOCUMENT,36,True,False,0,0,0.0,keyboard_background,samsung_s10
photo/images/lva_passport/37.jpg,photo,lva_passport,TRAVEL_DOCUMENT,37,True,False,0,0,0.0,keyboard_background,samsung_s10
photo/images/lva_passport/38.jpg,photo,lva_passport,TRAVEL_DOCUMENT,38,True,False,0,0,0.0,keyboard_background,samsung_s10
photo/images/lva_passport/39.jpg,photo,lva_passport,TRAVEL_DOCUMENT,39,True,False,0,0,0.0,keyboard_background,samsung_s10
photo/images/lva_passport/40.jpg,photo,lva_passport,TRAVEL_DOCUMENT,40,True,False,0,0,0.0,natural_lighting_outdoors,iphone_xr
photo/images/lva_passport/41.jpg,photo,lva_passport,TRAVEL_DOCUMENT,41,True,False,0,0,0.0,natural_lighting_outdoors,iphone_xr
photo/images/lva_passport/42.jpg,photo,lva_passport,TRAVEL_DOCUMENT,42,True,False,0,0,0.0,natural_lighting_outdoors,iphone_xr
photo/images/lva_passport/43.jpg,photo,lva_passport,TRAVEL_DOCUMENT,43,True,False,0,0,0.0,natural_lighting_outdoors,iphone_xr
photo/images/lva_passport/44.jpg,photo,lva_passport,TRAVEL_DOCUMENT,44,True,False,0,0,0.0,natural_lighting_outdoors,iphone_xr
photo/images/lva_passport/45.jpg,photo,lva_passport,TRAVEL_DOCUMENT,45,True,False,0,0,0.0,natural_lighting_outdoors,samsung_s10
photo/images/lva_passport/46.jpg,photo,lva_passport,TRAVEL_DOCUMENT,46,True,False,0,0,0.0,natural_lighting_outdoors,samsung_s10
photo/images/lva_passport/47.jpg,photo,lva_passport,TRAVEL_DOCUMENT,47,True,False,0,0,0.0,natural_lighting_outdoors,samsung_s10
photo/images/lva_passport/48.jpg,photo,lva_passport,TRAVEL_DOCUMENT,48,True,False,0,0,0.0,natural_lighting_outdoors,samsung_s10
photo/images/lva_passport/49.jpg,photo,lva_passport,TRAVEL_DOCUMENT,49,True,False,0,0,0.0,natural_lighting_outdoors,samsung_s10
photo/images/lva_passport/50.jpg,photo,lva_passport,TRAVEL_DOCUMENT,50,True,False,0,0,0.0,table_background,iphone_xr
photo/images/lva_passport/51.jpg,photo,lva_passport,TRAVEL_DOCUMENT,51,True,False,0,0,0.0,table_background,iphone_xr
photo/images/lva_passport/52.jpg,photo,lva_passport,TRAVEL_DOCUMENT,52,True,False,0,0,0.0,table_background,iphone_xr
photo/images/lva_passport/53.jpg,photo,lva_passport,TRAVEL_DOCUMENT,53,True,False,0,0,0.0,table_background,iphone_xr
photo/images/lva_passport/54.jpg,photo,lva_passport,TRAVEL_DOCUMENT,54,True,False,0,0,0.0,table_background,iphone_xr
photo/images/lva_passport/55.jpg,photo,lva_passport,TRAVEL_DOCUMENT,55,True,False,0,0,0.0,table_background,samsung_s10
photo/images/lva_passport/56.jpg,photo,lva_passport,TRAVEL_DOCUMENT,56,True,False,0,0,0.0,table_background,samsung_s10
photo/images/lva_passport/57.jpg,photo,lva_passport,TRAVEL_DOCUMENT,57,True,False,0,0,0.0,table_background,samsung_s10
photo/images/lva_passport/58.jpg,photo,lva_passport,TRAVEL_DOCUMENT,58,True,False,0,0,0.0,table_background,samsung_s10
photo/images/lva_passport/59.jpg,photo,lva_passport,TRAVEL_DOCUMENT,59,True,False,0,0,0.0,table_background,samsung_s10
photo/images/lva_passport/60.jpg,photo,lva_passport,TRAVEL_DOCUMENT,60,True,False,0,0,0.0,highlight_glare_present,iphone_xr
photo/images/lva_passport/61.jpg,photo,lva_passport,TRAVEL_DOCUMENT,61,True,False,0,0,0.0,highlight_glare_present,iphone_xr
photo/images/lva_passport/62.jpg,photo,lva_passport,TRAVEL_DOCUMENT,62,True,False,0,0,0.0,highlight_glare_present,iphone_xr
photo/images/lva_passport/63.jpg,photo,lva_passport,TRAVEL_DOCUMENT,63,True,False,0,0,0.0,highlight_glare_present,iphone_xr
photo/images/lva_passport/64.jpg,photo,lva_passport,TRAVEL_DOCUMENT,64,True,False,0,0,0.0,highlight_glare_present,iphone_xr
photo/images/lva_passport/65.jpg,photo,lva_passport,TRAVEL_DOCUMENT,65,True,False,0,0,0.0,highlight_glare_present,samsung_s10
photo/images/lva_passport/66.jpg,photo,lva_passport,TRAVEL_DOCUMENT,66,True,False,0,0,0.0,highlight_glare_present,samsung_s10
photo/images/lva_passport/67.jpg,photo,lva_passport,TRAVEL_DOCUMENT,67,True,False,0,0,0.0,highlight_glare_present,samsung_s10
photo/images/lva_passport/68.jpg,photo,lva_passport,TRAVEL_DOCUMENT,68,True,False,0,0,0.0,highlight_glare_present,samsung_s10
photo/images/lva_passport/69.jpg,photo,lva_passport,TRAVEL_DOCUMENT,69,True,False,0,0,0.0,highlight_glare_present,samsung_s10
photo/images/lva_passport/70.jpg,photo,lva_passport,TRAVEL_DOCUMENT,70,False,False,0,0,0.0,low_lighting,iphone_xr
photo/images/lva_passport/71.jpg,photo,lva_passport,TRAVEL_DOCUMENT,71,False,False,0,0,0.0,low_lighting,iphone_xr
photo/images/lva_passport/72.jpg,photo,lva_passport,TRAVEL_DOCUMENT,72,False,False,0,0,0.0,low_lighting,iphone_xr
photo/images/lva_passport/73.jpg,photo,lva_passport,TRAVEL_DOCUMENT,73,False,False,0,0,0.0,low_lighting,iphone_xr
photo/images/lva_passport/74.jpg,photo,lva_passport,TRAVEL_DOCUMENT,74,False,False,0,0,0.0,low_lighting,iphone_xr
photo/images/lva_passport/75.jpg,photo,lva_passport,TRAVEL_DOCUMENT,75,True,False,0,0,0.0,low_lighting,iphone_xr
photo/images/lva_passport/76.jpg,photo,lva_passport,TRAVEL_DOCUMENT,76,False,False,0,0,0.0,low_lighting,iphone_xr
photo/images/lva_passport/77.jpg,photo,lva_passport,TRAVEL_DOCUMENT,77,False,False,0,0,0.0,low_lighting,iphone_xr
photo/images/lva_passport/78.jpg,photo,lva_passport,TRAVEL_DOCUMENT,78,False,False,0,0,0.0,low_lighting,iphone_xr
photo/images/lva_passport/79.jpg,photo,lva_passport,TRAVEL_DOCUMENT,79,True,False,0,0,0.0,low_lighting,iphone_xr
photo/images/lva_passport/80.jpg,photo,lva_passport,TRAVEL_DOCUMENT,80,True,False,0,0,0.0,low_lighting,samsung_s10
photo/images/lva_passport/81.jpg,photo,lva_passport,TRAVEL_DOCUMENT,81,True,False,0,0,0.0,low_lighting,samsung_s10
photo/images/lva_passport/82.jpg,photo,lva_passport,TRAVEL_DOCUMENT,82,True,False,0,0,0.0,low_lighting,samsung_s10
photo/images/lva_passport/83.jpg,photo,lva_passport,TRAVEL_DOCUMENT,83,True,False,0,0,0.0,low_lighting,samsung_s10
photo/images/lva_passport/84.jpg,photo,lva_passport,TRAVEL_DOCUMENT,84,True,False,0,0,0.0,low_lighting,samsung_s10
photo/images/lva_passport/85.jpg,photo,lva_passport,TRAVEL_DOCUMENT,85,True,False,0,0,0.0,low_lighting,samsung_s10
photo/images/lva_passport/86.jpg,photo,lva_passport,TRAVEL_DOCUMENT,86,False,False,0,0,0.0,low_lighting,samsung_s10
photo/images/lva_passport/87.jpg,photo,lva_passport,TRAVEL_DOCUMENT,87,True,False,0,0,0.0,low_lighting,samsung_s10
photo/images/lva_passport/88.jpg,photo,lva_passport,TRAVEL_DOCUMENT,88,False,False,0,0,0.0,low_lighting,samsung_s10
photo/images/lva_passport/89.jpg,photo,lva_passport,TRAVEL_DOCUMENT,89,False,False,0,0,0.0,low_lighting,samsung_s10
photo/images/lva_passport/90.jpg,photo,lva_passport,TRAVEL_DOCUMENT,90,True,False,0,0,0.0,cloth_background,iphone_xr
photo/images/lva_passport/91.jpg,photo,lva_passport,TRAVEL_DOCUMENT,91,True,False,0,0,0.0,cloth_background,iphone_xr
photo/images/lva_passport/92.jpg,photo,lva_passport,TRAVEL_DOCUMENT,92,True,False,0,0,0.0,cloth_background,iphone_xr
photo/images/lva_passport/93.jpg,photo,lva_passport,TRAVEL_DOCUMENT,93,True,False,0,0,0.0,cloth_background,iphone_xr
photo/images/lva_passport/94.jpg,photo,lva_passport,TRAVEL_DOCUMENT,94,True,False,0,0,0.0,cloth_background,iphone_xr
photo/images/lva_passport/95.jpg,photo,lva_passport,TRAVEL_DOCUMENT,95,True,False,0,0,0.0,cloth_background,samsung_s10
photo/images/lva_passport/96.jpg,photo,lva_passport,TRAVEL_DOCUMENT,96,True,False,0,0,0.0,cloth_background,samsung_s10
photo/images/lva_passport/97.jpg,photo,lva_passport,TRAVEL_DOCUMENT,97,True,False,0,0,0.0,cloth_background,samsung_s10
photo/images/lva_passport/98.jpg,photo,lva_passport,TRAVEL_DOCUMENT,98,True,False,0,0,0.0,cloth_background,samsung_s10
photo/images/lva_passport/99.jpg,photo,lva_passport,TRAVEL_DOCUMENT,99,True,False,0,0,0.0,cloth_background,samsung_s10
photo/images/rus_internalpassport/00.jpg,photo,rus_internalpassport,TRAVEL_DOCUMENT,00,True,False,0,0,0.0,projective_distortions,iphone_xr
photo/images/rus_internalpassport/01.jpg,photo,rus_internalpassport,TRAVEL_DOCUMENT,01,True,False,0,0,0.0,projective_distortions,iphone_xr
photo/images/rus_internalpassport/02.jpg,photo,rus_internalpassport,TRAVEL_DOCUMENT,02,True,False,0,0,0.0,projective_distortions,iphone_xr
photo/images/rus_internalpassport/03.jpg,photo,rus_internalpassport,TRAVEL_DOCUMENT,03,True,False,0,0,0.0,projective_distortions,iphone_xr
photo/images/rus_internalpassport/04.jpg,photo,rus_internalpassport,TRAVEL_DOCUMENT,04,True,False,0,0,0.0,projective_distortions,iphone_xr
photo/images/rus_internalpassport/05.jpg,photo,rus_internalpassport,TRAVEL_DOCUMENT,05,True,False,0,0,0.0,projective_distortions,iphone_xr
photo/images/rus_internalpassport/06.jpg,photo,rus_internalpassport,TRAVEL_DOCUMENT,06,True,False,0,0,0.0,projective_distortions,iphone_xr
photo/images/rus_internalpassport/07.jpg,photo,rus_internalpassport,TRAVEL_DOCUMENT,07,True,False,0,0,0.0,projective_distortions,iphone_xr
photo/images/rus_internalpassport/08.jpg,photo,rus_internalpassport,TRAVEL_DOCUMENT,08,True,False,0,0,0.0,projective_distortions,iphone_xr
photo/images/rus_internalpassport/09.jpg,photo,rus_internalpassport,TRAVEL_DOCUMENT,09,True,False,0,0,0.0,projective_distortions,iphone_xr
photo/images/rus_internalpassport/10.jpg,photo,rus_internalpassport,TRAVEL_DOCUMENT,10,True,False,0,0,0.0,projective_distortions,samsung_s10
photo/images/rus_internalpassport/11.jpg,photo,rus_internalpassport,TRAVEL_DOCUMENT,11,True,False,0,0,0.0,projective_distortions,samsung_s10
photo/images/rus_internalpassport/12.jpg,photo,rus_internalpassport,TRAVEL_DOCUMENT,12,True,False,0,0,0.0,projective_distortions,samsung_s10
photo/images/rus_internalpassport/13.jpg,photo,rus_internalpassport,TRAVEL_DOCUMENT,13,True,False,0,0,0.0,projective_distortions,samsung_s10
photo/images/rus_internalpassport/14.jpg,photo,rus_internalpassport,TRAVEL_DOCUMENT,14,True,False,0,0,0.0,projective_distortions,samsung_s10
photo/images/rus_internalpassport/15.jpg,photo,rus_internalpassport,TRAVEL_DOCUMENT,15,True,False,0,0,0.0,projective_distortions,samsung_s10
photo/images/rus_internalpassport/16.jpg,photo,rus_internalpassport,TRAVEL_DOCUMENT,16,True,False,0,0,0.0,projective_distortions,samsung_s10
photo/images/rus_internalpassport/17.jpg,photo,rus_internalpassport,TRAVEL_DOCUMENT,17,False,False,0,0,0.0,projective_distortions,samsung_s10
photo/images/rus_internalpassport/18.jpg,photo,rus_internalpassport,TRAVEL_DOCUMENT,18,True,False,0,0,0.0,projective_distortions,samsung_s10
photo/images/rus_internalpassport/19.jpg,photo,rus_internalpassport,TRAVEL_DOCUMENT,19,True,False,0,0,0.0,projective_distortions,samsung_s10
photo/images/rus_internalpassport/20.jpg,photo,rus_internalpassport,TRAVEL_DOCUMENT,20,True,False,0,0,0.0,text_documents_background,iphone_xr
photo/images/rus_internalpassport/21.jpg,photo,rus_internalpassport,TRAVEL_DOCUMENT,21,True,False,0,0,0.0,text_documents_background,iphone_xr
photo/images/rus_internalpassport/22.jpg,photo,rus_internalpassport,TRAVEL_DOCUMENT,22,True,False,0,0,0.0,text_documents_background,iphone_xr
photo/images/rus_internalpassport/23.jpg,photo,rus_internalpassport,TRAVEL_DOCUMENT,23,True,False,0,0,0.0,text_documents_background,iphone_xr
photo/images/rus_internalpassport/24.jpg,photo,rus_internalpassport,TRAVEL_DOCUMENT,24,True,False,0,0,0.0,text_documents_background,iphone_xr
photo/images/rus_internalpassport/25.jpg,photo,rus_internalpassport,TRAVEL_DOCUMENT,25,True,False,0,0,0.0,text_documents_background,samsung_s10
photo/images/rus_internalpassport/26.jpg,photo,rus_internalpassport,TRAVEL_DOCUMENT,26,True,False,0,0,0.0,text_documents_background,samsung_s10
photo/images/rus_internalpassport/27.jpg,photo,rus_internalpassport,TRAVEL_DOCUMENT,27,True,False,0,0,0.0,text_documents_background,samsung_s10
photo/images/rus_internalpassport/28.jpg,photo,rus_internalpassport,TRAVEL_DOCUMENT,28,True,False,0,0,0.0,text_documents_background,samsung_s10
photo/images/rus_internalpassport/29.jpg,photo,rus_internalpassport,TRAVEL_DOCUMENT,29,True,False,0,0,0.0,text_documents_background,samsung_s10
photo/images/rus_internalpassport/30.jpg,photo,rus_internalpassport,TRAVEL_DOCUMENT,30,True,False,0,0,0.0,keyboard_background,iphone_xr
photo/images/rus_internalpassport/31.jpg,photo,rus_internalpassport,TRAVEL_DOCUMENT,31,True,False,0,0,0.0,keyboard_background,iphone_xr
photo/images/rus_internalpassport/32.jpg,photo,rus_internalpassport,TRAVEL_DOCUMENT,32,True,False,0,0,0.0,keyboard_background,iphone_xr
photo/images/rus_internalpassport/33.jpg,photo,rus_internalpassport,TRAVEL_DOCUMENT,33,True,False,0,0,0.0,keyboard_background,iphone_xr
photo/images/rus_internalpassport/34.jpg,photo,rus_internalpassport,TRAVEL_DOCUMENT,34,True,False,0,0,0.0,keyboard_background,iphone_xr
photo/images/rus_internalpassport/35.jpg,photo,rus_internalpassport,TRAVEL_DOCUMENT,35,True,False,0,0,0.0,keyboard_background,samsung_s10
photo/images/rus_internalpassport/36.jpg,photo,rus_internalpassport,TRAVEL_DOCUMENT,36,True,False,0,0,0.0,keyboard_background,samsung_s10
photo/images/rus_internalpassport/37.jpg,photo,rus_internalpassport,TRAVEL_DOCUMENT,37,True,False,0,0,0.0,keyboard_background,samsung_s10
photo/images/rus_internalpassport/38.jpg,photo,rus_internalpassport,TRAVEL_DOCUMENT,38,True,False,0,0,0.0,keyboard_background,samsung_s10
photo/images/rus_internalpassport/39.jpg,photo,rus_internalpassport,TRAVEL_DOCUMENT,39,True,False,0,0,0.0,keyboard_background,samsung_s10
photo/images/rus_internalpassport/40.jpg,photo,rus_internalpassport,TRAVEL_DOCUMENT,40,True,False,0,0,0.0,natural_lighting_outdoors,iphone_xr
photo/images/rus_internalpassport/41.jpg,photo,rus_internalpassport,TRAVEL_DOCUMENT,41,True,False,0,0,0.0,natural_lighting_outdoors,iphone_xr
photo/images/rus_internalpassport/42.jpg,photo,rus_internalpassport,TRAVEL_DOCUMENT,42,True,False,0,0,0.0,natural_lighting_outdoors,iphone_xr
photo/images/rus_internalpassport/43.jpg,photo,rus_internalpassport,TRAVEL_DOCUMENT,43,True,False,0,0,0.0,natural_lighting_outdoors,iphone_xr
photo/images/rus_internalpassport/44.jpg,photo,rus_internalpassport,TRAVEL_DOCUMENT,44,True,False,0,0,0.0,natural_lighting_outdoors,iphone_xr
photo/images/rus_internalpassport/45.jpg,photo,rus_internalpassport,TRAVEL_DOCUMENT,45,True,False,0,0,0.0,natural_lighting_outdoors,samsung_s10
photo/images/rus_internalpassport/46.jpg,photo,rus_internalpassport,TRAVEL_DOCUMENT,46,True,False,0,0,0.0,natural_lighting_outdoors,samsung_s10
photo/images/rus_internalpassport/47.jpg,photo,rus_internalpassport,TRAVEL_DOCUMENT,47,True,False,0,0,0.0,natural_lighting_outdoors,samsung_s10
photo/images/rus_internalpassport/48.jpg,photo,rus_internalpassport,TRAVEL_DOCUMENT,48,True,False,0,0,0.0,natural_lighting_outdoors,samsung_s10
photo/images/rus_internalpassport/49.jpg,photo,rus_internalpassport,TRAVEL_DOCUMENT,49,True,False,0,0,0.0,natural_lighting_outdoors,samsung_s10
photo/images/rus_internalpassport/50.jpg,photo,rus_internalpassport,TRAVEL_DOCUMENT,50,True,False,0,0,0.0,table_background,iphone_xr
photo/images/rus_internalpassport/51.jpg,photo,rus_internalpassport,TRAVEL_DOCUMENT,51,True,False,0,0,0.0,table_background,iphone_xr
photo/images/rus_internalpassport/52.jpg,photo,rus_internalpassport,TRAVEL_DOCUMENT,52,True,False,0,0,0.0,table_background,iphone_xr
photo/images/rus_internalpassport/53.jpg,photo,rus_internalpassport,TRAVEL_DOCUMENT,53,True,False,0,0,0.0,table_background,iphone_xr
photo/images/rus_internalpassport/54.jpg,photo,rus_internalpassport,TRAVEL_DOCUMENT,54,True,False,0,0,0.0,table_background,iphone_xr
photo/images/rus_internalpassport/55.jpg,photo,rus_internalpassport,TRAVEL_DOCUMENT,55,True,False,0,0,0.0,table_background,samsung_s10
photo/images/rus_internalpassport/56.jpg,photo,rus_internalpassport,TRAVEL_DOCUMENT,56,True,False,0,0,0.0,table_background,samsung_s10
photo/images/rus_internalpassport/57.jpg,photo,rus_internalpassport,TRAVEL_DOCUMENT,57,True,False,0,0,0.0,table_background,samsung_s10
photo/images/rus_internalpassport/58.jpg,photo,rus_internalpassport,TRAVEL_DOCUMENT,58,True,False,0,0,0.0,table_background,samsung_s10
photo/images/rus_internalpassport/59.jpg,photo,rus_internalpassport,TRAVEL_DOCUMENT,59,True,False,0,0,0.0,table_background,samsung_s10
photo/images/rus_internalpassport/60.jpg,photo,rus_internalpassport,TRAVEL_DOCUMENT,60,True,False,0,0,0.0,highlight_glare_present,iphone_xr
photo/images/rus_internalpassport/61.jpg,photo,rus_internalpassport,TRAVEL_DOCUMENT,61,True,False,0,0,0.0,highlight_glare_present,iphone_xr
photo/images/rus_internalpassport/62.jpg,photo,rus_internalpassport,TRAVEL_DOCUMENT,62,True,False,0,0,0.0,highlight_glare_present,iphone_xr
photo/images/rus_internalpassport/63.jpg,photo,rus_internalpassport,TRAVEL_DOCUMENT,63,True,False,0,0,0.0,highlight_glare_present,iphone_xr
photo/images/rus_internalpassport/64.jpg,photo,rus_internalpassport,TRAVEL_DOCUMENT,64,True,False,0,0,0.0,highlight_glare_present,iphone_xr
photo/images/rus_internalpassport/65.jpg,photo,rus_internalpassport,TRAVEL_DOCUMENT,65,True,False,0,0,0.0,highlight_glare_present,samsung_s10
photo/images/rus_internalpassport/66.jpg,photo,rus_internalpassport,TRAVEL_DOCUMENT,66,True,False,0,0,0.0,highlight_glare_present,samsung_s10
photo/images/rus_internalpassport/67.jpg,photo,rus_internalpassport,TRAVEL_DOCUMENT,67,True,False,0,0,0.0,highlight_glare_present,samsung_s10
photo/images/rus_internalpassport/68.jpg,photo,rus_internalpassport,TRAVEL_DOCUMENT,68,True,False,0,0,0.0,highlight_glare_present,samsung_s10
photo/images/rus_internalpassport/69.jpg,photo,rus_internalpassport,TRAVEL_DOCUMENT,69,True,False,0,0,0.0,highlight_glare_present,samsung_s10
photo/images/rus_internalpassport/70.jpg,photo,rus_internalpassport,TRAVEL_DOCUMENT,70,False,False,0,0,0.0,low_lighting,iphone_xr
photo/images/rus_internalpassport/71.jpg,photo,rus_internalpassport,TRAVEL_DOCUMENT,71,False,False,0,0,0.0,low_lighting,iphone_xr
photo/images/rus_internalpassport/72.jpg,photo,rus_internalpassport,TRAVEL_DOCUMENT,72,False,False,0,0,0.0,low_lighting,iphone_xr
photo/images/rus_internalpassport/73.jpg,photo,rus_internalpassport,TRAVEL_DOCUMENT,73,True,False,0,0,0.0,low_lighting,iphone_xr
photo/images/rus_internalpassport/74.jpg,photo,rus_internalpassport,TRAVEL_DOCUMENT,74,False,False,0,0,0.0,low_lighting,iphone_xr
photo/images/rus_internalpassport/75.jpg,photo,rus_internalpassport,TRAVEL_DOCUMENT,75,False,False,0,0,0.0,low_lighting,iphone_xr
photo/images/rus_internalpassport/76.jpg,photo,rus_internalpassport,TRAVEL_DOCUMENT,76,False,False,0,0,0.0,low_lighting,iphone_xr
photo/images/rus_internalpassport/77.jpg,photo,rus_internalpassport,TRAVEL_DOCUMENT,77,True,False,0,0,0.0,low_lighting,iphone_xr
photo/images/rus_internalpassport/78.jpg,photo,rus_internalpassport,TRAVEL_DOCUMENT,78,False,False,0,0,0.0,low_lighting,iphone_xr
photo/images/rus_internalpassport/79.jpg,photo,rus_internalpassport,TRAVEL_DOCUMENT,79,False,False,0,0,0.0,low_lighting,iphone_xr
photo/images/rus_internalpassport/80.jpg,photo,rus_internalpassport,TRAVEL_DOCUMENT,80,False,False,0,0,0.0,low_lighting,samsung_s10
photo/images/rus_internalpassport/81.jpg,photo,rus_internalpassport,TRAVEL_DOCUMENT,81,False,False,0,0,0.0,low_lighting,samsung_s10
photo/images/rus_internalpassport/82.jpg,photo,rus_internalpassport,TRAVEL_DOCUMENT,82,False,False,0,0,0.0,low_lighting,samsung_s10
photo/images/rus_internalpassport/83.jpg,photo,rus_internalpassport,TRAVEL_DOCUMENT,83,False,False,0,0,0.0,low_lighting,samsung_s10
photo/images/rus_internalpassport/84.jpg,photo,rus_internalpassport,TRAVEL_DOCUMENT,84,False,False,0,0,0.0,low_lighting,samsung_s10
photo/images/rus_internalpassport/85.jpg,photo,rus_internalpassport,TRAVEL_DOCUMENT,85,False,False,0,0,0.0,low_lighting,samsung_s10
photo/images/rus_internalpassport/86.jpg,photo,rus_internalpassport,TRAVEL_DOCUMENT,86,False,False,0,0,0.0,low_lighting,samsung_s10
photo/images/rus_internalpassport/87.jpg,photo,rus_internalpassport,TRAVEL_DOCUMENT,87,False,False,0,0,0.0,low_lighting,samsung_s10
photo/images/rus_internalpassport/88.jpg,photo,rus_internalpassport,TRAVEL_DOCUMENT,88,False,False,0,0,0.0,low_lighting,samsung_s10
photo/images/rus_internalpassport/89.jpg,photo,rus_internalpassport,TRAVEL_DOCUMENT,89,False,False,0,0,0.0,low_lighting,samsung_s10
photo/images/rus_internalpassport/90.jpg,photo,rus_internalpassport,TRAVEL_DOCUMENT,90,True,False,0,0,0.0,cloth_background,iphone_xr
photo/images/rus_internalpassport/91.jpg,photo,rus_internalpassport,TRAVEL_DOCUMENT,91,True,False,0,0,0.0,cloth_background,iphone_xr
photo/images/rus_internalpassport/92.jpg,photo,rus_internalpassport,TRAVEL_DOCUMENT,92,True,False,0,0,0.0,cloth_background,iphone_xr
photo/images/rus_internalpassport/93.jpg,photo,rus_internalpassport,TRAVEL_DOCUMENT,93,True,False,0,0,0.0,cloth_background,iphone_xr
photo/images/rus_internalpassport/94.jpg,photo,rus_internalpassport,TRAVEL_DOCUMENT,94,True,False,0,0,0.0,cloth_background,iphone_xr
photo/images/rus_internalpassport/95.jpg,photo,rus_internalpassport,TRAVEL_DOCUMENT,95,True,False,0,0,0.0,cloth_background,samsung_s10
photo/images/rus_internalpassport/96.jpg,photo,rus_internalpassport,TRAVEL_DOCUMENT,96,True,False,0,0,0.0,cloth_background,samsung_s10
photo/images/rus_internalpassport/97.jpg,photo,rus_internalpassport,TRAVEL_DOCUMENT,97,True,False,0,0,0.0,cloth_background,samsung_s10
photo/images/rus_internalpassport/98.jpg,photo,rus_internalpassport,TRAVEL_DOCUMENT,98,True,False,0,0,0.0,cloth_background,samsung_s10
photo/images/rus_internalpassport/99.jpg,photo,rus_internalpassport,TRAVEL_DOCUMENT,99,True,False,0,0,0.0,cloth_background,samsung_s10
photo/images/srb_passport/00.jpg,photo,srb_passport,TRAVEL_DOCUMENT,00,True,False,0,0,0.0,projective_distortions,iphone_xr
photo/images/srb_passport/01.jpg,photo,srb_passport,TRAVEL_DOCUMENT,01,True,False,0,0,0.0,projective_distortions,iphone_xr
photo/images/srb_passport/02.jpg,photo,srb_passport,TRAVEL_DOCUMENT,02,True,False,0,0,0.0,projective_distortions,iphone_xr
photo/images/srb_passport/03.jpg,photo,srb_passport,TRAVEL_DOCUMENT,03,True,False,0,0,0.0,projective_distortions,iphone_xr
photo/images/srb_passport/04.jpg,photo,srb_passport,TRAVEL_DOCUMENT,04,True,False,0,0,0.0,projective_distortions,iphone_xr
photo/images/srb_passport/05.jpg,photo,srb_passport,TRAVEL_DOCUMENT,05,True,False,0,0,0.0,projective_distortions,iphone_xr
photo/images/srb_passport/06.jpg,photo,srb_passport,TRAVEL_DOCUMENT,06,True,False,0,0,0.0,projective_distortions,iphone_xr
photo/images/srb_passport/07.jpg,photo,srb_passport,TRAVEL_DOCUMENT,07,True,False,0,0,0.0,projective_distortions,iphone_xr
photo/images/srb_passport/08.jpg,photo,srb_passport,TRAVEL_DOCUMENT,08,True,False,0,0,0.0,projective_distortions,iphone_xr
photo/images/srb_passport/09.jpg,photo,srb_passport,TRAVEL_DOCUMENT,09,True,False,0,0,0.0,projective_distortions,iphone_xr
photo/images/srb_passport/10.jpg,photo,srb_passport,TRAVEL_DOCUMENT,10,True,False,0,0,0.0,projective_distortions,samsung_s10
photo/images/srb_passport/11.jpg,photo,srb_passport,TRAVEL_DOCUMENT,11,True,False,0,0,0.0,projective_distortions,samsung_s10
photo/images/srb_passport/12.jpg,photo,srb_passport,TRAVEL_DOCUMENT,12,True,False,0,0,0.0,projective_distortions,samsung_s10
photo/images/srb_passport/13.jpg,photo,srb_passport,TRAVEL_DOCUMENT,13,True,False,0,0,0.0,projective_distortions,samsung_s10
photo/images/srb_passport/14.jpg,photo,srb_passport,TRAVEL_DOCUMENT,14,True,False,0,0,0.0,projective_distortions,samsung_s10
photo/images/srb_passport/15.jpg,photo,srb_passport,TRAVEL_DOCUMENT,15,True,False,0,0,0.0,projective_distortions,samsung_s10
photo/images/srb_passport/16.jpg,photo,srb_passport,TRAVEL_DOCUMENT,16,True,False,0,0,0.0,projective_distortions,samsung_s10
photo/images/srb_passport/17.jpg,photo,srb_passport,TRAVEL_DOCUMENT,17,True,False,0,0,0.0,projective_distortions,samsung_s10
photo/images/srb_passport/18.jpg,photo,srb_passport,TRAVEL_DOCUMENT,18,True,False,0,0,0.0,projective_distortions,samsung_s10
photo/images/srb_passport/19.jpg,photo,srb_passport,TRAVEL_DOCUMENT,19,True,False,0,0,0.0,projective_distortions,samsung_s10
photo/images/srb_passport/20.jpg,photo,srb_passport,TRAVEL_DOCUMENT,20,True,False,0,0,0.0,text_documents_background,iphone_xr
photo/images/srb_passport/21.jpg,photo,srb_passport,TRAVEL_DOCUMENT,21,True,False,0,0,0.0,text_documents_background,iphone_xr
photo/images/srb_passport/22.jpg,photo,srb_passport,TRAVEL_DOCUMENT,22,True,False,0,0,0.0,text_documents_background,iphone_xr
photo/images/srb_passport/23.jpg,photo,srb_passport,TRAVEL_DOCUMENT,23,True,False,0,0,0.0,text_documents_background,iphone_xr
photo/images/srb_passport/24.jpg,photo,srb_passport,TRAVEL_DOCUMENT,24,True,False,0,0,0.0,text_documents_background,iphone_xr
photo/images/srb_passport/25.jpg,photo,srb_passport,TRAVEL_DOCUMENT,25,True,False,0,0,0.0,text_documents_background,samsung_s10
photo/images/srb_passport/26.jpg,photo,srb_passport,TRAVEL_DOCUMENT,26,True,False,0,0,0.0,text_documents_background,samsung_s10
photo/images/srb_passport/27.jpg,photo,srb_passport,TRAVEL_DOCUMENT,27,True,False,0,0,0.0,text_documents_background,samsung_s10
photo/images/srb_passport/28.jpg,photo,srb_passport,TRAVEL_DOCUMENT,28,True,False,0,0,0.0,text_documents_background,samsung_s10
photo/images/srb_passport/29.jpg,photo,srb_passport,TRAVEL_DOCUMENT,29,True,False,0,0,0.0,text_documents_background,samsung_s10
photo/images/srb_passport/30.jpg,photo,srb_passport,TRAVEL_DOCUMENT,30,True,False,0,0,0.0,keyboard_background,iphone_xr
photo/images/srb_passport/31.jpg,photo,srb_passport,TRAVEL_DOCUMENT,31,True,False,0,0,0.0,keyboard_background,iphone_xr
photo/images/srb_passport/32.jpg,photo,srb_passport,TRAVEL_DOCUMENT,32,True,False,0,0,0.0,keyboard_background,iphone_xr
photo/images/srb_passport/33.jpg,photo,srb_passport,TRAVEL_DOCUMENT,33,True,False,0,0,0.0,keyboard_background,iphone_xr
photo/images/srb_passport/34.jpg,photo,srb_passport,TRAVEL_DOCUMENT,34,True,False,0,0,0.0,keyboard_background,iphone_xr
photo/images/srb_passport/35.jpg,photo,srb_passport,TRAVEL_DOCUMENT,35,True,False,0,0,0.0,keyboard_background,samsung_s10
photo/images/srb_passport/36.jpg,photo,srb_passport,TRAVEL_DOCUMENT,36,True,False,0,0,0.0,keyboard_background,samsung_s10
photo/images/srb_passport/37.jpg,photo,srb_passport,TRAVEL_DOCUMENT,37,True,False,0,0,0.0,keyboard_background,samsung_s10
photo/images/srb_passport/38.jpg,photo,srb_passport,TRAVEL_DOCUMENT,38,True,False,0,0,0.0,keyboard_background,samsung_s10
photo/images/srb_passport/39.jpg,photo,srb_passport,TRAVEL_DOCUMENT,39,True,False,0,0,0.0,keyboard_background,samsung_s10
photo/images/srb_passport/40.jpg,photo,srb_passport,TRAVEL_DOCUMENT,40,True,False,0,0,0.0,natural_lighting_outdoors,iphone_xr
photo/images/srb_passport/41.jpg,photo,srb_passport,TRAVEL_DOCUMENT,41,True,False,0,0,0.0,natural_lighting_outdoors,iphone_xr
photo/images/srb_passport/42.jpg,photo,srb_passport,TRAVEL_DOCUMENT,42,True,False,0,0,0.0,natural_lighting_outdoors,iphone_xr
photo/images/srb_passport/43.jpg,photo,srb_passport,TRAVEL_DOCUMENT,43,True,False,0,0,0.0,natural_lighting_outdoors,iphone_xr
photo/images/srb_passport/44.jpg,photo,srb_passport,TRAVEL_DOCUMENT,44,True,False,0,0,0.0,natural_lighting_outdoors,iphone_xr
photo/images/srb_passport/45.jpg,photo,srb_passport,TRAVEL_DOCUMENT,45,True,False,0,0,0.0,natural_lighting_outdoors,samsung_s10
photo/images/srb_passport/46.jpg,photo,srb_passport,TRAVEL_DOCUMENT,46,True,False,0,0,0.0,natural_lighting_outdoors,samsung_s10
photo/images/srb_passport/47.jpg,photo,srb_passport,TRAVEL_DOCUMENT,47,True,False,0,0,0.0,natural_lighting_outdoors,samsung_s10
photo/images/srb_passport/48.jpg,photo,srb_passport,TRAVEL_DOCUMENT,48,True,False,0,0,0.0,natural_lighting_outdoors,samsung_s10
photo/images/srb_passport/49.jpg,photo,srb_passport,TRAVEL_DOCUMENT,49,True,False,0,0,0.0,natural_lighting_outdoors,samsung_s10
photo/images/srb_passport/50.jpg,photo,srb_passport,TRAVEL_DOCUMENT,50,True,False,0,0,0.0,table_background,iphone_xr
photo/images/srb_passport/51.jpg,photo,srb_passport,TRAVEL_DOCUMENT,51,True,False,0,0,0.0,table_background,iphone_xr
photo/images/srb_passport/52.jpg,photo,srb_passport,TRAVEL_DOCUMENT,52,True,False,0,0,0.0,table_background,iphone_xr
photo/images/srb_passport/53.jpg,photo,srb_passport,TRAVEL_DOCUMENT,53,True,False,0,0,0.0,table_background,iphone_xr
photo/images/srb_passport/54.jpg,photo,srb_passport,TRAVEL_DOCUMENT,54,True,False,0,0,0.0,table_background,iphone_xr
photo/images/srb_passport/55.jpg,photo,srb_passport,TRAVEL_DOCUMENT,55,True,False,0,0,0.0,table_background,samsung_s10
photo/images/srb_passport/56.jpg,photo,srb_passport,TRAVEL_DOCUMENT,56,True,False,0,0,0.0,table_background,samsung_s10
photo/images/srb_passport/57.jpg,photo,srb_passport,TRAVEL_DOCUMENT,57,True,False,0,0,0.0,table_background,samsung_s10
photo/images/srb_passport/58.jpg,photo,srb_passport,TRAVEL_DOCUMENT,58,True,False,0,0,0.0,table_background,samsung_s10
photo/images/srb_passport/59.jpg,photo,srb_passport,TRAVEL_DOCUMENT,59,True,False,0,0,0.0,table_background,samsung_s10
photo/images/srb_passport/60.jpg,photo,srb_passport,TRAVEL_DOCUMENT,60,True,False,0,0,0.0,highlight_glare_present,iphone_xr
photo/images/srb_passport/61.jpg,photo,srb_passport,TRAVEL_DOCUMENT,61,True,False,0,0,0.0,highlight_glare_present,iphone_xr
photo/images/srb_passport/62.jpg,photo,srb_passport,TRAVEL_DOCUMENT,62,True,False,0,0,0.0,highlight_glare_present,iphone_xr
photo/images/srb_passport/63.jpg,photo,srb_passport,TRAVEL_DOCUMENT,63,True,False,0,0,0.0,highlight_glare_present,iphone_xr
photo/images/srb_passport/64.jpg,photo,srb_passport,TRAVEL_DOCUMENT,64,True,False,0,0,0.0,highlight_glare_present,iphone_xr
photo/images/srb_passport/65.jpg,photo,srb_passport,TRAVEL_DOCUMENT,65,True,False,0,0,0.0,highlight_glare_present,samsung_s10
photo/images/srb_passport/66.jpg,photo,srb_passport,TRAVEL_DOCUMENT,66,True,False,0,0,0.0,highlight_glare_present,samsung_s10
photo/images/srb_passport/67.jpg,photo,srb_passport,TRAVEL_DOCUMENT,67,True,False,0,0,0.0,highlight_glare_present,samsung_s10
photo/images/srb_passport/68.jpg,photo,srb_passport,TRAVEL_DOCUMENT,68,True,False,0,0,0.0,highlight_glare_present,samsung_s10
photo/images/srb_passport/69.jpg,photo,srb_passport,TRAVEL_DOCUMENT,69,True,False,0,0,0.0,highlight_glare_present,samsung_s10
photo/images/srb_passport/70.jpg,photo,srb_passport,TRAVEL_DOCUMENT,70,False,False,0,0,0.0,low_lighting,iphone_xr
photo/images/srb_passport/71.jpg,photo,srb_passport,TRAVEL_DOCUMENT,71,True,False,0,0,0.0,low_lighting,iphone_xr
photo/images/srb_passport/72.jpg,photo,srb_passport,TRAVEL_DOCUMENT,72,False,False,0,0,0.0,low_lighting,iphone_xr
photo/images/srb_passport/73.jpg,photo,srb_passport,TRAVEL_DOCUMENT,73,True,False,0,0,0.0,low_lighting,iphone_xr
photo/images/srb_passport/74.jpg,photo,srb_passport,TRAVEL_DOCUMENT,74,True,False,0,0,0.0,low_lighting,iphone_xr
photo/images/srb_passport/75.jpg,photo,srb_passport,TRAVEL_DOCUMENT,75,True,False,0,0,0.0,low_lighting,iphone_xr
photo/images/srb_passport/76.jpg,photo,srb_passport,TRAVEL_DOCUMENT,76,True,False,0,0,0.0,low_lighting,iphone_xr
photo/images/srb_passport/77.jpg,photo,srb_passport,TRAVEL_DOCUMENT,77,True,False,0,0,0.0,low_lighting,iphone_xr
photo/images/srb_passport/78.jpg,photo,srb_passport,TRAVEL_DOCUMENT,78,True,False,0,0,0.0,low_lighting,iphone_xr
photo/images/srb_passport/79.jpg,photo,srb_passport,TRAVEL_DOCUMENT,79,True,False,0,0,0.0,low_lighting,iphone_xr
photo/images/srb_passport/80.jpg,photo,srb_passport,TRAVEL_DOCUMENT,80,False,False,0,0,0.0,low_lighting,samsung_s10
photo/images/srb_passport/81.jpg,photo,srb_passport,TRAVEL_DOCUMENT,81,True,False,0,0,0.0,low_lighting,samsung_s10
photo/images/srb_passport/82.jpg,photo,srb_passport,TRAVEL_DOCUMENT,82,True,False,0,0,0.0,low_lighting,samsung_s10
photo/images/srb_passport/83.jpg,photo,srb_passport,TRAVEL_DOCUMENT,83,True,False,0,0,0.0,low_lighting,samsung_s10
photo/images/srb_passport/84.jpg,photo,srb_passport,TRAVEL_DOCUMENT,84,False,False,0,0,0.0,low_lighting,samsung_s10
photo/images/srb_passport/85.jpg,photo,srb_passport,TRAVEL_DOCUMENT,85,False,False,0,0,0.0,low_lighting,samsung_s10
photo/images/srb_passport/86.jpg,photo,srb_passport,TRAVEL_DOCUMENT,86,True,False,0,0,0.0,low_lighting,samsung_s10
photo/images/srb_passport/87.jpg,photo,srb_passport,TRAVEL_DOCUMENT,87,False,False,0,0,0.0,low_lighting,samsung_s10
photo/images/srb_passport/88.jpg,photo,srb_passport,TRAVEL_DOCUMENT,88,False,False,0,0,0.0,low_lighting,samsung_s10
photo/images/srb_passport/89.jpg,photo,srb_passport,TRAVEL_DOCUMENT,89,False,False,0,0,0.0,low_lighting,samsung_s10
photo/images/srb_passport/90.jpg,photo,srb_passport,TRAVEL_DOCUMENT,90,True,False,0,0,0.0,cloth_background,iphone_xr
photo/images/srb_passport/91.jpg,photo,srb_passport,TRAVEL_DOCUMENT,91,True,False,0,0,0.0,cloth_background,iphone_xr
photo/images/srb_passport/92.jpg,photo,srb_passport,TRAVEL_DOCUMENT,92,True,False,0,0,0.0,cloth_background,iphone_xr
photo/images/srb_passport/93.jpg,photo,srb_passport,TRAVEL_DOCUMENT,93,True,False,0,0,0.0,cloth_background,iphone_xr
photo/images/srb_passport/94.jpg,photo,srb_passport,TRAVEL_DOCUMENT,94,True,False,0,0,0.0,cloth_background,iphone_xr
photo/images/srb_passport/95.jpg,photo,srb_passport,TRAVEL_DOCUMENT,95,True,False,0,0,0.0,cloth_background,samsung_s10
photo/images/srb_passport/96.jpg,photo,srb_passport,TRAVEL_DOCUMENT,96,True,False,0,0,0.0,cloth_background,samsung_s10
photo/images/srb_passport/97.jpg,photo,srb_passport,TRAVEL_DOCUMENT,97,True,False,0,0,0.0,cloth_background,samsung_s10
photo/images/srb_passport/98.jpg,photo,srb_passport,TRAVEL_DOCUMENT,98,True,False,0,0,0.0,cloth_background,samsung_s10
photo/images/srb_passport/99.jpg,photo,srb_passport,TRAVEL_DOCUMENT,99,True,False,0,0,0.0,cloth_background,samsung_s10
photo/images/svk_id/00.jpg,photo,svk_id,NATIONAL_ID,00,True,False,0,0,0.0,projective_distortions,iphone_xr
photo/images/svk_id/01.jpg,photo,svk_id,NATIONAL_ID,01,True,False,0,0,0.0,projective_distortions,iphone_xr
photo/images/svk_id/02.jpg,photo,svk_id,NATIONAL_ID,02,True,False,0,0,0.0,projective_distortions,iphone_xr
photo/images/svk_id/03.jpg,photo,svk_id,NATIONAL_ID,03,True,False,0,0,0.0,projective_distortions,iphone_xr
photo/images/svk_id/04.jpg,photo,svk_id,NATIONAL_ID,04,True,False,0,0,0.0,projective_distortions,iphone_xr
photo/images/svk_id/05.jpg,photo,svk_id,NATIONAL_ID,05,True,False,0,0,0.0,projective_distortions,iphone_xr
photo/images/svk_id/06.jpg,photo,svk_id,NATIONAL_ID,06,True,False,0,0,0.0,projective_distortions,iphone_xr
photo/images/svk_id/07.jpg,photo,svk_id,NATIONAL_ID,07,True,False,0,0,0.0,projective_distortions,iphone_xr
photo/images/svk_id/08.jpg,photo,svk_id,NATIONAL_ID,08,True,False,0,0,0.0,projective_distortions,iphone_xr
photo/images/svk_id/09.jpg,photo,svk_id,NATIONAL_ID,09,True,False,0,0,0.0,projective_distortions,iphone_xr
photo/images/svk_id/10.jpg,photo,svk_id,NATIONAL_ID,10,True,False,0,0,0.0,projective_distortions,samsung_s10
photo/images/svk_id/11.jpg,photo,svk_id,NATIONAL_ID,11,True,False,0,0,0.0,projective_distortions,samsung_s10
photo/images/svk_id/12.jpg,photo,svk_id,NATIONAL_ID,12,True,False,0,0,0.0,projective_distortions,samsung_s10
photo/images/svk_id/13.jpg,photo,svk_id,NATIONAL_ID,13,True,False,0,0,0.0,projective_distortions,samsung_s10
photo/images/svk_id/14.jpg,photo,svk_id,NATIONAL_ID,14,True,False,0,0,0.0,projective_distortions,samsung_s10
photo/images/svk_id/15.jpg,photo,svk_id,NATIONAL_ID,15,True,False,0,0,0.0,projective_distortions,samsung_s10
photo/images/svk_id/16.jpg,photo,svk_id,NATIONAL_ID,16,True,False,0,0,0.0,projective_distortions,samsung_s10
photo/images/svk_id/17.jpg,photo,svk_id,NATIONAL_ID,17,True,False,0,0,0.0,projective_distortions,samsung_s10
photo/images/svk_id/18.jpg,photo,svk_id,NATIONAL_ID,18,True,False,0,0,0.0,projective_distortions,samsung_s10
photo/images/svk_id/19.jpg,photo,svk_id,NATIONAL_ID,19,True,False,0,0,0.0,projective_distortions,samsung_s10
photo/images/svk_id/20.jpg,photo,svk_id,NATIONAL_ID,20,True,False,0,0,0.0,text_documents_background,iphone_xr
photo/images/svk_id/21.jpg,photo,svk_id,NATIONAL_ID,21,True,False,0,0,0.0,text_documents_background,iphone_xr
photo/images/svk_id/22.jpg,photo,svk_id,NATIONAL_ID,22,True,False,0,0,0.0,text_documents_background,iphone_xr
photo/images/svk_id/23.jpg,photo,svk_id,NATIONAL_ID,23,True,False,0,0,0.0,text_documents_background,iphone_xr
photo/images/svk_id/24.jpg,photo,svk_id,NATIONAL_ID,24,True,False,0,0,0.0,text_documents_background,iphone_xr
photo/images/svk_id/25.jpg,photo,svk_id,NATIONAL_ID,25,True,False,0,0,0.0,text_documents_background,samsung_s10
photo/images/svk_id/26.jpg,photo,svk_id,NATIONAL_ID,26,True,False,0,0,0.0,text_documents_background,samsung_s10
photo/images/svk_id/27.jpg,photo,svk_id,NATIONAL_ID,27,True,False,0,0,0.0,text_documents_background,samsung_s10
photo/images/svk_id/28.jpg,photo,svk_id,NATIONAL_ID,28,True,False,0,0,0.0,text_documents_background,samsung_s10
photo/images/svk_id/29.jpg,photo,svk_id,NATIONAL_ID,29,True,False,0,0,0.0,text_documents_background,samsung_s10
photo/images/svk_id/30.jpg,photo,svk_id,NATIONAL_ID,30,True,False,0,0,0.0,keyboard_background,iphone_xr
photo/images/svk_id/31.jpg,photo,svk_id,NATIONAL_ID,31,True,False,0,0,0.0,keyboard_background,iphone_xr
photo/images/svk_id/32.jpg,photo,svk_id,NATIONAL_ID,32,True,False,0,0,0.0,keyboard_background,iphone_xr
photo/images/svk_id/33.jpg,photo,svk_id,NATIONAL_ID,33,True,False,0,0,0.0,keyboard_background,iphone_xr
photo/images/svk_id/34.jpg,photo,svk_id,NATIONAL_ID,34,True,False,0,0,0.0,keyboard_background,iphone_xr
photo/images/svk_id/35.jpg,photo,svk_id,NATIONAL_ID,35,True,False,0,0,0.0,keyboard_background,samsung_s10
photo/images/svk_id/36.jpg,photo,svk_id,NATIONAL_ID,36,True,False,0,0,0.0,keyboard_background,samsung_s10
photo/images/svk_id/37.jpg,photo,svk_id,NATIONAL_ID,37,True,False,0,0,0.0,keyboard_background,samsung_s10
photo/images/svk_id/38.jpg,photo,svk_id,NATIONAL_ID,38,True,False,0,0,0.0,keyboard_background,samsung_s10
photo/images/svk_id/39.jpg,photo,svk_id,NATIONAL_ID,39,True,False,0,0,0.0,keyboard_background,samsung_s10
photo/images/svk_id/40.jpg,photo,svk_id,NATIONAL_ID,40,True,False,0,0,0.0,natural_lighting_outdoors,iphone_xr
photo/images/svk_id/41.jpg,photo,svk_id,NATIONAL_ID,41,True,False,0,0,0.0,natural_lighting_outdoors,iphone_xr
photo/images/svk_id/42.jpg,photo,svk_id,NATIONAL_ID,42,True,False,0,0,0.0,natural_lighting_outdoors,iphone_xr
photo/images/svk_id/43.jpg,photo,svk_id,NATIONAL_ID,43,True,False,0,0,0.0,natural_lighting_outdoors,iphone_xr
photo/images/svk_id/44.jpg,photo,svk_id,NATIONAL_ID,44,True,False,0,0,0.0,natural_lighting_outdoors,iphone_xr
photo/images/svk_id/45.jpg,photo,svk_id,NATIONAL_ID,45,True,False,0,0,0.0,natural_lighting_outdoors,samsung_s10
photo/images/svk_id/46.jpg,photo,svk_id,NATIONAL_ID,46,True,False,0,0,0.0,natural_lighting_outdoors,samsung_s10
photo/images/svk_id/47.jpg,photo,svk_id,NATIONAL_ID,47,True,False,0,0,0.0,natural_lighting_outdoors,samsung_s10
photo/images/svk_id/48.jpg,photo,svk_id,NATIONAL_ID,48,True,False,0,0,0.0,natural_lighting_outdoors,samsung_s10
photo/images/svk_id/49.jpg,photo,svk_id,NATIONAL_ID,49,True,False,0,0,0.0,natural_lighting_outdoors,samsung_s10
photo/images/svk_id/50.jpg,photo,svk_id,NATIONAL_ID,50,True,False,0,0,0.0,table_background,iphone_xr
photo/images/svk_id/51.jpg,photo,svk_id,NATIONAL_ID,51,True,False,0,0,0.0,table_background,iphone_xr
photo/images/svk_id/52.jpg,photo,svk_id,NATIONAL_ID,52,True,False,0,0,0.0,table_background,iphone_xr
photo/images/svk_id/53.jpg,photo,svk_id,NATIONAL_ID,53,True,False,0,0,0.0,table_background,iphone_xr
photo/images/svk_id/54.jpg,photo,svk_id,NATIONAL_ID,54,True,False,0,0,0.0,table_background,iphone_xr
photo/images/svk_id/55.jpg,photo,svk_id,NATIONAL_ID,55,True,False,0,0,0.0,table_background,samsung_s10
photo/images/svk_id/56.jpg,photo,svk_id,NATIONAL_ID,56,True,False,0,0,0.0,table_background,samsung_s10
photo/images/svk_id/57.jpg,photo,svk_id,NATIONAL_ID,57,True,False,0,0,0.0,table_background,samsung_s10
photo/images/svk_id/58.jpg,photo,svk_id,NATIONAL_ID,58,True,False,0,0,0.0,table_background,samsung_s10
photo/images/svk_id/59.jpg,photo,svk_id,NATIONAL_ID,59,True,False,0,0,0.0,table_background,samsung_s10
photo/images/svk_id/60.jpg,photo,svk_id,NATIONAL_ID,60,True,False,0,0,0.0,highlight_glare_present,iphone_xr
photo/images/svk_id/61.jpg,photo,svk_id,NATIONAL_ID,61,True,False,0,0,0.0,highlight_glare_present,iphone_xr
photo/images/svk_id/62.jpg,photo,svk_id,NATIONAL_ID,62,True,False,0,0,0.0,highlight_glare_present,iphone_xr
photo/images/svk_id/63.jpg,photo,svk_id,NATIONAL_ID,63,True,False,0,0,0.0,highlight_glare_present,iphone_xr
photo/images/svk_id/64.jpg,photo,svk_id,NATIONAL_ID,64,True,False,0,0,0.0,highlight_glare_present,iphone_xr
photo/images/svk_id/65.jpg,photo,svk_id,NATIONAL_ID,65,True,False,0,0,0.0,highlight_glare_present,samsung_s10
photo/images/svk_id/66.jpg,photo,svk_id,NATIONAL_ID,66,True,False,0,0,0.0,highlight_glare_present,samsung_s10
photo/images/svk_id/67.jpg,photo,svk_id,NATIONAL_ID,67,True,False,0,0,0.0,highlight_glare_present,samsung_s10
photo/images/svk_id/68.jpg,photo,svk_id,NATIONAL_ID,68,True,False,0,0,0.0,highlight_glare_present,samsung_s10
photo/images/svk_id/69.jpg,photo,svk_id,NATIONAL_ID,69,True,False,0,0,0.0,highlight_glare_present,samsung_s10
photo/images/svk_id/70.jpg,photo,svk_id,NATIONAL_ID,70,False,False,0,0,0.0,low_lighting,iphone_xr
photo/images/svk_id/71.jpg,photo,svk_id,NATIONAL_ID,71,False,False,0,0,0.0,low_lighting,iphone_xr
photo/images/svk_id/72.jpg,photo,svk_id,NATIONAL_ID,72,False,False,0,0,0.0,low_lighting,iphone_xr
photo/images/svk_id/73.jpg,photo,svk_id,NATIONAL_ID,73,False,False,0,0,0.0,low_lighting,iphone_xr
photo/images/svk_id/74.jpg,photo,svk_id,NATIONAL_ID,74,False,False,0,0,0.0,low_lighting,iphone_xr
photo/images/svk_id/75.jpg,photo,svk_id,NATIONAL_ID,75,False,False,0,0,0.0,low_lighting,iphone_xr
photo/images/svk_id/76.jpg,photo,svk_id,NATIONAL_ID,76,False,False,0,0,0.0,low_lighting,iphone_xr
photo/images/svk_id/77.jpg,photo,svk_id,NATIONAL_ID,77,False,False,0,0,0.0,low_lighting,iphone_xr
photo/images/svk_id/78.jpg,photo,svk_id,NATIONAL_ID,78,False,False,0,0,0.0,low_lighting,iphone_xr
photo/images/svk_id/79.jpg,photo,svk_id,NATIONAL_ID,79,False,False,0,0,0.0,low_lighting,iphone_xr
photo/images/svk_id/80.jpg,photo,svk_id,NATIONAL_ID,80,True,False,0,0,0.0,low_lighting,samsung_s10
photo/images/svk_id/81.jpg,photo,svk_id,NATIONAL_ID,81,True,False,0,0,0.0,low_lighting,samsung_s10
photo/images/svk_id/82.jpg,photo,svk_id,NATIONAL_ID,82,True,False,0,0,0.0,low_lighting,samsung_s10
photo/images/svk_id/83.jpg,photo,svk_id,NATIONAL_ID,83,False,False,0,0,0.0,low_lighting,samsung_s10
photo/images/svk_id/84.jpg,photo,svk_id,NATIONAL_ID,84,True,False,0,0,0.0,low_lighting,samsung_s10
photo/images/svk_id/85.jpg,photo,svk_id,NATIONAL_ID,85,False,False,0,0,0.0,low_lighting,samsung_s10
photo/images/svk_id/86.jpg,photo,svk_id,NATIONAL_ID,86,False,False,0,0,0.0,low_lighting,samsung_s10
photo/images/svk_id/87.jpg,photo,svk_id,NATIONAL_ID,87,True,False,0,0,0.0,low_lighting,samsung_s10
photo/images/svk_id/88.jpg,photo,svk_id,NATIONAL_ID,88,False,False,0,0,0.0,low_lighting,samsung_s10
photo/images/svk_id/89.jpg,photo,svk_id,NATIONAL_ID,89,False,False,0,0,0.0,low_lighting,samsung_s10
photo/images/svk_id/90.jpg,photo,svk_id,NATIONAL_ID,90,True,False,0,0,0.0,cloth_background,iphone_xr
photo/images/svk_id/91.jpg,photo,svk_id,NATIONAL_ID,91,True,False,0,0,0.0,cloth_background,iphone_xr
photo/images/svk_id/92.jpg,photo,svk_id,NATIONAL_ID,92,True,False,0,0,0.0,cloth_background,iphone_xr
photo/images/svk_id/93.jpg,photo,svk_id,NATIONAL_ID,93,True,False,0,0,0.0,cloth_background,iphone_xr
photo/images/svk_id/94.jpg,photo,svk_id,NATIONAL_ID,94,True,False,0,0,0.0,cloth_background,iphone_xr
photo/images/svk_id/95.jpg,photo,svk_id,NATIONAL_ID,95,True,False,0,0,0.0,cloth_background,samsung_s10
photo/images/svk_id/96.jpg,photo,svk_id,NATIONAL_ID,96,True,False,0,0,0.0,cloth_background,samsung_s10
photo/images/svk_id/97.jpg,photo,svk_id,NATIONAL_ID,97,True,False,0,0,0.0,cloth_background,samsung_s10
photo/images/svk_id/98.jpg,photo,svk_id,NATIONAL_ID,98,True,False,0,0,0.0,cloth_background,samsung_s10
photo/images/svk_id/99.jpg,photo,svk_id,NATIONAL_ID,99,True,False,0,0,0.0,cloth_background,samsung_s10
scan_rotated/images/alb_id/00.jpg,scan_rotated,alb_id,NATIONAL_ID,00,False,False,0,0,0.0,standard_scan,flatbed
scan_rotated/images/alb_id/01.jpg,scan_rotated,alb_id,NATIONAL_ID,01,False,False,0,0,0.0,standard_scan,flatbed
scan_rotated/images/alb_id/02.jpg,scan_rotated,alb_id,NATIONAL_ID,02,False,False,0,0,0.0,standard_scan,flatbed
scan_rotated/images/alb_id/03.jpg,scan_rotated,alb_id,NATIONAL_ID,03,False,False,0,0,0.0,standard_scan,flatbed
scan_rotated/images/alb_id/04.jpg,scan_rotated,alb_id,NATIONAL_ID,04,False,False,0,0,0.0,standard_scan,flatbed
scan_rotated/images/alb_id/05.jpg,scan_rotated,alb_id,NATIONAL_ID,05,False,False,0,0,0.0,standard_scan,flatbed
scan_rotated/images/alb_id/06.jpg,scan_rotated,alb_id,NATIONAL_ID,06,False,False,0,0,0.0,standard_scan,flatbed
scan_rotated/images/alb_id/07.jpg,scan_rotated,alb_id,NATIONAL_ID,07,False,False,0,0,0.0,standard_scan,flatbed
scan_rotated/images/alb_id/08.jpg,scan_rotated,alb_id,NATIONAL_ID,08,False,False,0,0,0.0,standard_scan,flatbed
scan_rotated/images/alb_id/09.jpg,scan_rotated,alb_id,NATIONAL_ID,09,False,False,0,0,0.0,standard_scan,flatbed
scan_rotated/images/alb_id/10.jpg,scan_rotated,alb_id,NATIONAL_ID,10,False,False,0,0,0.0,standard_scan,flatbed
scan_rotated/images/alb_id/11.jpg,scan_rotated,alb_id,NATIONAL_ID,11,False,False,0,0,0.0,standard_scan,flatbed
scan_rotated/images/alb_id/12.jpg,scan_rotated,alb_id,NATIONAL_ID,12,False,False,0,0,0.0,standard_scan,flatbed
scan_rotated/images/alb_id/13.jpg,scan_rotated,alb_id,NATIONAL_ID,13,False,False,0,0,0.0,standard_scan,flatbed
scan_rotated/images/alb_id/14.jpg,scan_rotated,alb_id,NATIONAL_ID,14,False,False,0,0,0.0,standard_scan,flatbed
scan_rotated/images/alb_id/15.jpg,scan_rotated,alb_id,NATIONAL_ID,15,False,False,0,0,0.0,standard_scan,flatbed
scan_rotated/images/alb_id/16.jpg,scan_rotated,alb_id,NATIONAL_ID,16,False,False,0,0,0.0,standard_scan,flatbed
scan_rotated/images/alb_id/17.jpg,scan_rotated,alb_id,NATIONAL_ID,17,False,False,0,0,0.0,standard_scan,flatbed
scan_rotated/images/alb_id/18.jpg,scan_rotated,alb_id,NATIONAL_ID,18,False,False,0,0,0.0,standard_scan,flatbed
scan_rotated/images/alb_id/19.jpg,scan_rotated,alb_id,NATIONAL_ID,19,False,False,0,0,0.0,standard_scan,flatbed
scan_rotated/images/alb_id/20.jpg,scan_rotated,alb_id,NATIONAL_ID,20,False,False,0,0,0.0,standard_scan,flatbed
scan_rotated/images/alb_id/21.jpg,scan_rotated,alb_id,NATIONAL_ID,21,False,False,0,0,0.0,standard_scan,flatbed
scan_rotated/images/alb_id/22.jpg,scan_rotated,alb_id,NATIONAL_ID,22,False,False,0,0,0.0,standard_scan,flatbed
scan_rotated/images/alb_id/23.jpg,scan_rotated,alb_id,NATIONAL_ID,23,False,False,0,0,0.0,standard_scan,flatbed
scan_rotated/images/alb_id/24.jpg,scan_rotated,alb_id,NATIONAL_ID,24,False,False,0,0,0.0,standard_scan,flatbed
scan_rotated/images/alb_id/25.jpg,scan_rotated,alb_id,NATIONAL_ID,25,False,False,0,0,0.0,standard_scan,flatbed
scan_rotated/images/alb_id/26.jpg,scan_rotated,alb_id,NATIONAL_ID,26,False,False,0,0,0.0,standard_scan,flatbed
scan_rotated/images/alb_id/27.jpg,scan_rotated,alb_id,NATIONAL_ID,27,False,False,0,0,0.0,standard_scan,flatbed
scan_rotated/images/alb_id/28.jpg,scan_rotated,alb_id,NATIONAL_ID,28,False,False,0,0,0.0,standard_scan,flatbed
scan_rotated/images/alb_id/29.jpg,scan_rotated,alb_id,NATIONAL_ID,29,False,False,0,0,0.0,standard_scan,flatbed
scan_rotated/images/alb_id/30.jpg,scan_rotated,alb_id,NATIONAL_ID,30,False,False,0,0,0.0,standard_scan,flatbed
scan_rotated/images/alb_id/31.jpg,scan_rotated,alb_id,NATIONAL_ID,31,False,False,0,0,0.0,standard_scan,flatbed
scan_rotated/images/alb_id/32.jpg,scan_rotated,alb_id,NATIONAL_ID,32,False,False,0,0,0.0,standard_scan,flatbed
scan_rotated/images/alb_id/33.jpg,scan_rotated,alb_id,NATIONAL_ID,33,False,False,0,0,0.0,standard_scan,flatbed
scan_rotated/images/alb_id/34.jpg,scan_rotated,alb_id,NATIONAL_ID,34,False,False,0,0,0.0,standard_scan,flatbed
scan_rotated/images/alb_id/35.jpg,scan_rotated,alb_id,NATIONAL_ID,35,False,False,0,0,0.0,standard_scan,flatbed
scan_rotated/images/alb_id/36.jpg,scan_rotated,alb_id,NATIONAL_ID,36,False,False,0,0,0.0,standard_scan,flatbed
scan_rotated/images/alb_id/37.jpg,scan_rotated,alb_id,NATIONAL_ID,37,False,False,0,0,0.0,standard_scan,flatbed
scan_rotated/images/alb_id/38.jpg,scan_rotated,alb_id,NATIONAL_ID,38,False,False,0,0,0.0,standard_scan,flatbed
scan_rotated/images/alb_id/39.jpg,scan_rotated,alb_id,NATIONAL_ID,39,False,False,0,0,0.0,standard_scan,flatbed
scan_rotated/images/alb_id/40.jpg,scan_rotated,alb_id,NATIONAL_ID,40,False,False,0,0,0.0,standard_scan,flatbed
scan_rotated/images/alb_id/41.jpg,scan_rotated,alb_id,NATIONAL_ID,41,False,False,0,0,0.0,standard_scan,flatbed
scan_rotated/images/alb_id/42.jpg,scan_rotated,alb_id,NATIONAL_ID,42,False,False,0,0,0.0,standard_scan,flatbed
scan_rotated/images/alb_id/43.jpg,scan_rotated,alb_id,NATIONAL_ID,43,False,False,0,0,0.0,standard_scan,flatbed
scan_rotated/images/alb_id/44.jpg,scan_rotated,alb_id,NATIONAL_ID,44,False,False,0,0,0.0,standard_scan,flatbed
scan_rotated/images/alb_id/45.jpg,scan_rotated,alb_id,NATIONAL_ID,45,False,False,0,0,0.0,standard_scan,flatbed
scan_rotated/images/alb_id/46.jpg,scan_rotated,alb_id,NATIONAL_ID,46,False,False,0,0,0.0,standard_scan,flatbed
scan_rotated/images/alb_id/47.jpg,scan_rotated,alb_id,NATIONAL_ID,47,False,False,0,0,0.0,standard_scan,flatbed
scan_rotated/images/alb_id/48.jpg,scan_rotated,alb_id,NATIONAL_ID,48,False,False,0,0,0.0,standard_scan,flatbed
scan_rotated/images/alb_id/49.jpg,scan_rotated,alb_id,NATIONAL_ID,49,False,False,0,0,0.0,standard_scan,flatbed
scan_rotated/images/alb_id/50.jpg,scan_rotated,alb_id,NATIONAL_ID,50,False,False,0,0,0.0,standard_scan,flatbed
scan_rotated/images/alb_id/51.jpg,scan_rotated,alb_id,NATIONAL_ID,51,False,False,0,0,0.0,standard_scan,flatbed
scan_rotated/images/alb_id/52.jpg,scan_rotated,alb_id,NATIONAL_ID,52,False,False,0,0,0.0,standard_scan,flatbed
scan_rotated/images/alb_id/53.jpg,scan_rotated,alb_id,NATIONAL_ID,53,False,False,0,0,0.0,standard_scan,flatbed
scan_rotated/images/alb_id/54.jpg,scan_rotated,alb_id,NATIONAL_ID,54,False,False,0,0,0.0,standard_scan,flatbed
scan_rotated/images/alb_id/55.jpg,scan_rotated,alb_id,NATIONAL_ID,55,False,False,0,0,0.0,standard_scan,flatbed
scan_rotated/images/alb_id/56.jpg,scan_rotated,alb_id,NATIONAL_ID,56,False,False,0,0,0.0,standard_scan,flatbed
scan_rotated/images/alb_id/57.jpg,scan_rotated,alb_id,NATIONAL_ID,57,False,False,0,0,0.0,standard_scan,flatbed
scan_rotated/images/alb_id/58.jpg,scan_rotated,alb_id,NATIONAL_ID,58,False,False,0,0,0.0,standard_scan,flatbed
scan_rotated/images/alb_id/59.jpg,scan_rotated,alb_id,NATIONAL_ID,59,False,False,0,0,0.0,standard_scan,flatbed
scan_rotated/images/alb_id/60.jpg,scan_rotated,alb_id,NATIONAL_ID,60,False,False,0,0,0.0,standard_scan,flatbed
scan_rotated/images/alb_id/61.jpg,scan_rotated,alb_id,NATIONAL_ID,61,False,False,0,0,0.0,standard_scan,flatbed
scan_rotated/images/alb_id/62.jpg,scan_rotated,alb_id,NATIONAL_ID,62,False,False,0,0,0.0,standard_scan,flatbed
scan_rotated/images/alb_id/63.jpg,scan_rotated,alb_id,NATIONAL_ID,63,False,False,0,0,0.0,standard_scan,flatbed
scan_rotated/images/alb_id/64.jpg,scan_rotated,alb_id,NATIONAL_ID,64,False,False,0,0,0.0,standard_scan,flatbed
scan_rotated/images/alb_id/65.jpg,scan_rotated,alb_id,NATIONAL_ID,65,False,False,0,0,0.0,standard_scan,flatbed
scan_rotated/images/alb_id/66.jpg,scan_rotated,alb_id,NATIONAL_ID,66,False,False,0,0,0.0,standard_scan,flatbed
scan_rotated/images/alb_id/67.jpg,scan_rotated,alb_id,NATIONAL_ID,67,False,False,0,0,0.0,standard_scan,flatbed
scan_rotated/images/alb_id/68.jpg,scan_rotated,alb_id,NATIONAL_ID,68,False,False,0,0,0.0,standard_scan,flatbed
scan_rotated/images/alb_id/69.jpg,scan_rotated,alb_id,NATIONAL_ID,69,False,False,0,0,0.0,standard_scan,flatbed
scan_rotated/images/alb_id/70.jpg,scan_rotated,alb_id,NATIONAL_ID,70,False,False,0,0,0.0,standard_scan,flatbed
scan_rotated/images/alb_id/71.jpg,scan_rotated,alb_id,NATIONAL_ID,71,False,False,0,0,0.0,standard_scan,flatbed
scan_rotated/images/alb_id/72.jpg,scan_rotated,alb_id,NATIONAL_ID,72,False,False,0,0,0.0,standard_scan,flatbed
scan_rotated/images/alb_id/73.jpg,scan_rotated,alb_id,NATIONAL_ID,73,False,False,0,0,0.0,standard_scan,flatbed
scan_rotated/images/alb_id/74.jpg,scan_rotated,alb_id,NATIONAL_ID,74,False,False,0,0,0.0,standard_scan,flatbed
scan_rotated/images/alb_id/75.jpg,scan_rotated,alb_id,NATIONAL_ID,75,False,False,0,0,0.0,standard_scan,flatbed
scan_rotated/images/alb_id/76.jpg,scan_rotated,alb_id,NATIONAL_ID,76,False,False,0,0,0.0,standard_scan,flatbed
scan_rotated/images/alb_id/77.jpg,scan_rotated,alb_id,NATIONAL_ID,77,False,False,0,0,0.0,standard_scan,flatbed
scan_rotated/images/alb_id/78.jpg,scan_rotated,alb_id,NATIONAL_ID,78,False,False,0,0,0.0,standard_scan,flatbed
scan_rotated/images/alb_id/79.jpg,scan_rotated,alb_id,NATIONAL_ID,79,False,False,0,0,0.0,standard_scan,flatbed
scan_rotated/images/alb_id/80.jpg,scan_rotated,alb_id,NATIONAL_ID,80,False,False,0,0,0.0,standard_scan,flatbed
scan_rotated/images/alb_id/81.jpg,scan_rotated,alb_id,NATIONAL_ID,81,False,False,0,0,0.0,standard_scan,flatbed
scan_rotated/images/alb_id/82.jpg,scan_rotated,alb_id,NATIONAL_ID,82,False,False,0,0,0.0,standard_scan,flatbed
scan_rotated/images/alb_id/83.jpg,scan_rotated,alb_id,NATIONAL_ID,83,False,False,0,0,0.0,standard_scan,flatbed
scan_rotated/images/alb_id/84.jpg,scan_rotated,alb_id,NATIONAL_ID,84,False,False,0,0,0.0,standard_scan,flatbed
scan_rotated/images/alb_id/85.jpg,scan_rotated,alb_id,NATIONAL_ID,85,False,False,0,0,0.0,standard_scan,flatbed
scan_rotated/images/alb_id/86.jpg,scan_rotated,alb_id,NATIONAL_ID,86,False,False,0,0,0.0,standard_scan,flatbed
scan_rotated/images/alb_id/87.jpg,scan_rotated,alb_id,NATIONAL_ID,87,False,False,0,0,0.0,standard_scan,flatbed
scan_rotated/images/alb_id/88.jpg,scan_rotated,alb_id,NATIONAL_ID,88,False,False,0,0,0.0,standard_scan,flatbed
scan_rotated/images/alb_id/89.jpg,scan_rotated,alb_id,NATIONAL_ID,89,False,False,0,0,0.0,standard_scan,flatbed
scan_rotated/images/alb_id/90.jpg,scan_rotated,alb_id,NATIONAL_ID,90,False,False,0,0,0.0,standard_scan,flatbed
scan_rotated/images/alb_id/91.jpg,scan_rotated,alb_id,NATIONAL_ID,91,False,False,0,0,0.0,standard_scan,flatbed
scan_rotated/images/alb_id/92.jpg,scan_rotated,alb_id,NATIONAL_ID,92,False,False,0,0,0.0,standard_scan,flatbed
scan_rotated/images/alb_id/93.jpg,scan_rotated,alb_id,NATIONAL_ID,93,False,False,0,0,0.0,standard_scan,flatbed
scan_rotated/images/alb_id/94.jpg,scan_rotated,alb_id,NATIONAL_ID,94,False,False,0,0,0.0,standard_scan,flatbed
scan_rotated/images/alb_id/95.jpg,scan_rotated,alb_id,NATIONAL_ID,95,False,False,0,0,0.0,standard_scan,flatbed
scan_rotated/images/alb_id/96.jpg,scan_rotated,alb_id,NATIONAL_ID,96,False,False,0,0,0.0,standard_scan,flatbed
scan_rotated/images/alb_id/97.jpg,scan_rotated,alb_id,NATIONAL_ID,97,False,False,0,0,0.0,standard_scan,flatbed
scan_rotated/images/alb_id/98.jpg,scan_rotated,alb_id,NATIONAL_ID,98,False,False,0,0,0.0,standard_scan,flatbed
scan_rotated/images/alb_id/99.jpg,scan_rotated,alb_id,NATIONAL_ID,99,False,False,0,0,0.0,standard_scan,flatbed
scan_rotated/images/aze_passport/00.jpg,scan_rotated,aze_passport,TRAVEL_DOCUMENT,00,False,False,0,0,0.0,standard_scan,flatbed
scan_rotated/images/aze_passport/01.jpg,scan_rotated,aze_passport,TRAVEL_DOCUMENT,01,False,False,0,0,0.0,standard_scan,flatbed
scan_rotated/images/aze_passport/02.jpg,scan_rotated,aze_passport,TRAVEL_DOCUMENT,02,False,False,0,0,0.0,standard_scan,flatbed
scan_rotated/images/aze_passport/03.jpg,scan_rotated,aze_passport,TRAVEL_DOCUMENT,03,False,False,0,0,0.0,standard_scan,flatbed
scan_rotated/images/aze_passport/04.jpg,scan_rotated,aze_passport,TRAVEL_DOCUMENT,04,False,False,0,0,0.0,standard_scan,flatbed
scan_rotated/images/aze_passport/05.jpg,scan_rotated,aze_passport,TRAVEL_DOCUMENT,05,False,False,0,0,0.0,standard_scan,flatbed
scan_rotated/images/aze_passport/06.jpg,scan_rotated,aze_passport,TRAVEL_DOCUMENT,06,False,False,0,0,0.0,standard_scan,flatbed
scan_rotated/images/aze_passport/07.jpg,scan_rotated,aze_passport,TRAVEL_DOCUMENT,07,False,False,0,0,0.0,standard_scan,flatbed
scan_rotated/images/aze_passport/08.jpg,scan_rotated,aze_passport,TRAVEL_DOCUMENT,08,False,False,0,0,0.0,standard_scan,flatbed
scan_rotated/images/aze_passport/09.jpg,scan_rotated,aze_passport,TRAVEL_DOCUMENT,09,False,False,0,0,0.0,standard_scan,flatbed
scan_rotated/images/aze_passport/10.jpg,scan_rotated,aze_passport,TRAVEL_DOCUMENT,10,False,False,0,0,0.0,standard_scan,flatbed
scan_rotated/images/aze_passport/11.jpg,scan_rotated,aze_passport,TRAVEL_DOCUMENT,11,False,False,0,0,0.0,standard_scan,flatbed
scan_rotated/images/aze_passport/12.jpg,scan_rotated,aze_passport,TRAVEL_DOCUMENT,12,False,False,0,0,0.0,standard_scan,flatbed
scan_rotated/images/aze_passport/13.jpg,scan_rotated,aze_passport,TRAVEL_DOCUMENT,13,False,False,0,0,0.0,standard_scan,flatbed
scan_rotated/images/aze_passport/14.jpg,scan_rotated,aze_passport,TRAVEL_DOCUMENT,14,False,False,0,0,0.0,standard_scan,flatbed
scan_rotated/images/aze_passport/15.jpg,scan_rotated,aze_passport,TRAVEL_DOCUMENT,15,False,False,0,0,0.0,standard_scan,flatbed
scan_rotated/images/aze_passport/16.jpg,scan_rotated,aze_passport,TRAVEL_DOCUMENT,16,False,False,0,0,0.0,standard_scan,flatbed
scan_rotated/images/aze_passport/17.jpg,scan_rotated,aze_passport,TRAVEL_DOCUMENT,17,False,False,0,0,0.0,standard_scan,flatbed
scan_rotated/images/aze_passport/18.jpg,scan_rotated,aze_passport,TRAVEL_DOCUMENT,18,False,False,0,0,0.0,standard_scan,flatbed
scan_rotated/images/aze_passport/19.jpg,scan_rotated,aze_passport,TRAVEL_DOCUMENT,19,False,False,0,0,0.0,standard_scan,flatbed
scan_rotated/images/aze_passport/20.jpg,scan_rotated,aze_passport,TRAVEL_DOCUMENT,20,False,False,0,0,0.0,standard_scan,flatbed
scan_rotated/images/aze_passport/21.jpg,scan_rotated,aze_passport,TRAVEL_DOCUMENT,21,False,False,0,0,0.0,standard_scan,flatbed
scan_rotated/images/aze_passport/22.jpg,scan_rotated,aze_passport,TRAVEL_DOCUMENT,22,False,False,0,0,0.0,standard_scan,flatbed
scan_rotated/images/aze_passport/23.jpg,scan_rotated,aze_passport,TRAVEL_DOCUMENT,23,False,False,0,0,0.0,standard_scan,flatbed
scan_rotated/images/aze_passport/24.jpg,scan_rotated,aze_passport,TRAVEL_DOCUMENT,24,False,False,0,0,0.0,standard_scan,flatbed
scan_rotated/images/aze_passport/25.jpg,scan_rotated,aze_passport,TRAVEL_DOCUMENT,25,False,False,0,0,0.0,standard_scan,flatbed
scan_rotated/images/aze_passport/26.jpg,scan_rotated,aze_passport,TRAVEL_DOCUMENT,26,False,False,0,0,0.0,standard_scan,flatbed
scan_rotated/images/aze_passport/27.jpg,scan_rotated,aze_passport,TRAVEL_DOCUMENT,27,False,False,0,0,0.0,standard_scan,flatbed
scan_rotated/images/aze_passport/28.jpg,scan_rotated,aze_passport,TRAVEL_DOCUMENT,28,False,False,0,0,0.0,standard_scan,flatbed
scan_rotated/images/aze_passport/29.jpg,scan_rotated,aze_passport,TRAVEL_DOCUMENT,29,False,False,0,0,0.0,standard_scan,flatbed
scan_rotated/images/aze_passport/30.jpg,scan_rotated,aze_passport,TRAVEL_DOCUMENT,30,False,False,0,0,0.0,standard_scan,flatbed
scan_rotated/images/aze_passport/31.jpg,scan_rotated,aze_passport,TRAVEL_DOCUMENT,31,False,False,0,0,0.0,standard_scan,flatbed
scan_rotated/images/aze_passport/32.jpg,scan_rotated,aze_passport,TRAVEL_DOCUMENT,32,False,False,0,0,0.0,standard_scan,flatbed
scan_rotated/images/aze_passport/33.jpg,scan_rotated,aze_passport,TRAVEL_DOCUMENT,33,False,False,0,0,0.0,standard_scan,flatbed
scan_rotated/images/aze_passport/34.jpg,scan_rotated,aze_passport,TRAVEL_DOCUMENT,34,False,False,0,0,0.0,standard_scan,flatbed
scan_rotated/images/aze_passport/35.jpg,scan_rotated,aze_passport,TRAVEL_DOCUMENT,35,False,False,0,0,0.0,standard_scan,flatbed
scan_rotated/images/aze_passport/36.jpg,scan_rotated,aze_passport,TRAVEL_DOCUMENT,36,False,False,0,0,0.0,standard_scan,flatbed
scan_rotated/images/aze_passport/37.jpg,scan_rotated,aze_passport,TRAVEL_DOCUMENT,37,False,False,0,0,0.0,standard_scan,flatbed
scan_rotated/images/aze_passport/38.jpg,scan_rotated,aze_passport,TRAVEL_DOCUMENT,38,False,False,0,0,0.0,standard_scan,flatbed
scan_rotated/images/aze_passport/39.jpg,scan_rotated,aze_passport,TRAVEL_DOCUMENT,39,False,False,0,0,0.0,standard_scan,flatbed
scan_rotated/images/aze_passport/40.jpg,scan_rotated,aze_passport,TRAVEL_DOCUMENT,40,False,False,0,0,0.0,standard_scan,flatbed
scan_rotated/images/aze_passport/41.jpg,scan_rotated,aze_passport,TRAVEL_DOCUMENT,41,False,False,0,0,0.0,standard_scan,flatbed
scan_rotated/images/aze_passport/42.jpg,scan_rotated,aze_passport,TRAVEL_DOCUMENT,42,False,False,0,0,0.0,standard_scan,flatbed
scan_rotated/images/aze_passport/43.jpg,scan_rotated,aze_passport,TRAVEL_DOCUMENT,43,False,False,0,0,0.0,standard_scan,flatbed
scan_rotated/images/aze_passport/44.jpg,scan_rotated,aze_passport,TRAVEL_DOCUMENT,44,False,False,0,0,0.0,standard_scan,flatbed
scan_rotated/images/aze_passport/45.jpg,scan_rotated,aze_passport,TRAVEL_DOCUMENT,45,False,False,0,0,0.0,standard_scan,flatbed
scan_rotated/images/aze_passport/46.jpg,scan_rotated,aze_passport,TRAVEL_DOCUMENT,46,False,False,0,0,0.0,standard_scan,flatbed
scan_rotated/images/aze_passport/47.jpg,scan_rotated,aze_passport,TRAVEL_DOCUMENT,47,False,False,0,0,0.0,standard_scan,flatbed
scan_rotated/images/aze_passport/48.jpg,scan_rotated,aze_passport,TRAVEL_DOCUMENT,48,False,False,0,0,0.0,standard_scan,flatbed
scan_rotated/images/aze_passport/49.jpg,scan_rotated,aze_passport,TRAVEL_DOCUMENT,49,False,False,0,0,0.0,standard_scan,flatbed
scan_rotated/images/aze_passport/50.jpg,scan_rotated,aze_passport,TRAVEL_DOCUMENT,50,False,False,0,0,0.0,standard_scan,flatbed
scan_rotated/images/aze_passport/51.jpg,scan_rotated,aze_passport,TRAVEL_DOCUMENT,51,False,False,0,0,0.0,standard_scan,flatbed
scan_rotated/images/aze_passport/52.jpg,scan_rotated,aze_passport,TRAVEL_DOCUMENT,52,False,False,0,0,0.0,standard_scan,flatbed
scan_rotated/images/aze_passport/53.jpg,scan_rotated,aze_passport,TRAVEL_DOCUMENT,53,False,False,0,0,0.0,standard_scan,flatbed
scan_rotated/images/aze_passport/54.jpg,scan_rotated,aze_passport,TRAVEL_DOCUMENT,54,False,False,0,0,0.0,standard_scan,flatbed
scan_rotated/images/aze_passport/55.jpg,scan_rotated,aze_passport,TRAVEL_DOCUMENT,55,False,False,0,0,0.0,standard_scan,flatbed
scan_rotated/images/aze_passport/56.jpg,scan_rotated,aze_passport,TRAVEL_DOCUMENT,56,False,False,0,0,0.0,standard_scan,flatbed
scan_rotated/images/aze_passport/57.jpg,scan_rotated,aze_passport,TRAVEL_DOCUMENT,57,False,False,0,0,0.0,standard_scan,flatbed
scan_rotated/images/aze_passport/58.jpg,scan_rotated,aze_passport,TRAVEL_DOCUMENT,58,False,False,0,0,0.0,standard_scan,flatbed
scan_rotated/images/aze_passport/59.jpg,scan_rotated,aze_passport,TRAVEL_DOCUMENT,59,False,False,0,0,0.0,standard_scan,flatbed
scan_rotated/images/aze_passport/60.jpg,scan_rotated,aze_passport,TRAVEL_DOCUMENT,60,False,False,0,0,0.0,standard_scan,flatbed
scan_rotated/images/aze_passport/61.jpg,scan_rotated,aze_passport,TRAVEL_DOCUMENT,61,False,False,0,0,0.0,standard_scan,flatbed
scan_rotated/images/aze_passport/62.jpg,scan_rotated,aze_passport,TRAVEL_DOCUMENT,62,False,False,0,0,0.0,standard_scan,flatbed
scan_rotated/images/aze_passport/63.jpg,scan_rotated,aze_passport,TRAVEL_DOCUMENT,63,False,False,0,0,0.0,standard_scan,flatbed
scan_rotated/images/aze_passport/64.jpg,scan_rotated,aze_passport,TRAVEL_DOCUMENT,64,False,False,0,0,0.0,standard_scan,flatbed
scan_rotated/images/aze_passport/65.jpg,scan_rotated,aze_passport,TRAVEL_DOCUMENT,65,False,False,0,0,0.0,standard_scan,flatbed
scan_rotated/images/aze_passport/66.jpg,scan_rotated,aze_passport,TRAVEL_DOCUMENT,66,False,False,0,0,0.0,standard_scan,flatbed
scan_rotated/images/aze_passport/67.jpg,scan_rotated,aze_passport,TRAVEL_DOCUMENT,67,False,False,0,0,0.0,standard_scan,flatbed
scan_rotated/images/aze_passport/68.jpg,scan_rotated,aze_passport,TRAVEL_DOCUMENT,68,False,False,0,0,0.0,standard_scan,flatbed
scan_rotated/images/aze_passport/69.jpg,scan_rotated,aze_passport,TRAVEL_DOCUMENT,69,False,False,0,0,0.0,standard_scan,flatbed
scan_rotated/images/aze_passport/70.jpg,scan_rotated,aze_passport,TRAVEL_DOCUMENT,70,False,False,0,0,0.0,standard_scan,flatbed
scan_rotated/images/aze_passport/71.jpg,scan_rotated,aze_passport,TRAVEL_DOCUMENT,71,False,False,0,0,0.0,standard_scan,flatbed
scan_rotated/images/aze_passport/72.jpg,scan_rotated,aze_passport,TRAVEL_DOCUMENT,72,False,False,0,0,0.0,standard_scan,flatbed
scan_rotated/images/aze_passport/73.jpg,scan_rotated,aze_passport,TRAVEL_DOCUMENT,73,False,False,0,0,0.0,standard_scan,flatbed
scan_rotated/images/aze_passport/74.jpg,scan_rotated,aze_passport,TRAVEL_DOCUMENT,74,False,False,0,0,0.0,standard_scan,flatbed
scan_rotated/images/aze_passport/75.jpg,scan_rotated,aze_passport,TRAVEL_DOCUMENT,75,False,False,0,0,0.0,standard_scan,flatbed
scan_rotated/images/aze_passport/76.jpg,scan_rotated,aze_passport,TRAVEL_DOCUMENT,76,False,False,0,0,0.0,standard_scan,flatbed
scan_rotated/images/aze_passport/77.jpg,scan_rotated,aze_passport,TRAVEL_DOCUMENT,77,False,False,0,0,0.0,standard_scan,flatbed
scan_rotated/images/aze_passport/78.jpg,scan_rotated,aze_passport,TRAVEL_DOCUMENT,78,False,False,0,0,0.0,standard_scan,flatbed
scan_rotated/images/aze_passport/79.jpg,scan_rotated,aze_passport,TRAVEL_DOCUMENT,79,False,False,0,0,0.0,standard_scan,flatbed
scan_rotated/images/aze_passport/80.jpg,scan_rotated,aze_passport,TRAVEL_DOCUMENT,80,False,False,0,0,0.0,standard_scan,flatbed
scan_rotated/images/aze_passport/81.jpg,scan_rotated,aze_passport,TRAVEL_DOCUMENT,81,False,False,0,0,0.0,standard_scan,flatbed
scan_rotated/images/aze_passport/82.jpg,scan_rotated,aze_passport,TRAVEL_DOCUMENT,82,False,False,0,0,0.0,standard_scan,flatbed
scan_rotated/images/aze_passport/83.jpg,scan_rotated,aze_passport,TRAVEL_DOCUMENT,83,False,False,0,0,0.0,standard_scan,flatbed
scan_rotated/images/aze_passport/84.jpg,scan_rotated,aze_passport,TRAVEL_DOCUMENT,84,False,False,0,0,0.0,standard_scan,flatbed
scan_rotated/images/aze_passport/85.jpg,scan_rotated,aze_passport,TRAVEL_DOCUMENT,85,False,False,0,0,0.0,standard_scan,flatbed
scan_rotated/images/aze_passport/86.jpg,scan_rotated,aze_passport,TRAVEL_DOCUMENT,86,False,False,0,0,0.0,standard_scan,flatbed
scan_rotated/images/aze_passport/87.jpg,scan_rotated,aze_passport,TRAVEL_DOCUMENT,87,False,False,0,0,0.0,standard_scan,flatbed
scan_rotated/images/aze_passport/88.jpg,scan_rotated,aze_passport,TRAVEL_DOCUMENT,88,False,False,0,0,0.0,standard_scan,flatbed
scan_rotated/images/aze_passport/89.jpg,scan_rotated,aze_passport,TRAVEL_DOCUMENT,89,False,False,0,0,0.0,standard_scan,flatbed
scan_rotated/images/aze_passport/90.jpg,scan_rotated,aze_passport,TRAVEL_DOCUMENT,90,False,False,0,0,0.0,standard_scan,flatbed
scan_rotated/images/aze_passport/91.jpg,scan_rotated,aze_passport,TRAVEL_DOCUMENT,91,False,False,0,0,0.0,standard_scan,flatbed
scan_rotated/images/aze_passport/92.jpg,scan_rotated,aze_passport,TRAVEL_DOCUMENT,92,False,False,0,0,0.0,standard_scan,flatbed
scan_rotated/images/aze_passport/93.jpg,scan_rotated,aze_passport,TRAVEL_DOCUMENT,93,False,False,0,0,0.0,standard_scan,flatbed
scan_rotated/images/aze_passport/94.jpg,scan_rotated,aze_passport,TRAVEL_DOCUMENT,94,False,False,0,0,0.0,standard_scan,flatbed
scan_rotated/images/aze_passport/95.jpg,scan_rotated,aze_passport,TRAVEL_DOCUMENT,95,False,False,0,0,0.0,standard_scan,flatbed
scan_rotated/images/aze_passport/96.jpg,scan_rotated,aze_passport,TRAVEL_DOCUMENT,96,False,False,0,0,0.0,standard_scan,flatbed
scan_rotated/images/aze_passport/97.jpg,scan_rotated,aze_passport,TRAVEL_DOCUMENT,97,False,False,0,0,0.0,standard_scan,flatbed
scan_rotated/images/aze_passport/98.jpg,scan_rotated,aze_passport,TRAVEL_DOCUMENT,98,False,False,0,0,0.0,standard_scan,flatbed
scan_rotated/images/aze_passport/99.jpg,scan_rotated,aze_passport,TRAVEL_DOCUMENT,99,False,False,0,0,0.0,standard_scan,flatbed
scan_rotated/images/esp_id/00.jpg,scan_rotated,esp_id,NATIONAL_ID,00,False,False,0,0,0.0,standard_scan,flatbed
scan_rotated/images/esp_id/01.jpg,scan_rotated,esp_id,NATIONAL_ID,01,False,False,0,0,0.0,standard_scan,flatbed
scan_rotated/images/esp_id/02.jpg,scan_rotated,esp_id,NATIONAL_ID,02,False,False,0,0,0.0,standard_scan,flatbed
scan_rotated/images/esp_id/03.jpg,scan_rotated,esp_id,NATIONAL_ID,03,False,False,0,0,0.0,standard_scan,flatbed
scan_rotated/images/esp_id/04.jpg,scan_rotated,esp_id,NATIONAL_ID,04,False,False,0,0,0.0,standard_scan,flatbed
scan_rotated/images/esp_id/05.jpg,scan_rotated,esp_id,NATIONAL_ID,05,False,False,0,0,0.0,standard_scan,flatbed
scan_rotated/images/esp_id/06.jpg,scan_rotated,esp_id,NATIONAL_ID,06,False,False,0,0,0.0,standard_scan,flatbed
scan_rotated/images/esp_id/07.jpg,scan_rotated,esp_id,NATIONAL_ID,07,False,False,0,0,0.0,standard_scan,flatbed
scan_rotated/images/esp_id/08.jpg,scan_rotated,esp_id,NATIONAL_ID,08,False,False,0,0,0.0,standard_scan,flatbed
scan_rotated/images/esp_id/09.jpg,scan_rotated,esp_id,NATIONAL_ID,09,False,False,0,0,0.0,standard_scan,flatbed
scan_rotated/images/esp_id/10.jpg,scan_rotated,esp_id,NATIONAL_ID,10,False,False,0,0,0.0,standard_scan,flatbed
scan_rotated/images/esp_id/11.jpg,scan_rotated,esp_id,NATIONAL_ID,11,False,False,0,0,0.0,standard_scan,flatbed
scan_rotated/images/esp_id/12.jpg,scan_rotated,esp_id,NATIONAL_ID,12,False,False,0,0,0.0,standard_scan,flatbed
scan_rotated/images/esp_id/13.jpg,scan_rotated,esp_id,NATIONAL_ID,13,False,False,0,0,0.0,standard_scan,flatbed
scan_rotated/images/esp_id/14.jpg,scan_rotated,esp_id,NATIONAL_ID,14,False,False,0,0,0.0,standard_scan,flatbed
scan_rotated/images/esp_id/15.jpg,scan_rotated,esp_id,NATIONAL_ID,15,False,False,0,0,0.0,standard_scan,flatbed
scan_rotated/images/esp_id/16.jpg,scan_rotated,esp_id,NATIONAL_ID,16,False,False,0,0,0.0,standard_scan,flatbed
scan_rotated/images/esp_id/17.jpg,scan_rotated,esp_id,NATIONAL_ID,17,False,False,0,0,0.0,standard_scan,flatbed
scan_rotated/images/esp_id/18.jpg,scan_rotated,esp_id,NATIONAL_ID,18,False,False,0,0,0.0,standard_scan,flatbed
scan_rotated/images/esp_id/19.jpg,scan_rotated,esp_id,NATIONAL_ID,19,False,False,0,0,0.0,standard_scan,flatbed
scan_rotated/images/esp_id/20.jpg,scan_rotated,esp_id,NATIONAL_ID,20,False,False,0,0,0.0,standard_scan,flatbed
scan_rotated/images/esp_id/21.jpg,scan_rotated,esp_id,NATIONAL_ID,21,False,False,0,0,0.0,standard_scan,flatbed
scan_rotated/images/esp_id/22.jpg,scan_rotated,esp_id,NATIONAL_ID,22,False,False,0,0,0.0,standard_scan,flatbed
scan_rotated/images/esp_id/23.jpg,scan_rotated,esp_id,NATIONAL_ID,23,False,False,0,0,0.0,standard_scan,flatbed
scan_rotated/images/esp_id/24.jpg,scan_rotated,esp_id,NATIONAL_ID,24,False,False,0,0,0.0,standard_scan,flatbed
scan_rotated/images/esp_id/25.jpg,scan_rotated,esp_id,NATIONAL_ID,25,False,False,0,0,0.0,standard_scan,flatbed
scan_rotated/images/esp_id/26.jpg,scan_rotated,esp_id,NATIONAL_ID,26,False,False,0,0,0.0,standard_scan,flatbed
scan_rotated/images/esp_id/27.jpg,scan_rotated,esp_id,NATIONAL_ID,27,False,False,0,0,0.0,standard_scan,flatbed
scan_rotated/images/esp_id/28.jpg,scan_rotated,esp_id,NATIONAL_ID,28,False,False,0,0,0.0,standard_scan,flatbed
scan_rotated/images/esp_id/29.jpg,scan_rotated,esp_id,NATIONAL_ID,29,False,False,0,0,0.0,standard_scan,flatbed
scan_rotated/images/esp_id/30.jpg,scan_rotated,esp_id,NATIONAL_ID,30,False,False,0,0,0.0,standard_scan,flatbed
scan_rotated/images/esp_id/31.jpg,scan_rotated,esp_id,NATIONAL_ID,31,False,False,0,0,0.0,standard_scan,flatbed
scan_rotated/images/esp_id/32.jpg,scan_rotated,esp_id,NATIONAL_ID,32,False,False,0,0,0.0,standard_scan,flatbed
scan_rotated/images/esp_id/33.jpg,scan_rotated,esp_id,NATIONAL_ID,33,False,False,0,0,0.0,standard_scan,flatbed
scan_rotated/images/esp_id/34.jpg,scan_rotated,esp_id,NATIONAL_ID,34,False,False,0,0,0.0,standard_scan,flatbed
scan_rotated/images/esp_id/35.jpg,scan_rotated,esp_id,NATIONAL_ID,35,False,False,0,0,0.0,standard_scan,flatbed
scan_rotated/images/esp_id/36.jpg,scan_rotated,esp_id,NATIONAL_ID,36,False,False,0,0,0.0,standard_scan,flatbed
scan_rotated/images/esp_id/37.jpg,scan_rotated,esp_id,NATIONAL_ID,37,False,False,0,0,0.0,standard_scan,flatbed
scan_rotated/images/esp_id/38.jpg,scan_rotated,esp_id,NATIONAL_ID,38,False,False,0,0,0.0,standard_scan,flatbed
scan_rotated/images/esp_id/39.jpg,scan_rotated,esp_id,NATIONAL_ID,39,False,False,0,0,0.0,standard_scan,flatbed
scan_rotated/images/esp_id/40.jpg,scan_rotated,esp_id,NATIONAL_ID,40,False,False,0,0,0.0,standard_scan,flatbed
scan_rotated/images/esp_id/41.jpg,scan_rotated,esp_id,NATIONAL_ID,41,False,False,0,0,0.0,standard_scan,flatbed
scan_rotated/images/esp_id/42.jpg,scan_rotated,esp_id,NATIONAL_ID,42,False,False,0,0,0.0,standard_scan,flatbed
scan_rotated/images/esp_id/43.jpg,scan_rotated,esp_id,NATIONAL_ID,43,False,False,0,0,0.0,standard_scan,flatbed
scan_rotated/images/esp_id/44.jpg,scan_rotated,esp_id,NATIONAL_ID,44,False,False,0,0,0.0,standard_scan,flatbed
scan_rotated/images/esp_id/45.jpg,scan_rotated,esp_id,NATIONAL_ID,45,False,False,0,0,0.0,standard_scan,flatbed
scan_rotated/images/esp_id/46.jpg,scan_rotated,esp_id,NATIONAL_ID,46,False,False,0,0,0.0,standard_scan,flatbed
scan_rotated/images/esp_id/47.jpg,scan_rotated,esp_id,NATIONAL_ID,47,False,False,0,0,0.0,standard_scan,flatbed
scan_rotated/images/esp_id/48.jpg,scan_rotated,esp_id,NATIONAL_ID,48,False,False,0,0,0.0,standard_scan,flatbed
scan_rotated/images/esp_id/49.jpg,scan_rotated,esp_id,NATIONAL_ID,49,False,False,0,0,0.0,standard_scan,flatbed
scan_rotated/images/esp_id/50.jpg,scan_rotated,esp_id,NATIONAL_ID,50,False,False,0,0,0.0,standard_scan,flatbed
scan_rotated/images/esp_id/51.jpg,scan_rotated,esp_id,NATIONAL_ID,51,False,False,0,0,0.0,standard_scan,flatbed
scan_rotated/images/esp_id/52.jpg,scan_rotated,esp_id,NATIONAL_ID,52,False,False,0,0,0.0,standard_scan,flatbed
scan_rotated/images/esp_id/53.jpg,scan_rotated,esp_id,NATIONAL_ID,53,False,False,0,0,0.0,standard_scan,flatbed
scan_rotated/images/esp_id/54.jpg,scan_rotated,esp_id,NATIONAL_ID,54,False,False,0,0,0.0,standard_scan,flatbed
scan_rotated/images/esp_id/55.jpg,scan_rotated,esp_id,NATIONAL_ID,55,False,False,0,0,0.0,standard_scan,flatbed
scan_rotated/images/esp_id/56.jpg,scan_rotated,esp_id,NATIONAL_ID,56,False,False,0,0,0.0,standard_scan,flatbed
scan_rotated/images/esp_id/57.jpg,scan_rotated,esp_id,NATIONAL_ID,57,False,False,0,0,0.0,standard_scan,flatbed
scan_rotated/images/esp_id/58.jpg,scan_rotated,esp_id,NATIONAL_ID,58,False,False,0,0,0.0,standard_scan,flatbed
scan_rotated/images/esp_id/59.jpg,scan_rotated,esp_id,NATIONAL_ID,59,False,False,0,0,0.0,standard_scan,flatbed
scan_rotated/images/esp_id/60.jpg,scan_rotated,esp_id,NATIONAL_ID,60,False,False,0,0,0.0,standard_scan,flatbed
scan_rotated/images/esp_id/61.jpg,scan_rotated,esp_id,NATIONAL_ID,61,False,False,0,0,0.0,standard_scan,flatbed
scan_rotated/images/esp_id/62.jpg,scan_rotated,esp_id,NATIONAL_ID,62,False,False,0,0,0.0,standard_scan,flatbed
scan_rotated/images/esp_id/63.jpg,scan_rotated,esp_id,NATIONAL_ID,63,False,False,0,0,0.0,standard_scan,flatbed
scan_rotated/images/esp_id/64.jpg,scan_rotated,esp_id,NATIONAL_ID,64,False,False,0,0,0.0,standard_scan,flatbed
scan_rotated/images/esp_id/65.jpg,scan_rotated,esp_id,NATIONAL_ID,65,False,False,0,0,0.0,standard_scan,flatbed
scan_rotated/images/esp_id/66.jpg,scan_rotated,esp_id,NATIONAL_ID,66,False,False,0,0,0.0,standard_scan,flatbed
scan_rotated/images/esp_id/67.jpg,scan_rotated,esp_id,NATIONAL_ID,67,False,False,0,0,0.0,standard_scan,flatbed
scan_rotated/images/esp_id/68.jpg,scan_rotated,esp_id,NATIONAL_ID,68,False,False,0,0,0.0,standard_scan,flatbed
scan_rotated/images/esp_id/69.jpg,scan_rotated,esp_id,NATIONAL_ID,69,False,False,0,0,0.0,standard_scan,flatbed
scan_rotated/images/esp_id/70.jpg,scan_rotated,esp_id,NATIONAL_ID,70,False,False,0,0,0.0,standard_scan,flatbed
scan_rotated/images/esp_id/71.jpg,scan_rotated,esp_id,NATIONAL_ID,71,False,False,0,0,0.0,standard_scan,flatbed
scan_rotated/images/esp_id/72.jpg,scan_rotated,esp_id,NATIONAL_ID,72,False,False,0,0,0.0,standard_scan,flatbed
scan_rotated/images/esp_id/73.jpg,scan_rotated,esp_id,NATIONAL_ID,73,False,False,0,0,0.0,standard_scan,flatbed
scan_rotated/images/esp_id/74.jpg,scan_rotated,esp_id,NATIONAL_ID,74,False,False,0,0,0.0,standard_scan,flatbed
scan_rotated/images/esp_id/75.jpg,scan_rotated,esp_id,NATIONAL_ID,75,False,False,0,0,0.0,standard_scan,flatbed
scan_rotated/images/esp_id/76.jpg,scan_rotated,esp_id,NATIONAL_ID,76,False,False,0,0,0.0,standard_scan,flatbed
scan_rotated/images/esp_id/77.jpg,scan_rotated,esp_id,NATIONAL_ID,77,False,False,0,0,0.0,standard_scan,flatbed
scan_rotated/images/esp_id/78.jpg,scan_rotated,esp_id,NATIONAL_ID,78,False,False,0,0,0.0,standard_scan,flatbed
scan_rotated/images/esp_id/79.jpg,scan_rotated,esp_id,NATIONAL_ID,79,False,False,0,0,0.0,standard_scan,flatbed
scan_rotated/images/esp_id/80.jpg,scan_rotated,esp_id,NATIONAL_ID,80,False,False,0,0,0.0,standard_scan,flatbed
scan_rotated/images/esp_id/81.jpg,scan_rotated,esp_id,NATIONAL_ID,81,False,False,0,0,0.0,standard_scan,flatbed
scan_rotated/images/esp_id/82.jpg,scan_rotated,esp_id,NATIONAL_ID,82,False,False,0,0,0.0,standard_scan,flatbed
scan_rotated/images/esp_id/83.jpg,scan_rotated,esp_id,NATIONAL_ID,83,False,False,0,0,0.0,standard_scan,flatbed
scan_rotated/images/esp_id/84.jpg,scan_rotated,esp_id,NATIONAL_ID,84,False,False,0,0,0.0,standard_scan,flatbed
scan_rotated/images/esp_id/85.jpg,scan_rotated,esp_id,NATIONAL_ID,85,False,False,0,0,0.0,standard_scan,flatbed
scan_rotated/images/esp_id/86.jpg,scan_rotated,esp_id,NATIONAL_ID,86,False,False,0,0,0.0,standard_scan,flatbed
scan_rotated/images/esp_id/87.jpg,scan_rotated,esp_id,NATIONAL_ID,87,False,False,0,0,0.0,standard_scan,flatbed
scan_rotated/images/esp_id/88.jpg,scan_rotated,esp_id,NATIONAL_ID,88,False,False,0,0,0.0,standard_scan,flatbed
scan_rotated/images/esp_id/89.jpg,scan_rotated,esp_id,NATIONAL_ID,89,False,False,0,0,0.0,standard_scan,flatbed
scan_rotated/images/esp_id/90.jpg,scan_rotated,esp_id,NATIONAL_ID,90,False,False,0,0,0.0,standard_scan,flatbed
scan_rotated/images/esp_id/91.jpg,scan_rotated,esp_id,NATIONAL_ID,91,False,False,0,0,0.0,standard_scan,flatbed
scan_rotated/images/esp_id/92.jpg,scan_rotated,esp_id,NATIONAL_ID,92,False,False,0,0,0.0,standard_scan,flatbed
scan_rotated/images/esp_id/93.jpg,scan_rotated,esp_id,NATIONAL_ID,93,False,False,0,0,0.0,standard_scan,flatbed
scan_rotated/images/esp_id/94.jpg,scan_rotated,esp_id,NATIONAL_ID,94,False,False,0,0,0.0,standard_scan,flatbed
scan_rotated/images/esp_id/95.jpg,scan_rotated,esp_id,NATIONAL_ID,95,False,False,0,0,0.0,standard_scan,flatbed
scan_rotated/images/esp_id/96.jpg,scan_rotated,esp_id,NATIONAL_ID,96,False,False,0,0,0.0,standard_scan,flatbed
scan_rotated/images/esp_id/97.jpg,scan_rotated,esp_id,NATIONAL_ID,97,False,False,0,0,0.0,standard_scan,flatbed
scan_rotated/images/esp_id/98.jpg,scan_rotated,esp_id,NATIONAL_ID,98,False,False,0,0,0.0,standard_scan,flatbed
scan_rotated/images/esp_id/99.jpg,scan_rotated,esp_id,NATIONAL_ID,99,False,False,0,0,0.0,standard_scan,flatbed
scan_rotated/images/est_id/00.jpg,scan_rotated,est_id,NATIONAL_ID,00,False,False,0,0,0.0,standard_scan,flatbed
scan_rotated/images/est_id/01.jpg,scan_rotated,est_id,NATIONAL_ID,01,False,False,0,0,0.0,standard_scan,flatbed
scan_rotated/images/est_id/02.jpg,scan_rotated,est_id,NATIONAL_ID,02,False,False,0,0,0.0,standard_scan,flatbed
scan_rotated/images/est_id/03.jpg,scan_rotated,est_id,NATIONAL_ID,03,False,False,0,0,0.0,standard_scan,flatbed
scan_rotated/images/est_id/04.jpg,scan_rotated,est_id,NATIONAL_ID,04,False,False,0,0,0.0,standard_scan,flatbed
scan_rotated/images/est_id/05.jpg,scan_rotated,est_id,NATIONAL_ID,05,False,False,0,0,0.0,standard_scan,flatbed
scan_rotated/images/est_id/06.jpg,scan_rotated,est_id,NATIONAL_ID,06,False,False,0,0,0.0,standard_scan,flatbed
scan_rotated/images/est_id/07.jpg,scan_rotated,est_id,NATIONAL_ID,07,False,False,0,0,0.0,standard_scan,flatbed
scan_rotated/images/est_id/08.jpg,scan_rotated,est_id,NATIONAL_ID,08,False,False,0,0,0.0,standard_scan,flatbed
scan_rotated/images/est_id/09.jpg,scan_rotated,est_id,NATIONAL_ID,09,False,False,0,0,0.0,standard_scan,flatbed
scan_rotated/images/est_id/10.jpg,scan_rotated,est_id,NATIONAL_ID,10,False,False,0,0,0.0,standard_scan,flatbed
scan_rotated/images/est_id/11.jpg,scan_rotated,est_id,NATIONAL_ID,11,False,False,0,0,0.0,standard_scan,flatbed
scan_rotated/images/est_id/12.jpg,scan_rotated,est_id,NATIONAL_ID,12,False,False,0,0,0.0,standard_scan,flatbed
scan_rotated/images/est_id/13.jpg,scan_rotated,est_id,NATIONAL_ID,13,False,False,0,0,0.0,standard_scan,flatbed
scan_rotated/images/est_id/14.jpg,scan_rotated,est_id,NATIONAL_ID,14,False,False,0,0,0.0,standard_scan,flatbed
scan_rotated/images/est_id/15.jpg,scan_rotated,est_id,NATIONAL_ID,15,False,False,0,0,0.0,standard_scan,flatbed
scan_rotated/images/est_id/16.jpg,scan_rotated,est_id,NATIONAL_ID,16,False,False,0,0,0.0,standard_scan,flatbed
scan_rotated/images/est_id/17.jpg,scan_rotated,est_id,NATIONAL_ID,17,False,False,0,0,0.0,standard_scan,flatbed
scan_rotated/images/est_id/18.jpg,scan_rotated,est_id,NATIONAL_ID,18,False,False,0,0,0.0,standard_scan,flatbed
scan_rotated/images/est_id/19.jpg,scan_rotated,est_id,NATIONAL_ID,19,False,False,0,0,0.0,standard_scan,flatbed
scan_rotated/images/est_id/20.jpg,scan_rotated,est_id,NATIONAL_ID,20,False,False,0,0,0.0,standard_scan,flatbed
scan_rotated/images/est_id/21.jpg,scan_rotated,est_id,NATIONAL_ID,21,False,False,0,0,0.0,standard_scan,flatbed
scan_rotated/images/est_id/22.jpg,scan_rotated,est_id,NATIONAL_ID,22,False,False,0,0,0.0,standard_scan,flatbed
scan_rotated/images/est_id/23.jpg,scan_rotated,est_id,NATIONAL_ID,23,False,False,0,0,0.0,standard_scan,flatbed
scan_rotated/images/est_id/24.jpg,scan_rotated,est_id,NATIONAL_ID,24,False,False,0,0,0.0,standard_scan,flatbed
scan_rotated/images/est_id/25.jpg,scan_rotated,est_id,NATIONAL_ID,25,False,False,0,0,0.0,standard_scan,flatbed
scan_rotated/images/est_id/26.jpg,scan_rotated,est_id,NATIONAL_ID,26,False,False,0,0,0.0,standard_scan,flatbed
scan_rotated/images/est_id/27.jpg,scan_rotated,est_id,NATIONAL_ID,27,False,False,0,0,0.0,standard_scan,flatbed
scan_rotated/images/est_id/28.jpg,scan_rotated,est_id,NATIONAL_ID,28,False,False,0,0,0.0,standard_scan,flatbed
scan_rotated/images/est_id/29.jpg,scan_rotated,est_id,NATIONAL_ID,29,False,False,0,0,0.0,standard_scan,flatbed
scan_rotated/images/est_id/30.jpg,scan_rotated,est_id,NATIONAL_ID,30,False,False,0,0,0.0,standard_scan,flatbed
scan_rotated/images/est_id/31.jpg,scan_rotated,est_id,NATIONAL_ID,31,False,False,0,0,0.0,standard_scan,flatbed
scan_rotated/images/est_id/32.jpg,scan_rotated,est_id,NATIONAL_ID,32,False,False,0,0,0.0,standard_scan,flatbed
scan_rotated/images/est_id/33.jpg,scan_rotated,est_id,NATIONAL_ID,33,False,False,0,0,0.0,standard_scan,flatbed
scan_rotated/images/est_id/34.jpg,scan_rotated,est_id,NATIONAL_ID,34,False,False,0,0,0.0,standard_scan,flatbed
scan_rotated/images/est_id/35.jpg,scan_rotated,est_id,NATIONAL_ID,35,False,False,0,0,0.0,standard_scan,flatbed
scan_rotated/images/est_id/36.jpg,scan_rotated,est_id,NATIONAL_ID,36,False,False,0,0,0.0,standard_scan,flatbed
scan_rotated/images/est_id/37.jpg,scan_rotated,est_id,NATIONAL_ID,37,False,False,0,0,0.0,standard_scan,flatbed
scan_rotated/images/est_id/38.jpg,scan_rotated,est_id,NATIONAL_ID,38,False,False,0,0,0.0,standard_scan,flatbed
scan_rotated/images/est_id/39.jpg,scan_rotated,est_id,NATIONAL_ID,39,False,False,0,0,0.0,standard_scan,flatbed
scan_rotated/images/est_id/40.jpg,scan_rotated,est_id,NATIONAL_ID,40,False,False,0,0,0.0,standard_scan,flatbed
scan_rotated/images/est_id/41.jpg,scan_rotated,est_id,NATIONAL_ID,41,False,False,0,0,0.0,standard_scan,flatbed
scan_rotated/images/est_id/42.jpg,scan_rotated,est_id,NATIONAL_ID,42,False,False,0,0,0.0,standard_scan,flatbed
scan_rotated/images/est_id/43.jpg,scan_rotated,est_id,NATIONAL_ID,43,False,False,0,0,0.0,standard_scan,flatbed
scan_rotated/images/est_id/44.jpg,scan_rotated,est_id,NATIONAL_ID,44,False,False,0,0,0.0,standard_scan,flatbed
scan_rotated/images/est_id/45.jpg,scan_rotated,est_id,NATIONAL_ID,45,False,False,0,0,0.0,standard_scan,flatbed
scan_rotated/images/est_id/46.jpg,scan_rotated,est_id,NATIONAL_ID,46,False,False,0,0,0.0,standard_scan,flatbed
scan_rotated/images/est_id/47.jpg,scan_rotated,est_id,NATIONAL_ID,47,False,False,0,0,0.0,standard_scan,flatbed
scan_rotated/images/est_id/48.jpg,scan_rotated,est_id,NATIONAL_ID,48,False,False,0,0,0.0,standard_scan,flatbed
scan_rotated/images/est_id/49.jpg,scan_rotated,est_id,NATIONAL_ID,49,False,False,0,0,0.0,standard_scan,flatbed
scan_rotated/images/est_id/50.jpg,scan_rotated,est_id,NATIONAL_ID,50,False,False,0,0,0.0,standard_scan,flatbed
scan_rotated/images/est_id/51.jpg,scan_rotated,est_id,NATIONAL_ID,51,False,False,0,0,0.0,standard_scan,flatbed
scan_rotated/images/est_id/52.jpg,scan_rotated,est_id,NATIONAL_ID,52,False,False,0,0,0.0,standard_scan,flatbed
scan_rotated/images/est_id/53.jpg,scan_rotated,est_id,NATIONAL_ID,53,False,False,0,0,0.0,standard_scan,flatbed
scan_rotated/images/est_id/54.jpg,scan_rotated,est_id,NATIONAL_ID,54,False,False,0,0,0.0,standard_scan,flatbed
scan_rotated/images/est_id/55.jpg,scan_rotated,est_id,NATIONAL_ID,55,False,False,0,0,0.0,standard_scan,flatbed
scan_rotated/images/est_id/56.jpg,scan_rotated,est_id,NATIONAL_ID,56,False,False,0,0,0.0,standard_scan,flatbed
scan_rotated/images/est_id/57.jpg,scan_rotated,est_id,NATIONAL_ID,57,False,False,0,0,0.0,standard_scan,flatbed
scan_rotated/images/est_id/58.jpg,scan_rotated,est_id,NATIONAL_ID,58,False,False,0,0,0.0,standard_scan,flatbed
scan_rotated/images/est_id/59.jpg,scan_rotated,est_id,NATIONAL_ID,59,False,False,0,0,0.0,standard_scan,flatbed
scan_rotated/images/est_id/60.jpg,scan_rotated,est_id,NATIONAL_ID,60,False,False,0,0,0.0,standard_scan,flatbed
scan_rotated/images/est_id/61.jpg,scan_rotated,est_id,NATIONAL_ID,61,False,False,0,0,0.0,standard_scan,flatbed
scan_rotated/images/est_id/62.jpg,scan_rotated,est_id,NATIONAL_ID,62,False,False,0,0,0.0,standard_scan,flatbed
scan_rotated/images/est_id/63.jpg,scan_rotated,est_id,NATIONAL_ID,63,False,False,0,0,0.0,standard_scan,flatbed
scan_rotated/images/est_id/64.jpg,scan_rotated,est_id,NATIONAL_ID,64,False,False,0,0,0.0,standard_scan,flatbed
scan_rotated/images/est_id/65.jpg,scan_rotated,est_id,NATIONAL_ID,65,False,False,0,0,0.0,standard_scan,flatbed
scan_rotated/images/est_id/66.jpg,scan_rotated,est_id,NATIONAL_ID,66,False,False,0,0,0.0,standard_scan,flatbed
scan_rotated/images/est_id/67.jpg,scan_rotated,est_id,NATIONAL_ID,67,False,False,0,0,0.0,standard_scan,flatbed
scan_rotated/images/est_id/68.jpg,scan_rotated,est_id,NATIONAL_ID,68,False,False,0,0,0.0,standard_scan,flatbed
scan_rotated/images/est_id/69.jpg,scan_rotated,est_id,NATIONAL_ID,69,False,False,0,0,0.0,standard_scan,flatbed
scan_rotated/images/est_id/70.jpg,scan_rotated,est_id,NATIONAL_ID,70,False,False,0,0,0.0,standard_scan,flatbed
scan_rotated/images/est_id/71.jpg,scan_rotated,est_id,NATIONAL_ID,71,False,False,0,0,0.0,standard_scan,flatbed
scan_rotated/images/est_id/72.jpg,scan_rotated,est_id,NATIONAL_ID,72,False,False,0,0,0.0,standard_scan,flatbed
scan_rotated/images/est_id/73.jpg,scan_rotated,est_id,NATIONAL_ID,73,False,False,0,0,0.0,standard_scan,flatbed
scan_rotated/images/est_id/74.jpg,scan_rotated,est_id,NATIONAL_ID,74,False,False,0,0,0.0,standard_scan,flatbed
scan_rotated/images/est_id/75.jpg,scan_rotated,est_id,NATIONAL_ID,75,False,False,0,0,0.0,standard_scan,flatbed
scan_rotated/images/est_id/76.jpg,scan_rotated,est_id,NATIONAL_ID,76,False,False,0,0,0.0,standard_scan,flatbed
scan_rotated/images/est_id/77.jpg,scan_rotated,est_id,NATIONAL_ID,77,False,False,0,0,0.0,standard_scan,flatbed
scan_rotated/images/est_id/78.jpg,scan_rotated,est_id,NATIONAL_ID,78,False,False,0,0,0.0,standard_scan,flatbed
scan_rotated/images/est_id/79.jpg,scan_rotated,est_id,NATIONAL_ID,79,False,False,0,0,0.0,standard_scan,flatbed
scan_rotated/images/est_id/80.jpg,scan_rotated,est_id,NATIONAL_ID,80,False,False,0,0,0.0,standard_scan,flatbed
scan_rotated/images/est_id/81.jpg,scan_rotated,est_id,NATIONAL_ID,81,False,False,0,0,0.0,standard_scan,flatbed
scan_rotated/images/est_id/82.jpg,scan_rotated,est_id,NATIONAL_ID,82,False,False,0,0,0.0,standard_scan,flatbed
scan_rotated/images/est_id/83.jpg,scan_rotated,est_id,NATIONAL_ID,83,False,False,0,0,0.0,standard_scan,flatbed
scan_rotated/images/est_id/84.jpg,scan_rotated,est_id,NATIONAL_ID,84,False,False,0,0,0.0,standard_scan,flatbed
scan_rotated/images/est_id/85.jpg,scan_rotated,est_id,NATIONAL_ID,85,False,False,0,0,0.0,standard_scan,flatbed
scan_rotated/images/est_id/86.jpg,scan_rotated,est_id,NATIONAL_ID,86,False,False,0,0,0.0,standard_scan,flatbed
scan_rotated/images/est_id/87.jpg,scan_rotated,est_id,NATIONAL_ID,87,False,False,0,0,0.0,standard_scan,flatbed
scan_rotated/images/est_id/88.jpg,scan_rotated,est_id,NATIONAL_ID,88,False,False,0,0,0.0,standard_scan,flatbed
scan_rotated/images/est_id/89.jpg,scan_rotated,est_id,NATIONAL_ID,89,False,False,0,0,0.0,standard_scan,flatbed
scan_rotated/images/est_id/90.jpg,scan_rotated,est_id,NATIONAL_ID,90,False,False,0,0,0.0,standard_scan,flatbed
scan_rotated/images/est_id/91.jpg,scan_rotated,est_id,NATIONAL_ID,91,False,False,0,0,0.0,standard_scan,flatbed
scan_rotated/images/est_id/92.jpg,scan_rotated,est_id,NATIONAL_ID,92,False,False,0,0,0.0,standard_scan,flatbed
scan_rotated/images/est_id/93.jpg,scan_rotated,est_id,NATIONAL_ID,93,False,False,0,0,0.0,standard_scan,flatbed
scan_rotated/images/est_id/94.jpg,scan_rotated,est_id,NATIONAL_ID,94,False,False,0,0,0.0,standard_scan,flatbed
scan_rotated/images/est_id/95.jpg,scan_rotated,est_id,NATIONAL_ID,95,False,False,0,0,0.0,standard_scan,flatbed
scan_rotated/images/est_id/96.jpg,scan_rotated,est_id,NATIONAL_ID,96,False,False,0,0,0.0,standard_scan,flatbed
scan_rotated/images/est_id/97.jpg,scan_rotated,est_id,NATIONAL_ID,97,False,False,0,0,0.0,standard_scan,flatbed
scan_rotated/images/est_id/98.jpg,scan_rotated,est_id,NATIONAL_ID,98,False,False,0,0,0.0,standard_scan,flatbed
scan_rotated/images/est_id/99.jpg,scan_rotated,est_id,NATIONAL_ID,99,False,False,0,0,0.0,standard_scan,flatbed
scan_rotated/images/fin_id/00.jpg,scan_rotated,fin_id,NATIONAL_ID,00,False,False,0,0,0.0,standard_scan,flatbed
scan_rotated/images/fin_id/01.jpg,scan_rotated,fin_id,NATIONAL_ID,01,False,False,0,0,0.0,standard_scan,flatbed
scan_rotated/images/fin_id/02.jpg,scan_rotated,fin_id,NATIONAL_ID,02,False,False,0,0,0.0,standard_scan,flatbed
scan_rotated/images/fin_id/03.jpg,scan_rotated,fin_id,NATIONAL_ID,03,False,False,0,0,0.0,standard_scan,flatbed
scan_rotated/images/fin_id/04.jpg,scan_rotated,fin_id,NATIONAL_ID,04,False,False,0,0,0.0,standard_scan,flatbed
scan_rotated/images/fin_id/05.jpg,scan_rotated,fin_id,NATIONAL_ID,05,False,False,0,0,0.0,standard_scan,flatbed
scan_rotated/images/fin_id/06.jpg,scan_rotated,fin_id,NATIONAL_ID,06,False,False,0,0,0.0,standard_scan,flatbed
scan_rotated/images/fin_id/07.jpg,scan_rotated,fin_id,NATIONAL_ID,07,False,False,0,0,0.0,standard_scan,flatbed
scan_rotated/images/fin_id/08.jpg,scan_rotated,fin_id,NATIONAL_ID,08,False,False,0,0,0.0,standard_scan,flatbed
scan_rotated/images/fin_id/09.jpg,scan_rotated,fin_id,NATIONAL_ID,09,False,False,0,0,0.0,standard_scan,flatbed
scan_rotated/images/fin_id/10.jpg,scan_rotated,fin_id,NATIONAL_ID,10,False,False,0,0,0.0,standard_scan,flatbed
scan_rotated/images/fin_id/11.jpg,scan_rotated,fin_id,NATIONAL_ID,11,False,False,0,0,0.0,standard_scan,flatbed
scan_rotated/images/fin_id/12.jpg,scan_rotated,fin_id,NATIONAL_ID,12,False,False,0,0,0.0,standard_scan,flatbed
scan_rotated/images/fin_id/13.jpg,scan_rotated,fin_id,NATIONAL_ID,13,False,False,0,0,0.0,standard_scan,flatbed
scan_rotated/images/fin_id/14.jpg,scan_rotated,fin_id,NATIONAL_ID,14,False,False,0,0,0.0,standard_scan,flatbed
scan_rotated/images/fin_id/15.jpg,scan_rotated,fin_id,NATIONAL_ID,15,False,False,0,0,0.0,standard_scan,flatbed
scan_rotated/images/fin_id/16.jpg,scan_rotated,fin_id,NATIONAL_ID,16,False,False,0,0,0.0,standard_scan,flatbed
scan_rotated/images/fin_id/17.jpg,scan_rotated,fin_id,NATIONAL_ID,17,False,False,0,0,0.0,standard_scan,flatbed
scan_rotated/images/fin_id/18.jpg,scan_rotated,fin_id,NATIONAL_ID,18,False,False,0,0,0.0,standard_scan,flatbed
scan_rotated/images/fin_id/19.jpg,scan_rotated,fin_id,NATIONAL_ID,19,False,False,0,0,0.0,standard_scan,flatbed
scan_rotated/images/fin_id/20.jpg,scan_rotated,fin_id,NATIONAL_ID,20,False,False,0,0,0.0,standard_scan,flatbed
scan_rotated/images/fin_id/21.jpg,scan_rotated,fin_id,NATIONAL_ID,21,False,False,0,0,0.0,standard_scan,flatbed
scan_rotated/images/fin_id/22.jpg,scan_rotated,fin_id,NATIONAL_ID,22,False,False,0,0,0.0,standard_scan,flatbed
scan_rotated/images/fin_id/23.jpg,scan_rotated,fin_id,NATIONAL_ID,23,False,False,0,0,0.0,standard_scan,flatbed
scan_rotated/images/fin_id/24.jpg,scan_rotated,fin_id,NATIONAL_ID,24,False,False,0,0,0.0,standard_scan,flatbed
scan_rotated/images/fin_id/25.jpg,scan_rotated,fin_id,NATIONAL_ID,25,False,False,0,0,0.0,standard_scan,flatbed
scan_rotated/images/fin_id/26.jpg,scan_rotated,fin_id,NATIONAL_ID,26,False,False,0,0,0.0,standard_scan,flatbed
scan_rotated/images/fin_id/27.jpg,scan_rotated,fin_id,NATIONAL_ID,27,False,False,0,0,0.0,standard_scan,flatbed
scan_rotated/images/fin_id/28.jpg,scan_rotated,fin_id,NATIONAL_ID,28,False,False,0,0,0.0,standard_scan,flatbed
scan_rotated/images/fin_id/29.jpg,scan_rotated,fin_id,NATIONAL_ID,29,False,False,0,0,0.0,standard_scan,flatbed
scan_rotated/images/fin_id/30.jpg,scan_rotated,fin_id,NATIONAL_ID,30,False,False,0,0,0.0,standard_scan,flatbed
scan_rotated/images/fin_id/31.jpg,scan_rotated,fin_id,NATIONAL_ID,31,False,False,0,0,0.0,standard_scan,flatbed
scan_rotated/images/fin_id/32.jpg,scan_rotated,fin_id,NATIONAL_ID,32,False,False,0,0,0.0,standard_scan,flatbed
scan_rotated/images/fin_id/33.jpg,scan_rotated,fin_id,NATIONAL_ID,33,False,False,0,0,0.0,standard_scan,flatbed
scan_rotated/images/fin_id/34.jpg,scan_rotated,fin_id,NATIONAL_ID,34,False,False,0,0,0.0,standard_scan,flatbed
scan_rotated/images/fin_id/35.jpg,scan_rotated,fin_id,NATIONAL_ID,35,False,False,0,0,0.0,standard_scan,flatbed
scan_rotated/images/fin_id/36.jpg,scan_rotated,fin_id,NATIONAL_ID,36,False,False,0,0,0.0,standard_scan,flatbed
scan_rotated/images/fin_id/37.jpg,scan_rotated,fin_id,NATIONAL_ID,37,False,False,0,0,0.0,standard_scan,flatbed
scan_rotated/images/fin_id/38.jpg,scan_rotated,fin_id,NATIONAL_ID,38,False,False,0,0,0.0,standard_scan,flatbed
scan_rotated/images/fin_id/39.jpg,scan_rotated,fin_id,NATIONAL_ID,39,False,False,0,0,0.0,standard_scan,flatbed
scan_rotated/images/fin_id/40.jpg,scan_rotated,fin_id,NATIONAL_ID,40,False,False,0,0,0.0,standard_scan,flatbed
scan_rotated/images/fin_id/41.jpg,scan_rotated,fin_id,NATIONAL_ID,41,False,False,0,0,0.0,standard_scan,flatbed
scan_rotated/images/fin_id/42.jpg,scan_rotated,fin_id,NATIONAL_ID,42,False,False,0,0,0.0,standard_scan,flatbed
scan_rotated/images/fin_id/43.jpg,scan_rotated,fin_id,NATIONAL_ID,43,False,False,0,0,0.0,standard_scan,flatbed
scan_rotated/images/fin_id/44.jpg,scan_rotated,fin_id,NATIONAL_ID,44,False,False,0,0,0.0,standard_scan,flatbed
scan_rotated/images/fin_id/45.jpg,scan_rotated,fin_id,NATIONAL_ID,45,False,False,0,0,0.0,standard_scan,flatbed
scan_rotated/images/fin_id/46.jpg,scan_rotated,fin_id,NATIONAL_ID,46,False,False,0,0,0.0,standard_scan,flatbed
scan_rotated/images/fin_id/47.jpg,scan_rotated,fin_id,NATIONAL_ID,47,False,False,0,0,0.0,standard_scan,flatbed
scan_rotated/images/fin_id/48.jpg,scan_rotated,fin_id,NATIONAL_ID,48,False,False,0,0,0.0,standard_scan,flatbed
scan_rotated/images/fin_id/49.jpg,scan_rotated,fin_id,NATIONAL_ID,49,False,False,0,0,0.0,standard_scan,flatbed
scan_rotated/images/fin_id/50.jpg,scan_rotated,fin_id,NATIONAL_ID,50,False,False,0,0,0.0,standard_scan,flatbed
scan_rotated/images/fin_id/51.jpg,scan_rotated,fin_id,NATIONAL_ID,51,False,False,0,0,0.0,standard_scan,flatbed
scan_rotated/images/fin_id/52.jpg,scan_rotated,fin_id,NATIONAL_ID,52,False,False,0,0,0.0,standard_scan,flatbed
scan_rotated/images/fin_id/53.jpg,scan_rotated,fin_id,NATIONAL_ID,53,False,False,0,0,0.0,standard_scan,flatbed
scan_rotated/images/fin_id/54.jpg,scan_rotated,fin_id,NATIONAL_ID,54,False,False,0,0,0.0,standard_scan,flatbed
scan_rotated/images/fin_id/55.jpg,scan_rotated,fin_id,NATIONAL_ID,55,False,False,0,0,0.0,standard_scan,flatbed
scan_rotated/images/fin_id/56.jpg,scan_rotated,fin_id,NATIONAL_ID,56,False,False,0,0,0.0,standard_scan,flatbed
scan_rotated/images/fin_id/57.jpg,scan_rotated,fin_id,NATIONAL_ID,57,False,False,0,0,0.0,standard_scan,flatbed
scan_rotated/images/fin_id/58.jpg,scan_rotated,fin_id,NATIONAL_ID,58,False,False,0,0,0.0,standard_scan,flatbed
scan_rotated/images/fin_id/59.jpg,scan_rotated,fin_id,NATIONAL_ID,59,False,False,0,0,0.0,standard_scan,flatbed
scan_rotated/images/fin_id/60.jpg,scan_rotated,fin_id,NATIONAL_ID,60,False,False,0,0,0.0,standard_scan,flatbed
scan_rotated/images/fin_id/61.jpg,scan_rotated,fin_id,NATIONAL_ID,61,False,False,0,0,0.0,standard_scan,flatbed
scan_rotated/images/fin_id/62.jpg,scan_rotated,fin_id,NATIONAL_ID,62,False,False,0,0,0.0,standard_scan,flatbed
scan_rotated/images/fin_id/63.jpg,scan_rotated,fin_id,NATIONAL_ID,63,False,False,0,0,0.0,standard_scan,flatbed
scan_rotated/images/fin_id/64.jpg,scan_rotated,fin_id,NATIONAL_ID,64,False,False,0,0,0.0,standard_scan,flatbed
scan_rotated/images/fin_id/65.jpg,scan_rotated,fin_id,NATIONAL_ID,65,False,False,0,0,0.0,standard_scan,flatbed
scan_rotated/images/fin_id/66.jpg,scan_rotated,fin_id,NATIONAL_ID,66,False,False,0,0,0.0,standard_scan,flatbed
scan_rotated/images/fin_id/67.jpg,scan_rotated,fin_id,NATIONAL_ID,67,False,False,0,0,0.0,standard_scan,flatbed
scan_rotated/images/fin_id/68.jpg,scan_rotated,fin_id,NATIONAL_ID,68,False,False,0,0,0.0,standard_scan,flatbed
scan_rotated/images/fin_id/69.jpg,scan_rotated,fin_id,NATIONAL_ID,69,False,False,0,0,0.0,standard_scan,flatbed
scan_rotated/images/fin_id/70.jpg,scan_rotated,fin_id,NATIONAL_ID,70,False,False,0,0,0.0,standard_scan,flatbed
scan_rotated/images/fin_id/71.jpg,scan_rotated,fin_id,NATIONAL_ID,71,False,False,0,0,0.0,standard_scan,flatbed
scan_rotated/images/fin_id/72.jpg,scan_rotated,fin_id,NATIONAL_ID,72,False,False,0,0,0.0,standard_scan,flatbed
scan_rotated/images/fin_id/73.jpg,scan_rotated,fin_id,NATIONAL_ID,73,False,False,0,0,0.0,standard_scan,flatbed
scan_rotated/images/fin_id/74.jpg,scan_rotated,fin_id,NATIONAL_ID,74,False,False,0,0,0.0,standard_scan,flatbed
scan_rotated/images/fin_id/75.jpg,scan_rotated,fin_id,NATIONAL_ID,75,False,False,0,0,0.0,standard_scan,flatbed
scan_rotated/images/fin_id/76.jpg,scan_rotated,fin_id,NATIONAL_ID,76,False,False,0,0,0.0,standard_scan,flatbed
scan_rotated/images/fin_id/77.jpg,scan_rotated,fin_id,NATIONAL_ID,77,False,False,0,0,0.0,standard_scan,flatbed
scan_rotated/images/fin_id/78.jpg,scan_rotated,fin_id,NATIONAL_ID,78,False,False,0,0,0.0,standard_scan,flatbed
scan_rotated/images/fin_id/79.jpg,scan_rotated,fin_id,NATIONAL_ID,79,False,False,0,0,0.0,standard_scan,flatbed
scan_rotated/images/fin_id/80.jpg,scan_rotated,fin_id,NATIONAL_ID,80,False,False,0,0,0.0,standard_scan,flatbed
scan_rotated/images/fin_id/81.jpg,scan_rotated,fin_id,NATIONAL_ID,81,False,False,0,0,0.0,standard_scan,flatbed
scan_rotated/images/fin_id/82.jpg,scan_rotated,fin_id,NATIONAL_ID,82,False,False,0,0,0.0,standard_scan,flatbed
scan_rotated/images/fin_id/83.jpg,scan_rotated,fin_id,NATIONAL_ID,83,False,False,0,0,0.0,standard_scan,flatbed
scan_rotated/images/fin_id/84.jpg,scan_rotated,fin_id,NATIONAL_ID,84,False,False,0,0,0.0,standard_scan,flatbed
scan_rotated/images/fin_id/85.jpg,scan_rotated,fin_id,NATIONAL_ID,85,False,False,0,0,0.0,standard_scan,flatbed
scan_rotated/images/fin_id/86.jpg,scan_rotated,fin_id,NATIONAL_ID,86,False,False,0,0,0.0,standard_scan,flatbed
scan_rotated/images/fin_id/87.jpg,scan_rotated,fin_id,NATIONAL_ID,87,False,False,0,0,0.0,standard_scan,flatbed
scan_rotated/images/fin_id/88.jpg,scan_rotated,fin_id,NATIONAL_ID,88,False,False,0,0,0.0,standard_scan,flatbed
scan_rotated/images/fin_id/89.jpg,scan_rotated,fin_id,NATIONAL_ID,89,False,False,0,0,0.0,standard_scan,flatbed
scan_rotated/images/fin_id/90.jpg,scan_rotated,fin_id,NATIONAL_ID,90,False,False,0,0,0.0,standard_scan,flatbed
scan_rotated/images/fin_id/91.jpg,scan_rotated,fin_id,NATIONAL_ID,91,False,False,0,0,0.0,standard_scan,flatbed
scan_rotated/images/fin_id/92.jpg,scan_rotated,fin_id,NATIONAL_ID,92,False,False,0,0,0.0,standard_scan,flatbed
scan_rotated/images/fin_id/93.jpg,scan_rotated,fin_id,NATIONAL_ID,93,False,False,0,0,0.0,standard_scan,flatbed
scan_rotated/images/fin_id/94.jpg,scan_rotated,fin_id,NATIONAL_ID,94,False,False,0,0,0.0,standard_scan,flatbed
scan_rotated/images/fin_id/95.jpg,scan_rotated,fin_id,NATIONAL_ID,95,False,False,0,0,0.0,standard_scan,flatbed
scan_rotated/images/fin_id/96.jpg,scan_rotated,fin_id,NATIONAL_ID,96,False,False,0,0,0.0,standard_scan,flatbed
scan_rotated/images/fin_id/97.jpg,scan_rotated,fin_id,NATIONAL_ID,97,False,False,0,0,0.0,standard_scan,flatbed
scan_rotated/images/fin_id/98.jpg,scan_rotated,fin_id,NATIONAL_ID,98,False,False,0,0,0.0,standard_scan,flatbed
scan_rotated/images/fin_id/99.jpg,scan_rotated,fin_id,NATIONAL_ID,99,False,False,0,0,0.0,standard_scan,flatbed
scan_rotated/images/grc_passport/00.jpg,scan_rotated,grc_passport,TRAVEL_DOCUMENT,00,False,False,0,0,0.0,standard_scan,flatbed
scan_rotated/images/grc_passport/01.jpg,scan_rotated,grc_passport,TRAVEL_DOCUMENT,01,False,False,0,0,0.0,standard_scan,flatbed
scan_rotated/images/grc_passport/02.jpg,scan_rotated,grc_passport,TRAVEL_DOCUMENT,02,False,False,0,0,0.0,standard_scan,flatbed
scan_rotated/images/grc_passport/03.jpg,scan_rotated,grc_passport,TRAVEL_DOCUMENT,03,False,False,0,0,0.0,standard_scan,flatbed
scan_rotated/images/grc_passport/04.jpg,scan_rotated,grc_passport,TRAVEL_DOCUMENT,04,False,False,0,0,0.0,standard_scan,flatbed
scan_rotated/images/grc_passport/05.jpg,scan_rotated,grc_passport,TRAVEL_DOCUMENT,05,False,False,0,0,0.0,standard_scan,flatbed
scan_rotated/images/grc_passport/06.jpg,scan_rotated,grc_passport,TRAVEL_DOCUMENT,06,False,False,0,0,0.0,standard_scan,flatbed
scan_rotated/images/grc_passport/07.jpg,scan_rotated,grc_passport,TRAVEL_DOCUMENT,07,False,False,0,0,0.0,standard_scan,flatbed
scan_rotated/images/grc_passport/08.jpg,scan_rotated,grc_passport,TRAVEL_DOCUMENT,08,False,False,0,0,0.0,standard_scan,flatbed
scan_rotated/images/grc_passport/09.jpg,scan_rotated,grc_passport,TRAVEL_DOCUMENT,09,False,False,0,0,0.0,standard_scan,flatbed
scan_rotated/images/grc_passport/10.jpg,scan_rotated,grc_passport,TRAVEL_DOCUMENT,10,False,False,0,0,0.0,standard_scan,flatbed
scan_rotated/images/grc_passport/11.jpg,scan_rotated,grc_passport,TRAVEL_DOCUMENT,11,False,False,0,0,0.0,standard_scan,flatbed
scan_rotated/images/grc_passport/12.jpg,scan_rotated,grc_passport,TRAVEL_DOCUMENT,12,False,False,0,0,0.0,standard_scan,flatbed
scan_rotated/images/grc_passport/13.jpg,scan_rotated,grc_passport,TRAVEL_DOCUMENT,13,False,False,0,0,0.0,standard_scan,flatbed
scan_rotated/images/grc_passport/14.jpg,scan_rotated,grc_passport,TRAVEL_DOCUMENT,14,False,False,0,0,0.0,standard_scan,flatbed
scan_rotated/images/grc_passport/15.jpg,scan_rotated,grc_passport,TRAVEL_DOCUMENT,15,False,False,0,0,0.0,standard_scan,flatbed
scan_rotated/images/grc_passport/16.jpg,scan_rotated,grc_passport,TRAVEL_DOCUMENT,16,False,False,0,0,0.0,standard_scan,flatbed
scan_rotated/images/grc_passport/17.jpg,scan_rotated,grc_passport,TRAVEL_DOCUMENT,17,False,False,0,0,0.0,standard_scan,flatbed
scan_rotated/images/grc_passport/18.jpg,scan_rotated,grc_passport,TRAVEL_DOCUMENT,18,False,False,0,0,0.0,standard_scan,flatbed
scan_rotated/images/grc_passport/19.jpg,scan_rotated,grc_passport,TRAVEL_DOCUMENT,19,False,False,0,0,0.0,standard_scan,flatbed
scan_rotated/images/grc_passport/20.jpg,scan_rotated,grc_passport,TRAVEL_DOCUMENT,20,False,False,0,0,0.0,standard_scan,flatbed
scan_rotated/images/grc_passport/21.jpg,scan_rotated,grc_passport,TRAVEL_DOCUMENT,21,False,False,0,0,0.0,standard_scan,flatbed
scan_rotated/images/grc_passport/22.jpg,scan_rotated,grc_passport,TRAVEL_DOCUMENT,22,False,False,0,0,0.0,standard_scan,flatbed
scan_rotated/images/grc_passport/23.jpg,scan_rotated,grc_passport,TRAVEL_DOCUMENT,23,False,False,0,0,0.0,standard_scan,flatbed
scan_rotated/images/grc_passport/24.jpg,scan_rotated,grc_passport,TRAVEL_DOCUMENT,24,False,False,0,0,0.0,standard_scan,flatbed
scan_rotated/images/grc_passport/25.jpg,scan_rotated,grc_passport,TRAVEL_DOCUMENT,25,False,False,0,0,0.0,standard_scan,flatbed
scan_rotated/images/grc_passport/26.jpg,scan_rotated,grc_passport,TRAVEL_DOCUMENT,26,False,False,0,0,0.0,standard_scan,flatbed
scan_rotated/images/grc_passport/27.jpg,scan_rotated,grc_passport,TRAVEL_DOCUMENT,27,False,False,0,0,0.0,standard_scan,flatbed
scan_rotated/images/grc_passport/28.jpg,scan_rotated,grc_passport,TRAVEL_DOCUMENT,28,False,False,0,0,0.0,standard_scan,flatbed
scan_rotated/images/grc_passport/29.jpg,scan_rotated,grc_passport,TRAVEL_DOCUMENT,29,False,False,0,0,0.0,standard_scan,flatbed
scan_rotated/images/grc_passport/30.jpg,scan_rotated,grc_passport,TRAVEL_DOCUMENT,30,False,False,0,0,0.0,standard_scan,flatbed
scan_rotated/images/grc_passport/31.jpg,scan_rotated,grc_passport,TRAVEL_DOCUMENT,31,False,False,0,0,0.0,standard_scan,flatbed
scan_rotated/images/grc_passport/32.jpg,scan_rotated,grc_passport,TRAVEL_DOCUMENT,32,False,False,0,0,0.0,standard_scan,flatbed
scan_rotated/images/grc_passport/33.jpg,scan_rotated,grc_passport,TRAVEL_DOCUMENT,33,False,False,0,0,0.0,standard_scan,flatbed
scan_rotated/images/grc_passport/34.jpg,scan_rotated,grc_passport,TRAVEL_DOCUMENT,34,False,False,0,0,0.0,standard_scan,flatbed
scan_rotated/images/grc_passport/35.jpg,scan_rotated,grc_passport,TRAVEL_DOCUMENT,35,False,False,0,0,0.0,standard_scan,flatbed
scan_rotated/images/grc_passport/36.jpg,scan_rotated,grc_passport,TRAVEL_DOCUMENT,36,False,False,0,0,0.0,standard_scan,flatbed
scan_rotated/images/grc_passport/37.jpg,scan_rotated,grc_passport,TRAVEL_DOCUMENT,37,False,False,0,0,0.0,standard_scan,flatbed
scan_rotated/images/grc_passport/38.jpg,scan_rotated,grc_passport,TRAVEL_DOCUMENT,38,False,False,0,0,0.0,standard_scan,flatbed
scan_rotated/images/grc_passport/39.jpg,scan_rotated,grc_passport,TRAVEL_DOCUMENT,39,False,False,0,0,0.0,standard_scan,flatbed
scan_rotated/images/grc_passport/40.jpg,scan_rotated,grc_passport,TRAVEL_DOCUMENT,40,False,False,0,0,0.0,standard_scan,flatbed
scan_rotated/images/grc_passport/41.jpg,scan_rotated,grc_passport,TRAVEL_DOCUMENT,41,False,False,0,0,0.0,standard_scan,flatbed
scan_rotated/images/grc_passport/42.jpg,scan_rotated,grc_passport,TRAVEL_DOCUMENT,42,False,False,0,0,0.0,standard_scan,flatbed
scan_rotated/images/grc_passport/43.jpg,scan_rotated,grc_passport,TRAVEL_DOCUMENT,43,False,False,0,0,0.0,standard_scan,flatbed
scan_rotated/images/grc_passport/44.jpg,scan_rotated,grc_passport,TRAVEL_DOCUMENT,44,False,False,0,0,0.0,standard_scan,flatbed
scan_rotated/images/grc_passport/45.jpg,scan_rotated,grc_passport,TRAVEL_DOCUMENT,45,False,False,0,0,0.0,standard_scan,flatbed
scan_rotated/images/grc_passport/46.jpg,scan_rotated,grc_passport,TRAVEL_DOCUMENT,46,False,False,0,0,0.0,standard_scan,flatbed
scan_rotated/images/grc_passport/47.jpg,scan_rotated,grc_passport,TRAVEL_DOCUMENT,47,False,False,0,0,0.0,standard_scan,flatbed
scan_rotated/images/grc_passport/48.jpg,scan_rotated,grc_passport,TRAVEL_DOCUMENT,48,False,False,0,0,0.0,standard_scan,flatbed
scan_rotated/images/grc_passport/49.jpg,scan_rotated,grc_passport,TRAVEL_DOCUMENT,49,False,False,0,0,0.0,standard_scan,flatbed
scan_rotated/images/grc_passport/50.jpg,scan_rotated,grc_passport,TRAVEL_DOCUMENT,50,False,False,0,0,0.0,standard_scan,flatbed
scan_rotated/images/grc_passport/51.jpg,scan_rotated,grc_passport,TRAVEL_DOCUMENT,51,False,False,0,0,0.0,standard_scan,flatbed
scan_rotated/images/grc_passport/52.jpg,scan_rotated,grc_passport,TRAVEL_DOCUMENT,52,False,False,0,0,0.0,standard_scan,flatbed
scan_rotated/images/grc_passport/53.jpg,scan_rotated,grc_passport,TRAVEL_DOCUMENT,53,False,False,0,0,0.0,standard_scan,flatbed
scan_rotated/images/grc_passport/54.jpg,scan_rotated,grc_passport,TRAVEL_DOCUMENT,54,False,False,0,0,0.0,standard_scan,flatbed
scan_rotated/images/grc_passport/55.jpg,scan_rotated,grc_passport,TRAVEL_DOCUMENT,55,False,False,0,0,0.0,standard_scan,flatbed
scan_rotated/images/grc_passport/56.jpg,scan_rotated,grc_passport,TRAVEL_DOCUMENT,56,False,False,0,0,0.0,standard_scan,flatbed
scan_rotated/images/grc_passport/57.jpg,scan_rotated,grc_passport,TRAVEL_DOCUMENT,57,False,False,0,0,0.0,standard_scan,flatbed
scan_rotated/images/grc_passport/58.jpg,scan_rotated,grc_passport,TRAVEL_DOCUMENT,58,False,False,0,0,0.0,standard_scan,flatbed
scan_rotated/images/grc_passport/59.jpg,scan_rotated,grc_passport,TRAVEL_DOCUMENT,59,False,False,0,0,0.0,standard_scan,flatbed
scan_rotated/images/grc_passport/60.jpg,scan_rotated,grc_passport,TRAVEL_DOCUMENT,60,False,False,0,0,0.0,standard_scan,flatbed
scan_rotated/images/grc_passport/61.jpg,scan_rotated,grc_passport,TRAVEL_DOCUMENT,61,False,False,0,0,0.0,standard_scan,flatbed
scan_rotated/images/grc_passport/62.jpg,scan_rotated,grc_passport,TRAVEL_DOCUMENT,62,False,False,0,0,0.0,standard_scan,flatbed
scan_rotated/images/grc_passport/63.jpg,scan_rotated,grc_passport,TRAVEL_DOCUMENT,63,False,False,0,0,0.0,standard_scan,flatbed
scan_rotated/images/grc_passport/64.jpg,scan_rotated,grc_passport,TRAVEL_DOCUMENT,64,False,False,0,0,0.0,standard_scan,flatbed
scan_rotated/images/grc_passport/65.jpg,scan_rotated,grc_passport,TRAVEL_DOCUMENT,65,False,False,0,0,0.0,standard_scan,flatbed
scan_rotated/images/grc_passport/66.jpg,scan_rotated,grc_passport,TRAVEL_DOCUMENT,66,False,False,0,0,0.0,standard_scan,flatbed
scan_rotated/images/grc_passport/67.jpg,scan_rotated,grc_passport,TRAVEL_DOCUMENT,67,False,False,0,0,0.0,standard_scan,flatbed
scan_rotated/images/grc_passport/68.jpg,scan_rotated,grc_passport,TRAVEL_DOCUMENT,68,False,False,0,0,0.0,standard_scan,flatbed
scan_rotated/images/grc_passport/69.jpg,scan_rotated,grc_passport,TRAVEL_DOCUMENT,69,False,False,0,0,0.0,standard_scan,flatbed
scan_rotated/images/grc_passport/70.jpg,scan_rotated,grc_passport,TRAVEL_DOCUMENT,70,False,False,0,0,0.0,standard_scan,flatbed
scan_rotated/images/grc_passport/71.jpg,scan_rotated,grc_passport,TRAVEL_DOCUMENT,71,False,False,0,0,0.0,standard_scan,flatbed
scan_rotated/images/grc_passport/72.jpg,scan_rotated,grc_passport,TRAVEL_DOCUMENT,72,False,False,0,0,0.0,standard_scan,flatbed
scan_rotated/images/grc_passport/73.jpg,scan_rotated,grc_passport,TRAVEL_DOCUMENT,73,False,False,0,0,0.0,standard_scan,flatbed
scan_rotated/images/grc_passport/74.jpg,scan_rotated,grc_passport,TRAVEL_DOCUMENT,74,False,False,0,0,0.0,standard_scan,flatbed
scan_rotated/images/grc_passport/75.jpg,scan_rotated,grc_passport,TRAVEL_DOCUMENT,75,False,False,0,0,0.0,standard_scan,flatbed
scan_rotated/images/grc_passport/76.jpg,scan_rotated,grc_passport,TRAVEL_DOCUMENT,76,False,False,0,0,0.0,standard_scan,flatbed
scan_rotated/images/grc_passport/77.jpg,scan_rotated,grc_passport,TRAVEL_DOCUMENT,77,False,False,0,0,0.0,standard_scan,flatbed
scan_rotated/images/grc_passport/78.jpg,scan_rotated,grc_passport,TRAVEL_DOCUMENT,78,False,False,0,0,0.0,standard_scan,flatbed
scan_rotated/images/grc_passport/79.jpg,scan_rotated,grc_passport,TRAVEL_DOCUMENT,79,False,False,0,0,0.0,standard_scan,flatbed
scan_rotated/images/grc_passport/80.jpg,scan_rotated,grc_passport,TRAVEL_DOCUMENT,80,False,False,0,0,0.0,standard_scan,flatbed
scan_rotated/images/grc_passport/81.jpg,scan_rotated,grc_passport,TRAVEL_DOCUMENT,81,False,False,0,0,0.0,standard_scan,flatbed
scan_rotated/images/grc_passport/82.jpg,scan_rotated,grc_passport,TRAVEL_DOCUMENT,82,False,False,0,0,0.0,standard_scan,flatbed
scan_rotated/images/grc_passport/83.jpg,scan_rotated,grc_passport,TRAVEL_DOCUMENT,83,False,False,0,0,0.0,standard_scan,flatbed
scan_rotated/images/grc_passport/84.jpg,scan_rotated,grc_passport,TRAVEL_DOCUMENT,84,False,False,0,0,0.0,standard_scan,flatbed
scan_rotated/images/grc_passport/85.jpg,scan_rotated,grc_passport,TRAVEL_DOCUMENT,85,False,False,0,0,0.0,standard_scan,flatbed
scan_rotated/images/grc_passport/86.jpg,scan_rotated,grc_passport,TRAVEL_DOCUMENT,86,False,False,0,0,0.0,standard_scan,flatbed
scan_rotated/images/grc_passport/87.jpg,scan_rotated,grc_passport,TRAVEL_DOCUMENT,87,False,False,0,0,0.0,standard_scan,flatbed
scan_rotated/images/grc_passport/88.jpg,scan_rotated,grc_passport,TRAVEL_DOCUMENT,88,False,False,0,0,0.0,standard_scan,flatbed
scan_rotated/images/grc_passport/89.jpg,scan_rotated,grc_passport,TRAVEL_DOCUMENT,89,False,False,0,0,0.0,standard_scan,flatbed
scan_rotated/images/grc_passport/90.jpg,scan_rotated,grc_passport,TRAVEL_DOCUMENT,90,False,False,0,0,0.0,standard_scan,flatbed
scan_rotated/images/grc_passport/91.jpg,scan_rotated,grc_passport,TRAVEL_DOCUMENT,91,False,False,0,0,0.0,standard_scan,flatbed
scan_rotated/images/grc_passport/92.jpg,scan_rotated,grc_passport,TRAVEL_DOCUMENT,92,False,False,0,0,0.0,standard_scan,flatbed
scan_rotated/images/grc_passport/93.jpg,scan_rotated,grc_passport,TRAVEL_DOCUMENT,93,False,False,0,0,0.0,standard_scan,flatbed
scan_rotated/images/grc_passport/94.jpg,scan_rotated,grc_passport,TRAVEL_DOCUMENT,94,False,False,0,0,0.0,standard_scan,flatbed
scan_rotated/images/grc_passport/95.jpg,scan_rotated,grc_passport,TRAVEL_DOCUMENT,95,False,False,0,0,0.0,standard_scan,flatbed
scan_rotated/images/grc_passport/96.jpg,scan_rotated,grc_passport,TRAVEL_DOCUMENT,96,False,False,0,0,0.0,standard_scan,flatbed
scan_rotated/images/grc_passport/97.jpg,scan_rotated,grc_passport,TRAVEL_DOCUMENT,97,False,False,0,0,0.0,standard_scan,flatbed
scan_rotated/images/grc_passport/98.jpg,scan_rotated,grc_passport,TRAVEL_DOCUMENT,98,False,False,0,0,0.0,standard_scan,flatbed
scan_rotated/images/grc_passport/99.jpg,scan_rotated,grc_passport,TRAVEL_DOCUMENT,99,False,False,0,0,0.0,standard_scan,flatbed
scan_rotated/images/lva_passport/00.jpg,scan_rotated,lva_passport,TRAVEL_DOCUMENT,00,False,False,0,0,0.0,standard_scan,flatbed
scan_rotated/images/lva_passport/01.jpg,scan_rotated,lva_passport,TRAVEL_DOCUMENT,01,False,False,0,0,0.0,standard_scan,flatbed
scan_rotated/images/lva_passport/02.jpg,scan_rotated,lva_passport,TRAVEL_DOCUMENT,02,False,False,0,0,0.0,standard_scan,flatbed
scan_rotated/images/lva_passport/03.jpg,scan_rotated,lva_passport,TRAVEL_DOCUMENT,03,False,False,0,0,0.0,standard_scan,flatbed
scan_rotated/images/lva_passport/04.jpg,scan_rotated,lva_passport,TRAVEL_DOCUMENT,04,False,False,0,0,0.0,standard_scan,flatbed
scan_rotated/images/lva_passport/05.jpg,scan_rotated,lva_passport,TRAVEL_DOCUMENT,05,False,False,0,0,0.0,standard_scan,flatbed
scan_rotated/images/lva_passport/06.jpg,scan_rotated,lva_passport,TRAVEL_DOCUMENT,06,False,False,0,0,0.0,standard_scan,flatbed
scan_rotated/images/lva_passport/07.jpg,scan_rotated,lva_passport,TRAVEL_DOCUMENT,07,False,False,0,0,0.0,standard_scan,flatbed
scan_rotated/images/lva_passport/08.jpg,scan_rotated,lva_passport,TRAVEL_DOCUMENT,08,False,False,0,0,0.0,standard_scan,flatbed
scan_rotated/images/lva_passport/09.jpg,scan_rotated,lva_passport,TRAVEL_DOCUMENT,09,False,False,0,0,0.0,standard_scan,flatbed
scan_rotated/images/lva_passport/10.jpg,scan_rotated,lva_passport,TRAVEL_DOCUMENT,10,False,False,0,0,0.0,standard_scan,flatbed
scan_rotated/images/lva_passport/11.jpg,scan_rotated,lva_passport,TRAVEL_DOCUMENT,11,False,False,0,0,0.0,standard_scan,flatbed
scan_rotated/images/lva_passport/12.jpg,scan_rotated,lva_passport,TRAVEL_DOCUMENT,12,False,False,0,0,0.0,standard_scan,flatbed
scan_rotated/images/lva_passport/13.jpg,scan_rotated,lva_passport,TRAVEL_DOCUMENT,13,False,False,0,0,0.0,standard_scan,flatbed
scan_rotated/images/lva_passport/14.jpg,scan_rotated,lva_passport,TRAVEL_DOCUMENT,14,False,False,0,0,0.0,standard_scan,flatbed
scan_rotated/images/lva_passport/15.jpg,scan_rotated,lva_passport,TRAVEL_DOCUMENT,15,False,False,0,0,0.0,standard_scan,flatbed
scan_rotated/images/lva_passport/16.jpg,scan_rotated,lva_passport,TRAVEL_DOCUMENT,16,False,False,0,0,0.0,standard_scan,flatbed
scan_rotated/images/lva_passport/17.jpg,scan_rotated,lva_passport,TRAVEL_DOCUMENT,17,False,False,0,0,0.0,standard_scan,flatbed
scan_rotated/images/lva_passport/18.jpg,scan_rotated,lva_passport,TRAVEL_DOCUMENT,18,False,False,0,0,0.0,standard_scan,flatbed
scan_rotated/images/lva_passport/19.jpg,scan_rotated,lva_passport,TRAVEL_DOCUMENT,19,False,False,0,0,0.0,standard_scan,flatbed
scan_rotated/images/lva_passport/20.jpg,scan_rotated,lva_passport,TRAVEL_DOCUMENT,20,False,False,0,0,0.0,standard_scan,flatbed
scan_rotated/images/lva_passport/21.jpg,scan_rotated,lva_passport,TRAVEL_DOCUMENT,21,False,False,0,0,0.0,standard_scan,flatbed
scan_rotated/images/lva_passport/22.jpg,scan_rotated,lva_passport,TRAVEL_DOCUMENT,22,False,False,0,0,0.0,standard_scan,flatbed
scan_rotated/images/lva_passport/23.jpg,scan_rotated,lva_passport,TRAVEL_DOCUMENT,23,False,False,0,0,0.0,standard_scan,flatbed
scan_rotated/images/lva_passport/24.jpg,scan_rotated,lva_passport,TRAVEL_DOCUMENT,24,False,False,0,0,0.0,standard_scan,flatbed
scan_rotated/images/lva_passport/25.jpg,scan_rotated,lva_passport,TRAVEL_DOCUMENT,25,False,False,0,0,0.0,standard_scan,flatbed
scan_rotated/images/lva_passport/26.jpg,scan_rotated,lva_passport,TRAVEL_DOCUMENT,26,False,False,0,0,0.0,standard_scan,flatbed
scan_rotated/images/lva_passport/27.jpg,scan_rotated,lva_passport,TRAVEL_DOCUMENT,27,False,False,0,0,0.0,standard_scan,flatbed
scan_rotated/images/lva_passport/28.jpg,scan_rotated,lva_passport,TRAVEL_DOCUMENT,28,False,False,0,0,0.0,standard_scan,flatbed
scan_rotated/images/lva_passport/29.jpg,scan_rotated,lva_passport,TRAVEL_DOCUMENT,29,False,False,0,0,0.0,standard_scan,flatbed
scan_rotated/images/lva_passport/30.jpg,scan_rotated,lva_passport,TRAVEL_DOCUMENT,30,False,False,0,0,0.0,standard_scan,flatbed
scan_rotated/images/lva_passport/31.jpg,scan_rotated,lva_passport,TRAVEL_DOCUMENT,31,False,False,0,0,0.0,standard_scan,flatbed
scan_rotated/images/lva_passport/32.jpg,scan_rotated,lva_passport,TRAVEL_DOCUMENT,32,False,False,0,0,0.0,standard_scan,flatbed
scan_rotated/images/lva_passport/33.jpg,scan_rotated,lva_passport,TRAVEL_DOCUMENT,33,False,False,0,0,0.0,standard_scan,flatbed
scan_rotated/images/lva_passport/34.jpg,scan_rotated,lva_passport,TRAVEL_DOCUMENT,34,False,False,0,0,0.0,standard_scan,flatbed
scan_rotated/images/lva_passport/35.jpg,scan_rotated,lva_passport,TRAVEL_DOCUMENT,35,False,False,0,0,0.0,standard_scan,flatbed
scan_rotated/images/lva_passport/36.jpg,scan_rotated,lva_passport,TRAVEL_DOCUMENT,36,False,False,0,0,0.0,standard_scan,flatbed
scan_rotated/images/lva_passport/37.jpg,scan_rotated,lva_passport,TRAVEL_DOCUMENT,37,False,False,0,0,0.0,standard_scan,flatbed
scan_rotated/images/lva_passport/38.jpg,scan_rotated,lva_passport,TRAVEL_DOCUMENT,38,False,False,0,0,0.0,standard_scan,flatbed
scan_rotated/images/lva_passport/39.jpg,scan_rotated,lva_passport,TRAVEL_DOCUMENT,39,False,False,0,0,0.0,standard_scan,flatbed
scan_rotated/images/lva_passport/40.jpg,scan_rotated,lva_passport,TRAVEL_DOCUMENT,40,False,False,0,0,0.0,standard_scan,flatbed
scan_rotated/images/lva_passport/41.jpg,scan_rotated,lva_passport,TRAVEL_DOCUMENT,41,False,False,0,0,0.0,standard_scan,flatbed
scan_rotated/images/lva_passport/42.jpg,scan_rotated,lva_passport,TRAVEL_DOCUMENT,42,False,False,0,0,0.0,standard_scan,flatbed
scan_rotated/images/lva_passport/43.jpg,scan_rotated,lva_passport,TRAVEL_DOCUMENT,43,False,False,0,0,0.0,standard_scan,flatbed
scan_rotated/images/lva_passport/44.jpg,scan_rotated,lva_passport,TRAVEL_DOCUMENT,44,False,False,0,0,0.0,standard_scan,flatbed
scan_rotated/images/lva_passport/45.jpg,scan_rotated,lva_passport,TRAVEL_DOCUMENT,45,False,False,0,0,0.0,standard_scan,flatbed
scan_rotated/images/lva_passport/46.jpg,scan_rotated,lva_passport,TRAVEL_DOCUMENT,46,False,False,0,0,0.0,standard_scan,flatbed
scan_rotated/images/lva_passport/47.jpg,scan_rotated,lva_passport,TRAVEL_DOCUMENT,47,False,False,0,0,0.0,standard_scan,flatbed
scan_rotated/images/lva_passport/48.jpg,scan_rotated,lva_passport,TRAVEL_DOCUMENT,48,False,False,0,0,0.0,standard_scan,flatbed
scan_rotated/images/lva_passport/49.jpg,scan_rotated,lva_passport,TRAVEL_DOCUMENT,49,False,False,0,0,0.0,standard_scan,flatbed
scan_rotated/images/lva_passport/50.jpg,scan_rotated,lva_passport,TRAVEL_DOCUMENT,50,False,False,0,0,0.0,standard_scan,flatbed
scan_rotated/images/lva_passport/51.jpg,scan_rotated,lva_passport,TRAVEL_DOCUMENT,51,False,False,0,0,0.0,standard_scan,flatbed
scan_rotated/images/lva_passport/52.jpg,scan_rotated,lva_passport,TRAVEL_DOCUMENT,52,False,False,0,0,0.0,standard_scan,flatbed
scan_rotated/images/lva_passport/53.jpg,scan_rotated,lva_passport,TRAVEL_DOCUMENT,53,False,False,0,0,0.0,standard_scan,flatbed
scan_rotated/images/lva_passport/54.jpg,scan_rotated,lva_passport,TRAVEL_DOCUMENT,54,False,False,0,0,0.0,standard_scan,flatbed
scan_rotated/images/lva_passport/55.jpg,scan_rotated,lva_passport,TRAVEL_DOCUMENT,55,False,False,0,0,0.0,standard_scan,flatbed
scan_rotated/images/lva_passport/56.jpg,scan_rotated,lva_passport,TRAVEL_DOCUMENT,56,False,False,0,0,0.0,standard_scan,flatbed
scan_rotated/images/lva_passport/57.jpg,scan_rotated,lva_passport,TRAVEL_DOCUMENT,57,False,False,0,0,0.0,standard_scan,flatbed
scan_rotated/images/lva_passport/58.jpg,scan_rotated,lva_passport,TRAVEL_DOCUMENT,58,False,False,0,0,0.0,standard_scan,flatbed
scan_rotated/images/lva_passport/59.jpg,scan_rotated,lva_passport,TRAVEL_DOCUMENT,59,False,False,0,0,0.0,standard_scan,flatbed
scan_rotated/images/lva_passport/60.jpg,scan_rotated,lva_passport,TRAVEL_DOCUMENT,60,False,False,0,0,0.0,standard_scan,flatbed
scan_rotated/images/lva_passport/61.jpg,scan_rotated,lva_passport,TRAVEL_DOCUMENT,61,False,False,0,0,0.0,standard_scan,flatbed
scan_rotated/images/lva_passport/62.jpg,scan_rotated,lva_passport,TRAVEL_DOCUMENT,62,False,False,0,0,0.0,standard_scan,flatbed
scan_rotated/images/lva_passport/63.jpg,scan_rotated,lva_passport,TRAVEL_DOCUMENT,63,False,False,0,0,0.0,standard_scan,flatbed
scan_rotated/images/lva_passport/64.jpg,scan_rotated,lva_passport,TRAVEL_DOCUMENT,64,False,False,0,0,0.0,standard_scan,flatbed
scan_rotated/images/lva_passport/65.jpg,scan_rotated,lva_passport,TRAVEL_DOCUMENT,65,False,False,0,0,0.0,standard_scan,flatbed
scan_rotated/images/lva_passport/66.jpg,scan_rotated,lva_passport,TRAVEL_DOCUMENT,66,False,False,0,0,0.0,standard_scan,flatbed
scan_rotated/images/lva_passport/67.jpg,scan_rotated,lva_passport,TRAVEL_DOCUMENT,67,False,False,0,0,0.0,standard_scan,flatbed
scan_rotated/images/lva_passport/68.jpg,scan_rotated,lva_passport,TRAVEL_DOCUMENT,68,False,False,0,0,0.0,standard_scan,flatbed
scan_rotated/images/lva_passport/69.jpg,scan_rotated,lva_passport,TRAVEL_DOCUMENT,69,False,False,0,0,0.0,standard_scan,flatbed
scan_rotated/images/lva_passport/70.jpg,scan_rotated,lva_passport,TRAVEL_DOCUMENT,70,False,False,0,0,0.0,standard_scan,flatbed
scan_rotated/images/lva_passport/71.jpg,scan_rotated,lva_passport,TRAVEL_DOCUMENT,71,False,False,0,0,0.0,standard_scan,flatbed
scan_rotated/images/lva_passport/72.jpg,scan_rotated,lva_passport,TRAVEL_DOCUMENT,72,False,False,0,0,0.0,standard_scan,flatbed
scan_rotated/images/lva_passport/73.jpg,scan_rotated,lva_passport,TRAVEL_DOCUMENT,73,False,False,0,0,0.0,standard_scan,flatbed
scan_rotated/images/lva_passport/74.jpg,scan_rotated,lva_passport,TRAVEL_DOCUMENT,74,False,False,0,0,0.0,standard_scan,flatbed
scan_rotated/images/lva_passport/75.jpg,scan_rotated,lva_passport,TRAVEL_DOCUMENT,75,False,False,0,0,0.0,standard_scan,flatbed
scan_rotated/images/lva_passport/76.jpg,scan_rotated,lva_passport,TRAVEL_DOCUMENT,76,False,False,0,0,0.0,standard_scan,flatbed
scan_rotated/images/lva_passport/77.jpg,scan_rotated,lva_passport,TRAVEL_DOCUMENT,77,False,False,0,0,0.0,standard_scan,flatbed
scan_rotated/images/lva_passport/78.jpg,scan_rotated,lva_passport,TRAVEL_DOCUMENT,78,False,False,0,0,0.0,standard_scan,flatbed
scan_rotated/images/lva_passport/79.jpg,scan_rotated,lva_passport,TRAVEL_DOCUMENT,79,False,False,0,0,0.0,standard_scan,flatbed
scan_rotated/images/lva_passport/80.jpg,scan_rotated,lva_passport,TRAVEL_DOCUMENT,80,False,False,0,0,0.0,standard_scan,flatbed
scan_rotated/images/lva_passport/81.jpg,scan_rotated,lva_passport,TRAVEL_DOCUMENT,81,False,False,0,0,0.0,standard_scan,flatbed
scan_rotated/images/lva_passport/82.jpg,scan_rotated,lva_passport,TRAVEL_DOCUMENT,82,False,False,0,0,0.0,standard_scan,flatbed
scan_rotated/images/lva_passport/83.jpg,scan_rotated,lva_passport,TRAVEL_DOCUMENT,83,False,False,0,0,0.0,standard_scan,flatbed
scan_rotated/images/lva_passport/84.jpg,scan_rotated,lva_passport,TRAVEL_DOCUMENT,84,False,False,0,0,0.0,standard_scan,flatbed
scan_rotated/images/lva_passport/85.jpg,scan_rotated,lva_passport,TRAVEL_DOCUMENT,85,False,False,0,0,0.0,standard_scan,flatbed
scan_rotated/images/lva_passport/86.jpg,scan_rotated,lva_passport,TRAVEL_DOCUMENT,86,False,False,0,0,0.0,standard_scan,flatbed
scan_rotated/images/lva_passport/87.jpg,scan_rotated,lva_passport,TRAVEL_DOCUMENT,87,False,False,0,0,0.0,standard_scan,flatbed
scan_rotated/images/lva_passport/88.jpg,scan_rotated,lva_passport,TRAVEL_DOCUMENT,88,False,False,0,0,0.0,standard_scan,flatbed
scan_rotated/images/lva_passport/89.jpg,scan_rotated,lva_passport,TRAVEL_DOCUMENT,89,False,False,0,0,0.0,standard_scan,flatbed
scan_rotated/images/lva_passport/90.jpg,scan_rotated,lva_passport,TRAVEL_DOCUMENT,90,False,False,0,0,0.0,standard_scan,flatbed
scan_rotated/images/lva_passport/91.jpg,scan_rotated,lva_passport,TRAVEL_DOCUMENT,91,False,False,0,0,0.0,standard_scan,flatbed
scan_rotated/images/lva_passport/92.jpg,scan_rotated,lva_passport,TRAVEL_DOCUMENT,92,False,False,0,0,0.0,standard_scan,flatbed
scan_rotated/images/lva_passport/93.jpg,scan_rotated,lva_passport,TRAVEL_DOCUMENT,93,False,False,0,0,0.0,standard_scan,flatbed
scan_rotated/images/lva_passport/94.jpg,scan_rotated,lva_passport,TRAVEL_DOCUMENT,94,False,False,0,0,0.0,standard_scan,flatbed
scan_rotated/images/lva_passport/95.jpg,scan_rotated,lva_passport,TRAVEL_DOCUMENT,95,False,False,0,0,0.0,standard_scan,flatbed
scan_rotated/images/lva_passport/96.jpg,scan_rotated,lva_passport,TRAVEL_DOCUMENT,96,False,False,0,0,0.0,standard_scan,flatbed
scan_rotated/images/lva_passport/97.jpg,scan_rotated,lva_passport,TRAVEL_DOCUMENT,97,False,False,0,0,0.0,standard_scan,flatbed
scan_rotated/images/lva_passport/98.jpg,scan_rotated,lva_passport,TRAVEL_DOCUMENT,98,False,False,0,0,0.0,standard_scan,flatbed
scan_rotated/images/lva_passport/99.jpg,scan_rotated,lva_passport,TRAVEL_DOCUMENT,99,False,False,0,0,0.0,standard_scan,flatbed
scan_rotated/images/rus_internalpassport/00.jpg,scan_rotated,rus_internalpassport,TRAVEL_DOCUMENT,00,False,False,0,0,0.0,standard_scan,flatbed
scan_rotated/images/rus_internalpassport/01.jpg,scan_rotated,rus_internalpassport,TRAVEL_DOCUMENT,01,False,False,0,0,0.0,standard_scan,flatbed
scan_rotated/images/rus_internalpassport/02.jpg,scan_rotated,rus_internalpassport,TRAVEL_DOCUMENT,02,False,False,0,0,0.0,standard_scan,flatbed
scan_rotated/images/rus_internalpassport/03.jpg,scan_rotated,rus_internalpassport,TRAVEL_DOCUMENT,03,False,False,0,0,0.0,standard_scan,flatbed
scan_rotated/images/rus_internalpassport/04.jpg,scan_rotated,rus_internalpassport,TRAVEL_DOCUMENT,04,False,False,0,0,0.0,standard_scan,flatbed
scan_rotated/images/rus_internalpassport/05.jpg,scan_rotated,rus_internalpassport,TRAVEL_DOCUMENT,05,False,False,0,0,0.0,standard_scan,flatbed
scan_rotated/images/rus_internalpassport/06.jpg,scan_rotated,rus_internalpassport,TRAVEL_DOCUMENT,06,False,False,0,0,0.0,standard_scan,flatbed
scan_rotated/images/rus_internalpassport/07.jpg,scan_rotated,rus_internalpassport,TRAVEL_DOCUMENT,07,False,False,0,0,0.0,standard_scan,flatbed
scan_rotated/images/rus_internalpassport/08.jpg,scan_rotated,rus_internalpassport,TRAVEL_DOCUMENT,08,False,False,0,0,0.0,standard_scan,flatbed
scan_rotated/images/rus_internalpassport/09.jpg,scan_rotated,rus_internalpassport,TRAVEL_DOCUMENT,09,False,False,0,0,0.0,standard_scan,flatbed
scan_rotated/images/rus_internalpassport/10.jpg,scan_rotated,rus_internalpassport,TRAVEL_DOCUMENT,10,False,False,0,0,0.0,standard_scan,flatbed
scan_rotated/images/rus_internalpassport/11.jpg,scan_rotated,rus_internalpassport,TRAVEL_DOCUMENT,11,False,False,0,0,0.0,standard_scan,flatbed
scan_rotated/images/rus_internalpassport/12.jpg,scan_rotated,rus_internalpassport,TRAVEL_DOCUMENT,12,False,False,0,0,0.0,standard_scan,flatbed
scan_rotated/images/rus_internalpassport/13.jpg,scan_rotated,rus_internalpassport,TRAVEL_DOCUMENT,13,False,False,0,0,0.0,standard_scan,flatbed
scan_rotated/images/rus_internalpassport/14.jpg,scan_rotated,rus_internalpassport,TRAVEL_DOCUMENT,14,False,False,0,0,0.0,standard_scan,flatbed
scan_rotated/images/rus_internalpassport/15.jpg,scan_rotated,rus_internalpassport,TRAVEL_DOCUMENT,15,False,False,0,0,0.0,standard_scan,flatbed
scan_rotated/images/rus_internalpassport/16.jpg,scan_rotated,rus_internalpassport,TRAVEL_DOCUMENT,16,False,False,0,0,0.0,standard_scan,flatbed
scan_rotated/images/rus_internalpassport/17.jpg,scan_rotated,rus_internalpassport,TRAVEL_DOCUMENT,17,False,False,0,0,0.0,standard_scan,flatbed
scan_rotated/images/rus_internalpassport/18.jpg,scan_rotated,rus_internalpassport,TRAVEL_DOCUMENT,18,False,False,0,0,0.0,standard_scan,flatbed
scan_rotated/images/rus_internalpassport/19.jpg,scan_rotated,rus_internalpassport,TRAVEL_DOCUMENT,19,False,False,0,0,0.0,standard_scan,flatbed
scan_rotated/images/rus_internalpassport/20.jpg,scan_rotated,rus_internalpassport,TRAVEL_DOCUMENT,20,False,False,0,0,0.0,standard_scan,flatbed
scan_rotated/images/rus_internalpassport/21.jpg,scan_rotated,rus_internalpassport,TRAVEL_DOCUMENT,21,False,False,0,0,0.0,standard_scan,flatbed
scan_rotated/images/rus_internalpassport/22.jpg,scan_rotated,rus_internalpassport,TRAVEL_DOCUMENT,22,False,False,0,0,0.0,standard_scan,flatbed
scan_rotated/images/rus_internalpassport/23.jpg,scan_rotated,rus_internalpassport,TRAVEL_DOCUMENT,23,False,False,0,0,0.0,standard_scan,flatbed
scan_rotated/images/rus_internalpassport/24.jpg,scan_rotated,rus_internalpassport,TRAVEL_DOCUMENT,24,False,False,0,0,0.0,standard_scan,flatbed
scan_rotated/images/rus_internalpassport/25.jpg,scan_rotated,rus_internalpassport,TRAVEL_DOCUMENT,25,False,False,0,0,0.0,standard_scan,flatbed
scan_rotated/images/rus_internalpassport/26.jpg,scan_rotated,rus_internalpassport,TRAVEL_DOCUMENT,26,False,False,0,0,0.0,standard_scan,flatbed
scan_rotated/images/rus_internalpassport/27.jpg,scan_rotated,rus_internalpassport,TRAVEL_DOCUMENT,27,False,False,0,0,0.0,standard_scan,flatbed
scan_rotated/images/rus_internalpassport/28.jpg,scan_rotated,rus_internalpassport,TRAVEL_DOCUMENT,28,False,False,0,0,0.0,standard_scan,flatbed
scan_rotated/images/rus_internalpassport/29.jpg,scan_rotated,rus_internalpassport,TRAVEL_DOCUMENT,29,False,False,0,0,0.0,standard_scan,flatbed
scan_rotated/images/rus_internalpassport/30.jpg,scan_rotated,rus_internalpassport,TRAVEL_DOCUMENT,30,False,False,0,0,0.0,standard_scan,flatbed
scan_rotated/images/rus_internalpassport/31.jpg,scan_rotated,rus_internalpassport,TRAVEL_DOCUMENT,31,False,False,0,0,0.0,standard_scan,flatbed
scan_rotated/images/rus_internalpassport/32.jpg,scan_rotated,rus_internalpassport,TRAVEL_DOCUMENT,32,False,False,0,0,0.0,standard_scan,flatbed
scan_rotated/images/rus_internalpassport/33.jpg,scan_rotated,rus_internalpassport,TRAVEL_DOCUMENT,33,False,False,0,0,0.0,standard_scan,flatbed
scan_rotated/images/rus_internalpassport/34.jpg,scan_rotated,rus_internalpassport,TRAVEL_DOCUMENT,34,False,False,0,0,0.0,standard_scan,flatbed
scan_rotated/images/rus_internalpassport/35.jpg,scan_rotated,rus_internalpassport,TRAVEL_DOCUMENT,35,False,False,0,0,0.0,standard_scan,flatbed
scan_rotated/images/rus_internalpassport/36.jpg,scan_rotated,rus_internalpassport,TRAVEL_DOCUMENT,36,False,False,0,0,0.0,standard_scan,flatbed
scan_rotated/images/rus_internalpassport/37.jpg,scan_rotated,rus_internalpassport,TRAVEL_DOCUMENT,37,False,False,0,0,0.0,standard_scan,flatbed
scan_rotated/images/rus_internalpassport/38.jpg,scan_rotated,rus_internalpassport,TRAVEL_DOCUMENT,38,False,False,0,0,0.0,standard_scan,flatbed
scan_rotated/images/rus_internalpassport/39.jpg,scan_rotated,rus_internalpassport,TRAVEL_DOCUMENT,39,False,False,0,0,0.0,standard_scan,flatbed
scan_rotated/images/rus_internalpassport/40.jpg,scan_rotated,rus_internalpassport,TRAVEL_DOCUMENT,40,False,False,0,0,0.0,standard_scan,flatbed
scan_rotated/images/rus_internalpassport/41.jpg,scan_rotated,rus_internalpassport,TRAVEL_DOCUMENT,41,False,False,0,0,0.0,standard_scan,flatbed
scan_rotated/images/rus_internalpassport/42.jpg,scan_rotated,rus_internalpassport,TRAVEL_DOCUMENT,42,False,False,0,0,0.0,standard_scan,flatbed
scan_rotated/images/rus_internalpassport/43.jpg,scan_rotated,rus_internalpassport,TRAVEL_DOCUMENT,43,False,False,0,0,0.0,standard_scan,flatbed
scan_rotated/images/rus_internalpassport/44.jpg,scan_rotated,rus_internalpassport,TRAVEL_DOCUMENT,44,False,False,0,0,0.0,standard_scan,flatbed
scan_rotated/images/rus_internalpassport/45.jpg,scan_rotated,rus_internalpassport,TRAVEL_DOCUMENT,45,False,False,0,0,0.0,standard_scan,flatbed
scan_rotated/images/rus_internalpassport/46.jpg,scan_rotated,rus_internalpassport,TRAVEL_DOCUMENT,46,False,False,0,0,0.0,standard_scan,flatbed
scan_rotated/images/rus_internalpassport/47.jpg,scan_rotated,rus_internalpassport,TRAVEL_DOCUMENT,47,False,False,0,0,0.0,standard_scan,flatbed
scan_rotated/images/rus_internalpassport/48.jpg,scan_rotated,rus_internalpassport,TRAVEL_DOCUMENT,48,False,False,0,0,0.0,standard_scan,flatbed
scan_rotated/images/rus_internalpassport/49.jpg,scan_rotated,rus_internalpassport,TRAVEL_DOCUMENT,49,False,False,0,0,0.0,standard_scan,flatbed
scan_rotated/images/rus_internalpassport/50.jpg,scan_rotated,rus_internalpassport,TRAVEL_DOCUMENT,50,False,False,0,0,0.0,standard_scan,flatbed
scan_rotated/images/rus_internalpassport/51.jpg,scan_rotated,rus_internalpassport,TRAVEL_DOCUMENT,51,False,False,0,0,0.0,standard_scan,flatbed
scan_rotated/images/rus_internalpassport/52.jpg,scan_rotated,rus_internalpassport,TRAVEL_DOCUMENT,52,False,False,0,0,0.0,standard_scan,flatbed
scan_rotated/images/rus_internalpassport/53.jpg,scan_rotated,rus_internalpassport,TRAVEL_DOCUMENT,53,False,False,0,0,0.0,standard_scan,flatbed
scan_rotated/images/rus_internalpassport/54.jpg,scan_rotated,rus_internalpassport,TRAVEL_DOCUMENT,54,False,False,0,0,0.0,standard_scan,flatbed
scan_rotated/images/rus_internalpassport/55.jpg,scan_rotated,rus_internalpassport,TRAVEL_DOCUMENT,55,False,False,0,0,0.0,standard_scan,flatbed
scan_rotated/images/rus_internalpassport/56.jpg,scan_rotated,rus_internalpassport,TRAVEL_DOCUMENT,56,False,False,0,0,0.0,standard_scan,flatbed
scan_rotated/images/rus_internalpassport/57.jpg,scan_rotated,rus_internalpassport,TRAVEL_DOCUMENT,57,False,False,0,0,0.0,standard_scan,flatbed
scan_rotated/images/rus_internalpassport/58.jpg,scan_rotated,rus_internalpassport,TRAVEL_DOCUMENT,58,False,False,0,0,0.0,standard_scan,flatbed
scan_rotated/images/rus_internalpassport/59.jpg,scan_rotated,rus_internalpassport,TRAVEL_DOCUMENT,59,False,False,0,0,0.0,standard_scan,flatbed
scan_rotated/images/rus_internalpassport/60.jpg,scan_rotated,rus_internalpassport,TRAVEL_DOCUMENT,60,False,False,0,0,0.0,standard_scan,flatbed
scan_rotated/images/rus_internalpassport/61.jpg,scan_rotated,rus_internalpassport,TRAVEL_DOCUMENT,61,False,False,0,0,0.0,standard_scan,flatbed
scan_rotated/images/rus_internalpassport/62.jpg,scan_rotated,rus_internalpassport,TRAVEL_DOCUMENT,62,False,False,0,0,0.0,standard_scan,flatbed
scan_rotated/images/rus_internalpassport/63.jpg,scan_rotated,rus_internalpassport,TRAVEL_DOCUMENT,63,False,False,0,0,0.0,standard_scan,flatbed
scan_rotated/images/rus_internalpassport/64.jpg,scan_rotated,rus_internalpassport,TRAVEL_DOCUMENT,64,False,False,0,0,0.0,standard_scan,flatbed
scan_rotated/images/rus_internalpassport/65.jpg,scan_rotated,rus_internalpassport,TRAVEL_DOCUMENT,65,False,False,0,0,0.0,standard_scan,flatbed
scan_rotated/images/rus_internalpassport/66.jpg,scan_rotated,rus_internalpassport,TRAVEL_DOCUMENT,66,False,False,0,0,0.0,standard_scan,flatbed
scan_rotated/images/rus_internalpassport/67.jpg,scan_rotated,rus_internalpassport,TRAVEL_DOCUMENT,67,False,False,0,0,0.0,standard_scan,flatbed
scan_rotated/images/rus_internalpassport/68.jpg,scan_rotated,rus_internalpassport,TRAVEL_DOCUMENT,68,False,False,0,0,0.0,standard_scan,flatbed
scan_rotated/images/rus_internalpassport/69.jpg,scan_rotated,rus_internalpassport,TRAVEL_DOCUMENT,69,False,False,0,0,0.0,standard_scan,flatbed
scan_rotated/images/rus_internalpassport/70.jpg,scan_rotated,rus_internalpassport,TRAVEL_DOCUMENT,70,False,False,0,0,0.0,standard_scan,flatbed
scan_rotated/images/rus_internalpassport/71.jpg,scan_rotated,rus_internalpassport,TRAVEL_DOCUMENT,71,False,False,0,0,0.0,standard_scan,flatbed
scan_rotated/images/rus_internalpassport/72.jpg,scan_rotated,rus_internalpassport,TRAVEL_DOCUMENT,72,False,False,0,0,0.0,standard_scan,flatbed
scan_rotated/images/rus_internalpassport/73.jpg,scan_rotated,rus_internalpassport,TRAVEL_DOCUMENT,73,False,False,0,0,0.0,standard_scan,flatbed
scan_rotated/images/rus_internalpassport/74.jpg,scan_rotated,rus_internalpassport,TRAVEL_DOCUMENT,74,False,False,0,0,0.0,standard_scan,flatbed
scan_rotated/images/rus_internalpassport/75.jpg,scan_rotated,rus_internalpassport,TRAVEL_DOCUMENT,75,False,False,0,0,0.0,standard_scan,flatbed
scan_rotated/images/rus_internalpassport/76.jpg,scan_rotated,rus_internalpassport,TRAVEL_DOCUMENT,76,False,False,0,0,0.0,standard_scan,flatbed
scan_rotated/images/rus_internalpassport/77.jpg,scan_rotated,rus_internalpassport,TRAVEL_DOCUMENT,77,False,False,0,0,0.0,standard_scan,flatbed
scan_rotated/images/rus_internalpassport/78.jpg,scan_rotated,rus_internalpassport,TRAVEL_DOCUMENT,78,False,False,0,0,0.0,standard_scan,flatbed
scan_rotated/images/rus_internalpassport/79.jpg,scan_rotated,rus_internalpassport,TRAVEL_DOCUMENT,79,False,False,0,0,0.0,standard_scan,flatbed
scan_rotated/images/rus_internalpassport/80.jpg,scan_rotated,rus_internalpassport,TRAVEL_DOCUMENT,80,False,False,0,0,0.0,standard_scan,flatbed
scan_rotated/images/rus_internalpassport/81.jpg,scan_rotated,rus_internalpassport,TRAVEL_DOCUMENT,81,False,False,0,0,0.0,standard_scan,flatbed
scan_rotated/images/rus_internalpassport/82.jpg,scan_rotated,rus_internalpassport,TRAVEL_DOCUMENT,82,False,False,0,0,0.0,standard_scan,flatbed
scan_rotated/images/rus_internalpassport/83.jpg,scan_rotated,rus_internalpassport,TRAVEL_DOCUMENT,83,False,False,0,0,0.0,standard_scan,flatbed
scan_rotated/images/rus_internalpassport/84.jpg,scan_rotated,rus_internalpassport,TRAVEL_DOCUMENT,84,False,False,0,0,0.0,standard_scan,flatbed
scan_rotated/images/rus_internalpassport/85.jpg,scan_rotated,rus_internalpassport,TRAVEL_DOCUMENT,85,False,False,0,0,0.0,standard_scan,flatbed
scan_rotated/images/rus_internalpassport/86.jpg,scan_rotated,rus_internalpassport,TRAVEL_DOCUMENT,86,False,False,0,0,0.0,standard_scan,flatbed
scan_rotated/images/rus_internalpassport/87.jpg,scan_rotated,rus_internalpassport,TRAVEL_DOCUMENT,87,False,False,0,0,0.0,standard_scan,flatbed
scan_rotated/images/rus_internalpassport/88.jpg,scan_rotated,rus_internalpassport,TRAVEL_DOCUMENT,88,False,False,0,0,0.0,standard_scan,flatbed
scan_rotated/images/rus_internalpassport/89.jpg,scan_rotated,rus_internalpassport,TRAVEL_DOCUMENT,89,False,False,0,0,0.0,standard_scan,flatbed
scan_rotated/images/rus_internalpassport/90.jpg,scan_rotated,rus_internalpassport,TRAVEL_DOCUMENT,90,False,False,0,0,0.0,standard_scan,flatbed
scan_rotated/images/rus_internalpassport/91.jpg,scan_rotated,rus_internalpassport,TRAVEL_DOCUMENT,91,False,False,0,0,0.0,standard_scan,flatbed
scan_rotated/images/rus_internalpassport/92.jpg,scan_rotated,rus_internalpassport,TRAVEL_DOCUMENT,92,False,False,0,0,0.0,standard_scan,flatbed
scan_rotated/images/rus_internalpassport/93.jpg,scan_rotated,rus_internalpassport,TRAVEL_DOCUMENT,93,False,False,0,0,0.0,standard_scan,flatbed
scan_rotated/images/rus_internalpassport/94.jpg,scan_rotated,rus_internalpassport,TRAVEL_DOCUMENT,94,False,False,0,0,0.0,standard_scan,flatbed
scan_rotated/images/rus_internalpassport/95.jpg,scan_rotated,rus_internalpassport,TRAVEL_DOCUMENT,95,False,False,0,0,0.0,standard_scan,flatbed
scan_rotated/images/rus_internalpassport/96.jpg,scan_rotated,rus_internalpassport,TRAVEL_DOCUMENT,96,False,False,0,0,0.0,standard_scan,flatbed
scan_rotated/images/rus_internalpassport/97.jpg,scan_rotated,rus_internalpassport,TRAVEL_DOCUMENT,97,False,False,0,0,0.0,standard_scan,flatbed
scan_rotated/images/rus_internalpassport/98.jpg,scan_rotated,rus_internalpassport,TRAVEL_DOCUMENT,98,False,False,0,0,0.0,standard_scan,flatbed
scan_rotated/images/rus_internalpassport/99.jpg,scan_rotated,rus_internalpassport,TRAVEL_DOCUMENT,99,False,False,0,0,0.0,standard_scan,flatbed
scan_rotated/images/srb_passport/00.jpg,scan_rotated,srb_passport,TRAVEL_DOCUMENT,00,False,False,0,0,0.0,standard_scan,flatbed
scan_rotated/images/srb_passport/01.jpg,scan_rotated,srb_passport,TRAVEL_DOCUMENT,01,False,False,0,0,0.0,standard_scan,flatbed
scan_rotated/images/srb_passport/02.jpg,scan_rotated,srb_passport,TRAVEL_DOCUMENT,02,False,False,0,0,0.0,standard_scan,flatbed
scan_rotated/images/srb_passport/03.jpg,scan_rotated,srb_passport,TRAVEL_DOCUMENT,03,False,False,0,0,0.0,standard_scan,flatbed
scan_rotated/images/srb_passport/04.jpg,scan_rotated,srb_passport,TRAVEL_DOCUMENT,04,False,False,0,0,0.0,standard_scan,flatbed
scan_rotated/images/srb_passport/05.jpg,scan_rotated,srb_passport,TRAVEL_DOCUMENT,05,False,False,0,0,0.0,standard_scan,flatbed
scan_rotated/images/srb_passport/06.jpg,scan_rotated,srb_passport,TRAVEL_DOCUMENT,06,False,False,0,0,0.0,standard_scan,flatbed
scan_rotated/images/srb_passport/07.jpg,scan_rotated,srb_passport,TRAVEL_DOCUMENT,07,False,False,0,0,0.0,standard_scan,flatbed
scan_rotated/images/srb_passport/08.jpg,scan_rotated,srb_passport,TRAVEL_DOCUMENT,08,False,False,0,0,0.0,standard_scan,flatbed
scan_rotated/images/srb_passport/09.jpg,scan_rotated,srb_passport,TRAVEL_DOCUMENT,09,False,False,0,0,0.0,standard_scan,flatbed
scan_rotated/images/srb_passport/10.jpg,scan_rotated,srb_passport,TRAVEL_DOCUMENT,10,False,False,0,0,0.0,standard_scan,flatbed
scan_rotated/images/srb_passport/11.jpg,scan_rotated,srb_passport,TRAVEL_DOCUMENT,11,False,False,0,0,0.0,standard_scan,flatbed
scan_rotated/images/srb_passport/12.jpg,scan_rotated,srb_passport,TRAVEL_DOCUMENT,12,False,False,0,0,0.0,standard_scan,flatbed
scan_rotated/images/srb_passport/13.jpg,scan_rotated,srb_passport,TRAVEL_DOCUMENT,13,False,False,0,0,0.0,standard_scan,flatbed
scan_rotated/images/srb_passport/14.jpg,scan_rotated,srb_passport,TRAVEL_DOCUMENT,14,False,False,0,0,0.0,standard_scan,flatbed
scan_rotated/images/srb_passport/15.jpg,scan_rotated,srb_passport,TRAVEL_DOCUMENT,15,False,False,0,0,0.0,standard_scan,flatbed
scan_rotated/images/srb_passport/16.jpg,scan_rotated,srb_passport,TRAVEL_DOCUMENT,16,False,False,0,0,0.0,standard_scan,flatbed
scan_rotated/images/srb_passport/17.jpg,scan_rotated,srb_passport,TRAVEL_DOCUMENT,17,False,False,0,0,0.0,standard_scan,flatbed
scan_rotated/images/srb_passport/18.jpg,scan_rotated,srb_passport,TRAVEL_DOCUMENT,18,False,False,0,0,0.0,standard_scan,flatbed
scan_rotated/images/srb_passport/19.jpg,scan_rotated,srb_passport,TRAVEL_DOCUMENT,19,False,False,0,0,0.0,standard_scan,flatbed
scan_rotated/images/srb_passport/20.jpg,scan_rotated,srb_passport,TRAVEL_DOCUMENT,20,False,False,0,0,0.0,standard_scan,flatbed
scan_rotated/images/srb_passport/21.jpg,scan_rotated,srb_passport,TRAVEL_DOCUMENT,21,False,False,0,0,0.0,standard_scan,flatbed
scan_rotated/images/srb_passport/22.jpg,scan_rotated,srb_passport,TRAVEL_DOCUMENT,22,False,False,0,0,0.0,standard_scan,flatbed
scan_rotated/images/srb_passport/23.jpg,scan_rotated,srb_passport,TRAVEL_DOCUMENT,23,False,False,0,0,0.0,standard_scan,flatbed
scan_rotated/images/srb_passport/24.jpg,scan_rotated,srb_passport,TRAVEL_DOCUMENT,24,False,False,0,0,0.0,standard_scan,flatbed
scan_rotated/images/srb_passport/25.jpg,scan_rotated,srb_passport,TRAVEL_DOCUMENT,25,False,False,0,0,0.0,standard_scan,flatbed
scan_rotated/images/srb_passport/26.jpg,scan_rotated,srb_passport,TRAVEL_DOCUMENT,26,False,False,0,0,0.0,standard_scan,flatbed
scan_rotated/images/srb_passport/27.jpg,scan_rotated,srb_passport,TRAVEL_DOCUMENT,27,False,False,0,0,0.0,standard_scan,flatbed
scan_rotated/images/srb_passport/28.jpg,scan_rotated,srb_passport,TRAVEL_DOCUMENT,28,False,False,0,0,0.0,standard_scan,flatbed
scan_rotated/images/srb_passport/29.jpg,scan_rotated,srb_passport,TRAVEL_DOCUMENT,29,False,False,0,0,0.0,standard_scan,flatbed
scan_rotated/images/srb_passport/30.jpg,scan_rotated,srb_passport,TRAVEL_DOCUMENT,30,False,False,0,0,0.0,standard_scan,flatbed
scan_rotated/images/srb_passport/31.jpg,scan_rotated,srb_passport,TRAVEL_DOCUMENT,31,False,False,0,0,0.0,standard_scan,flatbed
scan_rotated/images/srb_passport/32.jpg,scan_rotated,srb_passport,TRAVEL_DOCUMENT,32,False,False,0,0,0.0,standard_scan,flatbed
scan_rotated/images/srb_passport/33.jpg,scan_rotated,srb_passport,TRAVEL_DOCUMENT,33,False,False,0,0,0.0,standard_scan,flatbed
scan_rotated/images/srb_passport/34.jpg,scan_rotated,srb_passport,TRAVEL_DOCUMENT,34,False,False,0,0,0.0,standard_scan,flatbed
scan_rotated/images/srb_passport/35.jpg,scan_rotated,srb_passport,TRAVEL_DOCUMENT,35,False,False,0,0,0.0,standard_scan,flatbed
scan_rotated/images/srb_passport/36.jpg,scan_rotated,srb_passport,TRAVEL_DOCUMENT,36,False,False,0,0,0.0,standard_scan,flatbed
scan_rotated/images/srb_passport/37.jpg,scan_rotated,srb_passport,TRAVEL_DOCUMENT,37,False,False,0,0,0.0,standard_scan,flatbed
scan_rotated/images/srb_passport/38.jpg,scan_rotated,srb_passport,TRAVEL_DOCUMENT,38,False,False,0,0,0.0,standard_scan,flatbed
scan_rotated/images/srb_passport/39.jpg,scan_rotated,srb_passport,TRAVEL_DOCUMENT,39,False,False,0,0,0.0,standard_scan,flatbed
scan_rotated/images/srb_passport/40.jpg,scan_rotated,srb_passport,TRAVEL_DOCUMENT,40,False,False,0,0,0.0,standard_scan,flatbed
scan_rotated/images/srb_passport/41.jpg,scan_rotated,srb_passport,TRAVEL_DOCUMENT,41,False,False,0,0,0.0,standard_scan,flatbed
scan_rotated/images/srb_passport/42.jpg,scan_rotated,srb_passport,TRAVEL_DOCUMENT,42,False,False,0,0,0.0,standard_scan,flatbed
scan_rotated/images/srb_passport/43.jpg,scan_rotated,srb_passport,TRAVEL_DOCUMENT,43,False,False,0,0,0.0,standard_scan,flatbed
scan_rotated/images/srb_passport/44.jpg,scan_rotated,srb_passport,TRAVEL_DOCUMENT,44,False,False,0,0,0.0,standard_scan,flatbed
scan_rotated/images/srb_passport/45.jpg,scan_rotated,srb_passport,TRAVEL_DOCUMENT,45,False,False,0,0,0.0,standard_scan,flatbed
scan_rotated/images/srb_passport/46.jpg,scan_rotated,srb_passport,TRAVEL_DOCUMENT,46,False,False,0,0,0.0,standard_scan,flatbed
scan_rotated/images/srb_passport/47.jpg,scan_rotated,srb_passport,TRAVEL_DOCUMENT,47,False,False,0,0,0.0,standard_scan,flatbed
scan_rotated/images/srb_passport/48.jpg,scan_rotated,srb_passport,TRAVEL_DOCUMENT,48,False,False,0,0,0.0,standard_scan,flatbed
scan_rotated/images/srb_passport/49.jpg,scan_rotated,srb_passport,TRAVEL_DOCUMENT,49,False,False,0,0,0.0,standard_scan,flatbed
scan_rotated/images/srb_passport/50.jpg,scan_rotated,srb_passport,TRAVEL_DOCUMENT,50,False,False,0,0,0.0,standard_scan,flatbed
scan_rotated/images/srb_passport/51.jpg,scan_rotated,srb_passport,TRAVEL_DOCUMENT,51,False,False,0,0,0.0,standard_scan,flatbed
scan_rotated/images/srb_passport/52.jpg,scan_rotated,srb_passport,TRAVEL_DOCUMENT,52,False,False,0,0,0.0,standard_scan,flatbed
scan_rotated/images/srb_passport/53.jpg,scan_rotated,srb_passport,TRAVEL_DOCUMENT,53,False,False,0,0,0.0,standard_scan,flatbed
scan_rotated/images/srb_passport/54.jpg,scan_rotated,srb_passport,TRAVEL_DOCUMENT,54,False,False,0,0,0.0,standard_scan,flatbed
scan_rotated/images/srb_passport/55.jpg,scan_rotated,srb_passport,TRAVEL_DOCUMENT,55,False,False,0,0,0.0,standard_scan,flatbed
scan_rotated/images/srb_passport/56.jpg,scan_rotated,srb_passport,TRAVEL_DOCUMENT,56,False,False,0,0,0.0,standard_scan,flatbed
scan_rotated/images/srb_passport/57.jpg,scan_rotated,srb_passport,TRAVEL_DOCUMENT,57,False,False,0,0,0.0,standard_scan,flatbed
scan_rotated/images/srb_passport/58.jpg,scan_rotated,srb_passport,TRAVEL_DOCUMENT,58,False,False,0,0,0.0,standard_scan,flatbed
scan_rotated/images/srb_passport/59.jpg,scan_rotated,srb_passport,TRAVEL_DOCUMENT,59,False,False,0,0,0.0,standard_scan,flatbed
scan_rotated/images/srb_passport/60.jpg,scan_rotated,srb_passport,TRAVEL_DOCUMENT,60,False,False,0,0,0.0,standard_scan,flatbed
scan_rotated/images/srb_passport/61.jpg,scan_rotated,srb_passport,TRAVEL_DOCUMENT,61,False,False,0,0,0.0,standard_scan,flatbed
scan_rotated/images/srb_passport/62.jpg,scan_rotated,srb_passport,TRAVEL_DOCUMENT,62,False,False,0,0,0.0,standard_scan,flatbed
scan_rotated/images/srb_passport/63.jpg,scan_rotated,srb_passport,TRAVEL_DOCUMENT,63,False,False,0,0,0.0,standard_scan,flatbed
scan_rotated/images/srb_passport/64.jpg,scan_rotated,srb_passport,TRAVEL_DOCUMENT,64,False,False,0,0,0.0,standard_scan,flatbed
scan_rotated/images/srb_passport/65.jpg,scan_rotated,srb_passport,TRAVEL_DOCUMENT,65,False,False,0,0,0.0,standard_scan,flatbed
scan_rotated/images/srb_passport/66.jpg,scan_rotated,srb_passport,TRAVEL_DOCUMENT,66,False,False,0,0,0.0,standard_scan,flatbed
scan_rotated/images/srb_passport/67.jpg,scan_rotated,srb_passport,TRAVEL_DOCUMENT,67,False,False,0,0,0.0,standard_scan,flatbed
scan_rotated/images/srb_passport/68.jpg,scan_rotated,srb_passport,TRAVEL_DOCUMENT,68,False,False,0,0,0.0,standard_scan,flatbed
scan_rotated/images/srb_passport/69.jpg,scan_rotated,srb_passport,TRAVEL_DOCUMENT,69,False,False,0,0,0.0,standard_scan,flatbed
scan_rotated/images/srb_passport/70.jpg,scan_rotated,srb_passport,TRAVEL_DOCUMENT,70,False,False,0,0,0.0,standard_scan,flatbed
scan_rotated/images/srb_passport/71.jpg,scan_rotated,srb_passport,TRAVEL_DOCUMENT,71,False,False,0,0,0.0,standard_scan,flatbed
scan_rotated/images/srb_passport/72.jpg,scan_rotated,srb_passport,TRAVEL_DOCUMENT,72,False,False,0,0,0.0,standard_scan,flatbed
scan_rotated/images/srb_passport/73.jpg,scan_rotated,srb_passport,TRAVEL_DOCUMENT,73,False,False,0,0,0.0,standard_scan,flatbed
scan_rotated/images/srb_passport/74.jpg,scan_rotated,srb_passport,TRAVEL_DOCUMENT,74,False,False,0,0,0.0,standard_scan,flatbed
scan_rotated/images/srb_passport/75.jpg,scan_rotated,srb_passport,TRAVEL_DOCUMENT,75,False,False,0,0,0.0,standard_scan,flatbed
scan_rotated/images/srb_passport/76.jpg,scan_rotated,srb_passport,TRAVEL_DOCUMENT,76,False,False,0,0,0.0,standard_scan,flatbed
scan_rotated/images/srb_passport/77.jpg,scan_rotated,srb_passport,TRAVEL_DOCUMENT,77,False,False,0,0,0.0,standard_scan,flatbed
scan_rotated/images/srb_passport/78.jpg,scan_rotated,srb_passport,TRAVEL_DOCUMENT,78,False,False,0,0,0.0,standard_scan,flatbed
scan_rotated/images/srb_passport/79.jpg,scan_rotated,srb_passport,TRAVEL_DOCUMENT,79,False,False,0,0,0.0,standard_scan,flatbed
scan_rotated/images/srb_passport/80.jpg,scan_rotated,srb_passport,TRAVEL_DOCUMENT,80,False,False,0,0,0.0,standard_scan,flatbed
scan_rotated/images/srb_passport/81.jpg,scan_rotated,srb_passport,TRAVEL_DOCUMENT,81,False,False,0,0,0.0,standard_scan,flatbed
scan_rotated/images/srb_passport/82.jpg,scan_rotated,srb_passport,TRAVEL_DOCUMENT,82,False,False,0,0,0.0,standard_scan,flatbed
scan_rotated/images/srb_passport/83.jpg,scan_rotated,srb_passport,TRAVEL_DOCUMENT,83,False,False,0,0,0.0,standard_scan,flatbed
scan_rotated/images/srb_passport/84.jpg,scan_rotated,srb_passport,TRAVEL_DOCUMENT,84,False,False,0,0,0.0,standard_scan,flatbed
scan_rotated/images/srb_passport/85.jpg,scan_rotated,srb_passport,TRAVEL_DOCUMENT,85,False,False,0,0,0.0,standard_scan,flatbed
scan_rotated/images/srb_passport/86.jpg,scan_rotated,srb_passport,TRAVEL_DOCUMENT,86,False,False,0,0,0.0,standard_scan,flatbed
scan_rotated/images/srb_passport/87.jpg,scan_rotated,srb_passport,TRAVEL_DOCUMENT,87,False,False,0,0,0.0,standard_scan,flatbed
scan_rotated/images/srb_passport/88.jpg,scan_rotated,srb_passport,TRAVEL_DOCUMENT,88,False,False,0,0,0.0,standard_scan,flatbed
scan_rotated/images/srb_passport/89.jpg,scan_rotated,srb_passport,TRAVEL_DOCUMENT,89,False,False,0,0,0.0,standard_scan,flatbed
scan_rotated/images/srb_passport/90.jpg,scan_rotated,srb_passport,TRAVEL_DOCUMENT,90,False,False,0,0,0.0,standard_scan,flatbed
scan_rotated/images/srb_passport/91.jpg,scan_rotated,srb_passport,TRAVEL_DOCUMENT,91,False,False,0,0,0.0,standard_scan,flatbed
scan_rotated/images/srb_passport/92.jpg,scan_rotated,srb_passport,TRAVEL_DOCUMENT,92,False,False,0,0,0.0,standard_scan,flatbed
scan_rotated/images/srb_passport/93.jpg,scan_rotated,srb_passport,TRAVEL_DOCUMENT,93,False,False,0,0,0.0,standard_scan,flatbed
scan_rotated/images/srb_passport/94.jpg,scan_rotated,srb_passport,TRAVEL_DOCUMENT,94,False,False,0,0,0.0,standard_scan,flatbed
scan_rotated/images/srb_passport/95.jpg,scan_rotated,srb_passport,TRAVEL_DOCUMENT,95,False,False,0,0,0.0,standard_scan,flatbed
scan_rotated/images/srb_passport/96.jpg,scan_rotated,srb_passport,TRAVEL_DOCUMENT,96,False,False,0,0,0.0,standard_scan,flatbed
scan_rotated/images/srb_passport/97.jpg,scan_rotated,srb_passport,TRAVEL_DOCUMENT,97,False,False,0,0,0.0,standard_scan,flatbed
scan_rotated/images/srb_passport/98.jpg,scan_rotated,srb_passport,TRAVEL_DOCUMENT,98,False,False,0,0,0.0,standard_scan,flatbed
scan_rotated/images/srb_passport/99.jpg,scan_rotated,srb_passport,TRAVEL_DOCUMENT,99,False,False,0,0,0.0,standard_scan,flatbed
scan_rotated/images/svk_id/00.jpg,scan_rotated,svk_id,NATIONAL_ID,00,False,False,0,0,0.0,standard_scan,flatbed
scan_rotated/images/svk_id/01.jpg,scan_rotated,svk_id,NATIONAL_ID,01,False,False,0,0,0.0,standard_scan,flatbed
scan_rotated/images/svk_id/02.jpg,scan_rotated,svk_id,NATIONAL_ID,02,False,False,0,0,0.0,standard_scan,flatbed
scan_rotated/images/svk_id/03.jpg,scan_rotated,svk_id,NATIONAL_ID,03,False,False,0,0,0.0,standard_scan,flatbed
scan_rotated/images/svk_id/04.jpg,scan_rotated,svk_id,NATIONAL_ID,04,False,False,0,0,0.0,standard_scan,flatbed
scan_rotated/images/svk_id/05.jpg,scan_rotated,svk_id,NATIONAL_ID,05,False,False,0,0,0.0,standard_scan,flatbed
scan_rotated/images/svk_id/06.jpg,scan_rotated,svk_id,NATIONAL_ID,06,False,False,0,0,0.0,standard_scan,flatbed
scan_rotated/images/svk_id/07.jpg,scan_rotated,svk_id,NATIONAL_ID,07,False,False,0,0,0.0,standard_scan,flatbed
scan_rotated/images/svk_id/08.jpg,scan_rotated,svk_id,NATIONAL_ID,08,False,False,0,0,0.0,standard_scan,flatbed
scan_rotated/images/svk_id/09.jpg,scan_rotated,svk_id,NATIONAL_ID,09,False,False,0,0,0.0,standard_scan,flatbed
scan_rotated/images/svk_id/10.jpg,scan_rotated,svk_id,NATIONAL_ID,10,False,False,0,0,0.0,standard_scan,flatbed
scan_rotated/images/svk_id/11.jpg,scan_rotated,svk_id,NATIONAL_ID,11,False,False,0,0,0.0,standard_scan,flatbed
scan_rotated/images/svk_id/12.jpg,scan_rotated,svk_id,NATIONAL_ID,12,False,False,0,0,0.0,standard_scan,flatbed
scan_rotated/images/svk_id/13.jpg,scan_rotated,svk_id,NATIONAL_ID,13,False,False,0,0,0.0,standard_scan,flatbed
scan_rotated/images/svk_id/14.jpg,scan_rotated,svk_id,NATIONAL_ID,14,False,False,0,0,0.0,standard_scan,flatbed
scan_rotated/images/svk_id/15.jpg,scan_rotated,svk_id,NATIONAL_ID,15,False,False,0,0,0.0,standard_scan,flatbed
scan_rotated/images/svk_id/16.jpg,scan_rotated,svk_id,NATIONAL_ID,16,False,False,0,0,0.0,standard_scan,flatbed
scan_rotated/images/svk_id/17.jpg,scan_rotated,svk_id,NATIONAL_ID,17,False,False,0,0,0.0,standard_scan,flatbed
scan_rotated/images/svk_id/18.jpg,scan_rotated,svk_id,NATIONAL_ID,18,False,False,0,0,0.0,standard_scan,flatbed
scan_rotated/images/svk_id/19.jpg,scan_rotated,svk_id,NATIONAL_ID,19,False,False,0,0,0.0,standard_scan,flatbed
scan_rotated/images/svk_id/20.jpg,scan_rotated,svk_id,NATIONAL_ID,20,False,False,0,0,0.0,standard_scan,flatbed
scan_rotated/images/svk_id/21.jpg,scan_rotated,svk_id,NATIONAL_ID,21,False,False,0,0,0.0,standard_scan,flatbed
scan_rotated/images/svk_id/22.jpg,scan_rotated,svk_id,NATIONAL_ID,22,False,False,0,0,0.0,standard_scan,flatbed
scan_rotated/images/svk_id/23.jpg,scan_rotated,svk_id,NATIONAL_ID,23,False,False,0,0,0.0,standard_scan,flatbed
scan_rotated/images/svk_id/24.jpg,scan_rotated,svk_id,NATIONAL_ID,24,False,False,0,0,0.0,standard_scan,flatbed
scan_rotated/images/svk_id/25.jpg,scan_rotated,svk_id,NATIONAL_ID,25,False,False,0,0,0.0,standard_scan,flatbed
scan_rotated/images/svk_id/26.jpg,scan_rotated,svk_id,NATIONAL_ID,26,False,False,0,0,0.0,standard_scan,flatbed
scan_rotated/images/svk_id/27.jpg,scan_rotated,svk_id,NATIONAL_ID,27,False,False,0,0,0.0,standard_scan,flatbed
scan_rotated/images/svk_id/28.jpg,scan_rotated,svk_id,NATIONAL_ID,28,False,False,0,0,0.0,standard_scan,flatbed
scan_rotated/images/svk_id/29.jpg,scan_rotated,svk_id,NATIONAL_ID,29,False,False,0,0,0.0,standard_scan,flatbed
scan_rotated/images/svk_id/30.jpg,scan_rotated,svk_id,NATIONAL_ID,30,False,False,0,0,0.0,standard_scan,flatbed
scan_rotated/images/svk_id/31.jpg,scan_rotated,svk_id,NATIONAL_ID,31,False,False,0,0,0.0,standard_scan,flatbed
scan_rotated/images/svk_id/32.jpg,scan_rotated,svk_id,NATIONAL_ID,32,False,False,0,0,0.0,standard_scan,flatbed
scan_rotated/images/svk_id/33.jpg,scan_rotated,svk_id,NATIONAL_ID,33,False,False,0,0,0.0,standard_scan,flatbed
scan_rotated/images/svk_id/34.jpg,scan_rotated,svk_id,NATIONAL_ID,34,False,False,0,0,0.0,standard_scan,flatbed
scan_rotated/images/svk_id/35.jpg,scan_rotated,svk_id,NATIONAL_ID,35,False,False,0,0,0.0,standard_scan,flatbed
scan_rotated/images/svk_id/36.jpg,scan_rotated,svk_id,NATIONAL_ID,36,False,False,0,0,0.0,standard_scan,flatbed
scan_rotated/images/svk_id/37.jpg,scan_rotated,svk_id,NATIONAL_ID,37,False,False,0,0,0.0,standard_scan,flatbed
scan_rotated/images/svk_id/38.jpg,scan_rotated,svk_id,NATIONAL_ID,38,False,False,0,0,0.0,standard_scan,flatbed
scan_rotated/images/svk_id/39.jpg,scan_rotated,svk_id,NATIONAL_ID,39,False,False,0,0,0.0,standard_scan,flatbed
scan_rotated/images/svk_id/40.jpg,scan_rotated,svk_id,NATIONAL_ID,40,False,False,0,0,0.0,standard_scan,flatbed
scan_rotated/images/svk_id/41.jpg,scan_rotated,svk_id,NATIONAL_ID,41,False,False,0,0,0.0,standard_scan,flatbed
scan_rotated/images/svk_id/42.jpg,scan_rotated,svk_id,NATIONAL_ID,42,False,False,0,0,0.0,standard_scan,flatbed
scan_rotated/images/svk_id/43.jpg,scan_rotated,svk_id,NATIONAL_ID,43,False,False,0,0,0.0,standard_scan,flatbed
scan_rotated/images/svk_id/44.jpg,scan_rotated,svk_id,NATIONAL_ID,44,False,False,0,0,0.0,standard_scan,flatbed
scan_rotated/images/svk_id/45.jpg,scan_rotated,svk_id,NATIONAL_ID,45,False,False,0,0,0.0,standard_scan,flatbed
scan_rotated/images/svk_id/46.jpg,scan_rotated,svk_id,NATIONAL_ID,46,False,False,0,0,0.0,standard_scan,flatbed
scan_rotated/images/svk_id/47.jpg,scan_rotated,svk_id,NATIONAL_ID,47,False,False,0,0,0.0,standard_scan,flatbed
scan_rotated/images/svk_id/48.jpg,scan_rotated,svk_id,NATIONAL_ID,48,False,False,0,0,0.0,standard_scan,flatbed
scan_rotated/images/svk_id/49.jpg,scan_rotated,svk_id,NATIONAL_ID,49,False,False,0,0,0.0,standard_scan,flatbed
scan_rotated/images/svk_id/50.jpg,scan_rotated,svk_id,NATIONAL_ID,50,False,False,0,0,0.0,standard_scan,flatbed
scan_rotated/images/svk_id/51.jpg,scan_rotated,svk_id,NATIONAL_ID,51,False,False,0,0,0.0,standard_scan,flatbed
scan_rotated/images/svk_id/52.jpg,scan_rotated,svk_id,NATIONAL_ID,52,False,False,0,0,0.0,standard_scan,flatbed
scan_rotated/images/svk_id/53.jpg,scan_rotated,svk_id,NATIONAL_ID,53,False,False,0,0,0.0,standard_scan,flatbed
scan_rotated/images/svk_id/54.jpg,scan_rotated,svk_id,NATIONAL_ID,54,False,False,0,0,0.0,standard_scan,flatbed
scan_rotated/images/svk_id/55.jpg,scan_rotated,svk_id,NATIONAL_ID,55,False,False,0,0,0.0,standard_scan,flatbed
scan_rotated/images/svk_id/56.jpg,scan_rotated,svk_id,NATIONAL_ID,56,False,False,0,0,0.0,standard_scan,flatbed
scan_rotated/images/svk_id/57.jpg,scan_rotated,svk_id,NATIONAL_ID,57,False,False,0,0,0.0,standard_scan,flatbed
scan_rotated/images/svk_id/58.jpg,scan_rotated,svk_id,NATIONAL_ID,58,False,False,0,0,0.0,standard_scan,flatbed
scan_rotated/images/svk_id/59.jpg,scan_rotated,svk_id,NATIONAL_ID,59,False,False,0,0,0.0,standard_scan,flatbed
scan_rotated/images/svk_id/60.jpg,scan_rotated,svk_id,NATIONAL_ID,60,False,False,0,0,0.0,standard_scan,flatbed
scan_rotated/images/svk_id/61.jpg,scan_rotated,svk_id,NATIONAL_ID,61,False,False,0,0,0.0,standard_scan,flatbed
scan_rotated/images/svk_id/62.jpg,scan_rotated,svk_id,NATIONAL_ID,62,False,False,0,0,0.0,standard_scan,flatbed
scan_rotated/images/svk_id/63.jpg,scan_rotated,svk_id,NATIONAL_ID,63,False,False,0,0,0.0,standard_scan,flatbed
scan_rotated/images/svk_id/64.jpg,scan_rotated,svk_id,NATIONAL_ID,64,False,False,0,0,0.0,standard_scan,flatbed
scan_rotated/images/svk_id/65.jpg,scan_rotated,svk_id,NATIONAL_ID,65,False,False,0,0,0.0,standard_scan,flatbed
scan_rotated/images/svk_id/66.jpg,scan_rotated,svk_id,NATIONAL_ID,66,False,False,0,0,0.0,standard_scan,flatbed
scan_rotated/images/svk_id/67.jpg,scan_rotated,svk_id,NATIONAL_ID,67,False,False,0,0,0.0,standard_scan,flatbed
scan_rotated/images/svk_id/68.jpg,scan_rotated,svk_id,NATIONAL_ID,68,False,False,0,0,0.0,standard_scan,flatbed
scan_rotated/images/svk_id/69.jpg,scan_rotated,svk_id,NATIONAL_ID,69,False,False,0,0,0.0,standard_scan,flatbed
scan_rotated/images/svk_id/70.jpg,scan_rotated,svk_id,NATIONAL_ID,70,False,False,0,0,0.0,standard_scan,flatbed
scan_rotated/images/svk_id/71.jpg,scan_rotated,svk_id,NATIONAL_ID,71,False,False,0,0,0.0,standard_scan,flatbed
scan_rotated/images/svk_id/72.jpg,scan_rotated,svk_id,NATIONAL_ID,72,False,False,0,0,0.0,standard_scan,flatbed
scan_rotated/images/svk_id/73.jpg,scan_rotated,svk_id,NATIONAL_ID,73,False,False,0,0,0.0,standard_scan,flatbed
scan_rotated/images/svk_id/74.jpg,scan_rotated,svk_id,NATIONAL_ID,74,False,False,0,0,0.0,standard_scan,flatbed
scan_rotated/images/svk_id/75.jpg,scan_rotated,svk_id,NATIONAL_ID,75,False,False,0,0,0.0,standard_scan,flatbed
scan_rotated/images/svk_id/76.jpg,scan_rotated,svk_id,NATIONAL_ID,76,False,False,0,0,0.0,standard_scan,flatbed
scan_rotated/images/svk_id/77.jpg,scan_rotated,svk_id,NATIONAL_ID,77,False,False,0,0,0.0,standard_scan,flatbed
scan_rotated/images/svk_id/78.jpg,scan_rotated,svk_id,NATIONAL_ID,78,False,False,0,0,0.0,standard_scan,flatbed
scan_rotated/images/svk_id/79.jpg,scan_rotated,svk_id,NATIONAL_ID,79,False,False,0,0,0.0,standard_scan,flatbed
scan_rotated/images/svk_id/80.jpg,scan_rotated,svk_id,NATIONAL_ID,80,False,False,0,0,0.0,standard_scan,flatbed
scan_rotated/images/svk_id/81.jpg,scan_rotated,svk_id,NATIONAL_ID,81,False,False,0,0,0.0,standard_scan,flatbed
scan_rotated/images/svk_id/82.jpg,scan_rotated,svk_id,NATIONAL_ID,82,False,False,0,0,0.0,standard_scan,flatbed
scan_rotated/images/svk_id/83.jpg,scan_rotated,svk_id,NATIONAL_ID,83,False,False,0,0,0.0,standard_scan,flatbed
scan_rotated/images/svk_id/84.jpg,scan_rotated,svk_id,NATIONAL_ID,84,False,False,0,0,0.0,standard_scan,flatbed
scan_rotated/images/svk_id/85.jpg,scan_rotated,svk_id,NATIONAL_ID,85,False,False,0,0,0.0,standard_scan,flatbed
scan_rotated/images/svk_id/86.jpg,scan_rotated,svk_id,NATIONAL_ID,86,False,False,0,0,0.0,standard_scan,flatbed
scan_rotated/images/svk_id/87.jpg,scan_rotated,svk_id,NATIONAL_ID,87,False,False,0,0,0.0,standard_scan,flatbed
scan_rotated/images/svk_id/88.jpg,scan_rotated,svk_id,NATIONAL_ID,88,False,False,0,0,0.0,standard_scan,flatbed
scan_rotated/images/svk_id/89.jpg,scan_rotated,svk_id,NATIONAL_ID,89,False,False,0,0,0.0,standard_scan,flatbed
scan_rotated/images/svk_id/90.jpg,scan_rotated,svk_id,NATIONAL_ID,90,False,False,0,0,0.0,standard_scan,flatbed
scan_rotated/images/svk_id/91.jpg,scan_rotated,svk_id,NATIONAL_ID,91,False,False,0,0,0.0,standard_scan,flatbed
scan_rotated/images/svk_id/92.jpg,scan_rotated,svk_id,NATIONAL_ID,92,False,False,0,0,0.0,standard_scan,flatbed
scan_rotated/images/svk_id/93.jpg,scan_rotated,svk_id,NATIONAL_ID,93,False,False,0,0,0.0,standard_scan,flatbed
scan_rotated/images/svk_id/94.jpg,scan_rotated,svk_id,NATIONAL_ID,94,False,False,0,0,0.0,standard_scan,flatbed
scan_rotated/images/svk_id/95.jpg,scan_rotated,svk_id,NATIONAL_ID,95,False,False,0,0,0.0,standard_scan,flatbed
scan_rotated/images/svk_id/96.jpg,scan_rotated,svk_id,NATIONAL_ID,96,False,False,0,0,0.0,standard_scan,flatbed
scan_rotated/images/svk_id/97.jpg,scan_rotated,svk_id,NATIONAL_ID,97,False,False,0,0,0.0,standard_scan,flatbed
scan_rotated/images/svk_id/98.jpg,scan_rotated,svk_id,NATIONAL_ID,98,False,False,0,0,0.0,standard_scan,flatbed
scan_rotated/images/svk_id/99.jpg,scan_rotated,svk_id,NATIONAL_ID,99,False,False,0,0,0.0,standard_scan,flatbed
scan_upright/images/alb_id/00.jpg,scan_upright,alb_id,NATIONAL_ID,00,False,False,0,0,0.0,standard_scan,flatbed
scan_upright/images/alb_id/01.jpg,scan_upright,alb_id,NATIONAL_ID,01,False,False,0,0,0.0,standard_scan,flatbed
scan_upright/images/alb_id/02.jpg,scan_upright,alb_id,NATIONAL_ID,02,False,False,0,0,0.0,standard_scan,flatbed
scan_upright/images/alb_id/03.jpg,scan_upright,alb_id,NATIONAL_ID,03,False,False,0,0,0.0,standard_scan,flatbed
scan_upright/images/alb_id/04.jpg,scan_upright,alb_id,NATIONAL_ID,04,False,False,0,0,0.0,standard_scan,flatbed
scan_upright/images/alb_id/05.jpg,scan_upright,alb_id,NATIONAL_ID,05,False,False,0,0,0.0,standard_scan,flatbed
scan_upright/images/alb_id/06.jpg,scan_upright,alb_id,NATIONAL_ID,06,False,False,0,0,0.0,standard_scan,flatbed
scan_upright/images/alb_id/07.jpg,scan_upright,alb_id,NATIONAL_ID,07,False,False,0,0,0.0,standard_scan,flatbed
scan_upright/images/alb_id/08.jpg,scan_upright,alb_id,NATIONAL_ID,08,False,False,0,0,0.0,standard_scan,flatbed
scan_upright/images/alb_id/09.jpg,scan_upright,alb_id,NATIONAL_ID,09,False,False,0,0,0.0,standard_scan,flatbed
scan_upright/images/alb_id/10.jpg,scan_upright,alb_id,NATIONAL_ID,10,False,False,0,0,0.0,standard_scan,flatbed
scan_upright/images/alb_id/11.jpg,scan_upright,alb_id,NATIONAL_ID,11,False,False,0,0,0.0,standard_scan,flatbed
scan_upright/images/alb_id/12.jpg,scan_upright,alb_id,NATIONAL_ID,12,False,False,0,0,0.0,standard_scan,flatbed
scan_upright/images/alb_id/13.jpg,scan_upright,alb_id,NATIONAL_ID,13,False,False,0,0,0.0,standard_scan,flatbed
scan_upright/images/alb_id/14.jpg,scan_upright,alb_id,NATIONAL_ID,14,False,False,0,0,0.0,standard_scan,flatbed
scan_upright/images/alb_id/15.jpg,scan_upright,alb_id,NATIONAL_ID,15,False,False,0,0,0.0,standard_scan,flatbed
scan_upright/images/alb_id/16.jpg,scan_upright,alb_id,NATIONAL_ID,16,False,False,0,0,0.0,standard_scan,flatbed
scan_upright/images/alb_id/17.jpg,scan_upright,alb_id,NATIONAL_ID,17,False,False,0,0,0.0,standard_scan,flatbed
scan_upright/images/alb_id/18.jpg,scan_upright,alb_id,NATIONAL_ID,18,False,False,0,0,0.0,standard_scan,flatbed
scan_upright/images/alb_id/19.jpg,scan_upright,alb_id,NATIONAL_ID,19,False,False,0,0,0.0,standard_scan,flatbed
scan_upright/images/alb_id/20.jpg,scan_upright,alb_id,NATIONAL_ID,20,False,False,0,0,0.0,standard_scan,flatbed
scan_upright/images/alb_id/21.jpg,scan_upright,alb_id,NATIONAL_ID,21,False,False,0,0,0.0,standard_scan,flatbed
scan_upright/images/alb_id/22.jpg,scan_upright,alb_id,NATIONAL_ID,22,False,False,0,0,0.0,standard_scan,flatbed
scan_upright/images/alb_id/23.jpg,scan_upright,alb_id,NATIONAL_ID,23,False,False,0,0,0.0,standard_scan,flatbed
scan_upright/images/alb_id/24.jpg,scan_upright,alb_id,NATIONAL_ID,24,False,False,0,0,0.0,standard_scan,flatbed
scan_upright/images/alb_id/25.jpg,scan_upright,alb_id,NATIONAL_ID,25,False,False,0,0,0.0,standard_scan,flatbed
scan_upright/images/alb_id/26.jpg,scan_upright,alb_id,NATIONAL_ID,26,False,False,0,0,0.0,standard_scan,flatbed
scan_upright/images/alb_id/27.jpg,scan_upright,alb_id,NATIONAL_ID,27,False,False,0,0,0.0,standard_scan,flatbed
scan_upright/images/alb_id/28.jpg,scan_upright,alb_id,NATIONAL_ID,28,False,False,0,0,0.0,standard_scan,flatbed
scan_upright/images/alb_id/29.jpg,scan_upright,alb_id,NATIONAL_ID,29,False,False,0,0,0.0,standard_scan,flatbed
scan_upright/images/alb_id/30.jpg,scan_upright,alb_id,NATIONAL_ID,30,False,False,0,0,0.0,standard_scan,flatbed
scan_upright/images/alb_id/31.jpg,scan_upright,alb_id,NATIONAL_ID,31,False,False,0,0,0.0,standard_scan,flatbed
scan_upright/images/alb_id/32.jpg,scan_upright,alb_id,NATIONAL_ID,32,False,False,0,0,0.0,standard_scan,flatbed
scan_upright/images/alb_id/33.jpg,scan_upright,alb_id,NATIONAL_ID,33,False,False,0,0,0.0,standard_scan,flatbed
scan_upright/images/alb_id/34.jpg,scan_upright,alb_id,NATIONAL_ID,34,False,False,0,0,0.0,standard_scan,flatbed
scan_upright/images/alb_id/35.jpg,scan_upright,alb_id,NATIONAL_ID,35,False,False,0,0,0.0,standard_scan,flatbed
scan_upright/images/alb_id/36.jpg,scan_upright,alb_id,NATIONAL_ID,36,False,False,0,0,0.0,standard_scan,flatbed
scan_upright/images/alb_id/37.jpg,scan_upright,alb_id,NATIONAL_ID,37,False,False,0,0,0.0,standard_scan,flatbed
scan_upright/images/alb_id/38.jpg,scan_upright,alb_id,NATIONAL_ID,38,False,False,0,0,0.0,standard_scan,flatbed
scan_upright/images/alb_id/39.jpg,scan_upright,alb_id,NATIONAL_ID,39,False,False,0,0,0.0,standard_scan,flatbed
scan_upright/images/alb_id/40.jpg,scan_upright,alb_id,NATIONAL_ID,40,False,False,0,0,0.0,standard_scan,flatbed
scan_upright/images/alb_id/41.jpg,scan_upright,alb_id,NATIONAL_ID,41,False,False,0,0,0.0,standard_scan,flatbed
scan_upright/images/alb_id/42.jpg,scan_upright,alb_id,NATIONAL_ID,42,False,False,0,0,0.0,standard_scan,flatbed
scan_upright/images/alb_id/43.jpg,scan_upright,alb_id,NATIONAL_ID,43,False,False,0,0,0.0,standard_scan,flatbed
scan_upright/images/alb_id/44.jpg,scan_upright,alb_id,NATIONAL_ID,44,False,False,0,0,0.0,standard_scan,flatbed
scan_upright/images/alb_id/45.jpg,scan_upright,alb_id,NATIONAL_ID,45,False,False,0,0,0.0,standard_scan,flatbed
scan_upright/images/alb_id/46.jpg,scan_upright,alb_id,NATIONAL_ID,46,False,False,0,0,0.0,standard_scan,flatbed
scan_upright/images/alb_id/47.jpg,scan_upright,alb_id,NATIONAL_ID,47,False,False,0,0,0.0,standard_scan,flatbed
scan_upright/images/alb_id/48.jpg,scan_upright,alb_id,NATIONAL_ID,48,False,False,0,0,0.0,standard_scan,flatbed
scan_upright/images/alb_id/49.jpg,scan_upright,alb_id,NATIONAL_ID,49,False,False,0,0,0.0,standard_scan,flatbed
scan_upright/images/alb_id/50.jpg,scan_upright,alb_id,NATIONAL_ID,50,False,False,0,0,0.0,standard_scan,flatbed
scan_upright/images/alb_id/51.jpg,scan_upright,alb_id,NATIONAL_ID,51,False,False,0,0,0.0,standard_scan,flatbed
scan_upright/images/alb_id/52.jpg,scan_upright,alb_id,NATIONAL_ID,52,False,False,0,0,0.0,standard_scan,flatbed
scan_upright/images/alb_id/53.jpg,scan_upright,alb_id,NATIONAL_ID,53,False,False,0,0,0.0,standard_scan,flatbed
scan_upright/images/alb_id/54.jpg,scan_upright,alb_id,NATIONAL_ID,54,False,False,0,0,0.0,standard_scan,flatbed
scan_upright/images/alb_id/55.jpg,scan_upright,alb_id,NATIONAL_ID,55,False,False,0,0,0.0,standard_scan,flatbed
scan_upright/images/alb_id/56.jpg,scan_upright,alb_id,NATIONAL_ID,56,False,False,0,0,0.0,standard_scan,flatbed
scan_upright/images/alb_id/57.jpg,scan_upright,alb_id,NATIONAL_ID,57,False,False,0,0,0.0,standard_scan,flatbed
scan_upright/images/alb_id/58.jpg,scan_upright,alb_id,NATIONAL_ID,58,False,False,0,0,0.0,standard_scan,flatbed
scan_upright/images/alb_id/59.jpg,scan_upright,alb_id,NATIONAL_ID,59,False,False,0,0,0.0,standard_scan,flatbed
scan_upright/images/alb_id/60.jpg,scan_upright,alb_id,NATIONAL_ID,60,False,False,0,0,0.0,standard_scan,flatbed
scan_upright/images/alb_id/61.jpg,scan_upright,alb_id,NATIONAL_ID,61,False,False,0,0,0.0,standard_scan,flatbed
scan_upright/images/alb_id/62.jpg,scan_upright,alb_id,NATIONAL_ID,62,False,False,0,0,0.0,standard_scan,flatbed
scan_upright/images/alb_id/63.jpg,scan_upright,alb_id,NATIONAL_ID,63,False,False,0,0,0.0,standard_scan,flatbed
scan_upright/images/alb_id/64.jpg,scan_upright,alb_id,NATIONAL_ID,64,False,False,0,0,0.0,standard_scan,flatbed
scan_upright/images/alb_id/65.jpg,scan_upright,alb_id,NATIONAL_ID,65,False,False,0,0,0.0,standard_scan,flatbed
scan_upright/images/alb_id/66.jpg,scan_upright,alb_id,NATIONAL_ID,66,False,False,0,0,0.0,standard_scan,flatbed
scan_upright/images/alb_id/67.jpg,scan_upright,alb_id,NATIONAL_ID,67,False,False,0,0,0.0,standard_scan,flatbed
scan_upright/images/alb_id/68.jpg,scan_upright,alb_id,NATIONAL_ID,68,False,False,0,0,0.0,standard_scan,flatbed
scan_upright/images/alb_id/69.jpg,scan_upright,alb_id,NATIONAL_ID,69,False,False,0,0,0.0,standard_scan,flatbed
scan_upright/images/alb_id/70.jpg,scan_upright,alb_id,NATIONAL_ID,70,False,False,0,0,0.0,standard_scan,flatbed
scan_upright/images/alb_id/71.jpg,scan_upright,alb_id,NATIONAL_ID,71,False,False,0,0,0.0,standard_scan,flatbed
scan_upright/images/alb_id/72.jpg,scan_upright,alb_id,NATIONAL_ID,72,False,False,0,0,0.0,standard_scan,flatbed
scan_upright/images/alb_id/73.jpg,scan_upright,alb_id,NATIONAL_ID,73,False,False,0,0,0.0,standard_scan,flatbed
scan_upright/images/alb_id/74.jpg,scan_upright,alb_id,NATIONAL_ID,74,False,False,0,0,0.0,standard_scan,flatbed
scan_upright/images/alb_id/75.jpg,scan_upright,alb_id,NATIONAL_ID,75,False,False,0,0,0.0,standard_scan,flatbed
scan_upright/images/alb_id/76.jpg,scan_upright,alb_id,NATIONAL_ID,76,False,False,0,0,0.0,standard_scan,flatbed
scan_upright/images/alb_id/77.jpg,scan_upright,alb_id,NATIONAL_ID,77,False,False,0,0,0.0,standard_scan,flatbed
scan_upright/images/alb_id/78.jpg,scan_upright,alb_id,NATIONAL_ID,78,False,False,0,0,0.0,standard_scan,flatbed
scan_upright/images/alb_id/79.jpg,scan_upright,alb_id,NATIONAL_ID,79,False,False,0,0,0.0,standard_scan,flatbed
scan_upright/images/alb_id/80.jpg,scan_upright,alb_id,NATIONAL_ID,80,False,False,0,0,0.0,standard_scan,flatbed
scan_upright/images/alb_id/81.jpg,scan_upright,alb_id,NATIONAL_ID,81,False,False,0,0,0.0,standard_scan,flatbed
scan_upright/images/alb_id/82.jpg,scan_upright,alb_id,NATIONAL_ID,82,False,False,0,0,0.0,standard_scan,flatbed
scan_upright/images/alb_id/83.jpg,scan_upright,alb_id,NATIONAL_ID,83,False,False,0,0,0.0,standard_scan,flatbed
scan_upright/images/alb_id/84.jpg,scan_upright,alb_id,NATIONAL_ID,84,False,False,0,0,0.0,standard_scan,flatbed
scan_upright/images/alb_id/85.jpg,scan_upright,alb_id,NATIONAL_ID,85,False,False,0,0,0.0,standard_scan,flatbed
scan_upright/images/alb_id/86.jpg,scan_upright,alb_id,NATIONAL_ID,86,False,False,0,0,0.0,standard_scan,flatbed
scan_upright/images/alb_id/87.jpg,scan_upright,alb_id,NATIONAL_ID,87,False,False,0,0,0.0,standard_scan,flatbed
scan_upright/images/alb_id/88.jpg,scan_upright,alb_id,NATIONAL_ID,88,False,False,0,0,0.0,standard_scan,flatbed
scan_upright/images/alb_id/89.jpg,scan_upright,alb_id,NATIONAL_ID,89,False,False,0,0,0.0,standard_scan,flatbed
scan_upright/images/alb_id/90.jpg,scan_upright,alb_id,NATIONAL_ID,90,False,False,0,0,0.0,standard_scan,flatbed
scan_upright/images/alb_id/91.jpg,scan_upright,alb_id,NATIONAL_ID,91,False,False,0,0,0.0,standard_scan,flatbed
scan_upright/images/alb_id/92.jpg,scan_upright,alb_id,NATIONAL_ID,92,False,False,0,0,0.0,standard_scan,flatbed
scan_upright/images/alb_id/93.jpg,scan_upright,alb_id,NATIONAL_ID,93,False,False,0,0,0.0,standard_scan,flatbed
scan_upright/images/alb_id/94.jpg,scan_upright,alb_id,NATIONAL_ID,94,False,False,0,0,0.0,standard_scan,flatbed
scan_upright/images/alb_id/95.jpg,scan_upright,alb_id,NATIONAL_ID,95,False,False,0,0,0.0,standard_scan,flatbed
scan_upright/images/alb_id/96.jpg,scan_upright,alb_id,NATIONAL_ID,96,False,False,0,0,0.0,standard_scan,flatbed
scan_upright/images/alb_id/97.jpg,scan_upright,alb_id,NATIONAL_ID,97,False,False,0,0,0.0,standard_scan,flatbed
scan_upright/images/alb_id/98.jpg,scan_upright,alb_id,NATIONAL_ID,98,False,False,0,0,0.0,standard_scan,flatbed
scan_upright/images/alb_id/99.jpg,scan_upright,alb_id,NATIONAL_ID,99,False,False,0,0,0.0,standard_scan,flatbed
scan_upright/images/aze_passport/00.jpg,scan_upright,aze_passport,TRAVEL_DOCUMENT,00,False,False,0,0,0.0,standard_scan,flatbed
scan_upright/images/aze_passport/01.jpg,scan_upright,aze_passport,TRAVEL_DOCUMENT,01,False,False,0,0,0.0,standard_scan,flatbed
scan_upright/images/aze_passport/02.jpg,scan_upright,aze_passport,TRAVEL_DOCUMENT,02,False,False,0,0,0.0,standard_scan,flatbed
scan_upright/images/aze_passport/03.jpg,scan_upright,aze_passport,TRAVEL_DOCUMENT,03,False,False,0,0,0.0,standard_scan,flatbed
scan_upright/images/aze_passport/04.jpg,scan_upright,aze_passport,TRAVEL_DOCUMENT,04,False,False,0,0,0.0,standard_scan,flatbed
scan_upright/images/aze_passport/05.jpg,scan_upright,aze_passport,TRAVEL_DOCUMENT,05,False,False,0,0,0.0,standard_scan,flatbed
scan_upright/images/aze_passport/06.jpg,scan_upright,aze_passport,TRAVEL_DOCUMENT,06,False,False,0,0,0.0,standard_scan,flatbed
scan_upright/images/aze_passport/07.jpg,scan_upright,aze_passport,TRAVEL_DOCUMENT,07,False,False,0,0,0.0,standard_scan,flatbed
scan_upright/images/aze_passport/08.jpg,scan_upright,aze_passport,TRAVEL_DOCUMENT,08,False,False,0,0,0.0,standard_scan,flatbed
scan_upright/images/aze_passport/09.jpg,scan_upright,aze_passport,TRAVEL_DOCUMENT,09,False,False,0,0,0.0,standard_scan,flatbed
scan_upright/images/aze_passport/10.jpg,scan_upright,aze_passport,TRAVEL_DOCUMENT,10,False,False,0,0,0.0,standard_scan,flatbed
scan_upright/images/aze_passport/11.jpg,scan_upright,aze_passport,TRAVEL_DOCUMENT,11,False,False,0,0,0.0,standard_scan,flatbed
scan_upright/images/aze_passport/12.jpg,scan_upright,aze_passport,TRAVEL_DOCUMENT,12,False,False,0,0,0.0,standard_scan,flatbed
scan_upright/images/aze_passport/13.jpg,scan_upright,aze_passport,TRAVEL_DOCUMENT,13,False,False,0,0,0.0,standard_scan,flatbed
scan_upright/images/aze_passport/14.jpg,scan_upright,aze_passport,TRAVEL_DOCUMENT,14,False,False,0,0,0.0,standard_scan,flatbed
scan_upright/images/aze_passport/15.jpg,scan_upright,aze_passport,TRAVEL_DOCUMENT,15,False,False,0,0,0.0,standard_scan,flatbed
scan_upright/images/aze_passport/16.jpg,scan_upright,aze_passport,TRAVEL_DOCUMENT,16,False,False,0,0,0.0,standard_scan,flatbed
scan_upright/images/aze_passport/17.jpg,scan_upright,aze_passport,TRAVEL_DOCUMENT,17,False,False,0,0,0.0,standard_scan,flatbed
scan_upright/images/aze_passport/18.jpg,scan_upright,aze_passport,TRAVEL_DOCUMENT,18,False,False,0,0,0.0,standard_scan,flatbed
scan_upright/images/aze_passport/19.jpg,scan_upright,aze_passport,TRAVEL_DOCUMENT,19,False,False,0,0,0.0,standard_scan,flatbed
scan_upright/images/aze_passport/20.jpg,scan_upright,aze_passport,TRAVEL_DOCUMENT,20,False,False,0,0,0.0,standard_scan,flatbed
scan_upright/images/aze_passport/21.jpg,scan_upright,aze_passport,TRAVEL_DOCUMENT,21,False,False,0,0,0.0,standard_scan,flatbed
scan_upright/images/aze_passport/22.jpg,scan_upright,aze_passport,TRAVEL_DOCUMENT,22,False,False,0,0,0.0,standard_scan,flatbed
scan_upright/images/aze_passport/23.jpg,scan_upright,aze_passport,TRAVEL_DOCUMENT,23,False,False,0,0,0.0,standard_scan,flatbed
scan_upright/images/aze_passport/24.jpg,scan_upright,aze_passport,TRAVEL_DOCUMENT,24,False,False,0,0,0.0,standard_scan,flatbed
scan_upright/images/aze_passport/25.jpg,scan_upright,aze_passport,TRAVEL_DOCUMENT,25,False,False,0,0,0.0,standard_scan,flatbed
scan_upright/images/aze_passport/26.jpg,scan_upright,aze_passport,TRAVEL_DOCUMENT,26,False,False,0,0,0.0,standard_scan,flatbed
scan_upright/images/aze_passport/27.jpg,scan_upright,aze_passport,TRAVEL_DOCUMENT,27,False,False,0,0,0.0,standard_scan,flatbed
scan_upright/images/aze_passport/28.jpg,scan_upright,aze_passport,TRAVEL_DOCUMENT,28,False,False,0,0,0.0,standard_scan,flatbed
scan_upright/images/aze_passport/29.jpg,scan_upright,aze_passport,TRAVEL_DOCUMENT,29,False,False,0,0,0.0,standard_scan,flatbed
scan_upright/images/aze_passport/30.jpg,scan_upright,aze_passport,TRAVEL_DOCUMENT,30,False,False,0,0,0.0,standard_scan,flatbed
scan_upright/images/aze_passport/31.jpg,scan_upright,aze_passport,TRAVEL_DOCUMENT,31,False,False,0,0,0.0,standard_scan,flatbed
scan_upright/images/aze_passport/32.jpg,scan_upright,aze_passport,TRAVEL_DOCUMENT,32,False,False,0,0,0.0,standard_scan,flatbed
scan_upright/images/aze_passport/33.jpg,scan_upright,aze_passport,TRAVEL_DOCUMENT,33,False,False,0,0,0.0,standard_scan,flatbed
scan_upright/images/aze_passport/34.jpg,scan_upright,aze_passport,TRAVEL_DOCUMENT,34,False,False,0,0,0.0,standard_scan,flatbed
scan_upright/images/aze_passport/35.jpg,scan_upright,aze_passport,TRAVEL_DOCUMENT,35,False,False,0,0,0.0,standard_scan,flatbed
scan_upright/images/aze_passport/36.jpg,scan_upright,aze_passport,TRAVEL_DOCUMENT,36,False,False,0,0,0.0,standard_scan,flatbed
scan_upright/images/aze_passport/37.jpg,scan_upright,aze_passport,TRAVEL_DOCUMENT,37,False,False,0,0,0.0,standard_scan,flatbed
scan_upright/images/aze_passport/38.jpg,scan_upright,aze_passport,TRAVEL_DOCUMENT,38,False,False,0,0,0.0,standard_scan,flatbed
scan_upright/images/aze_passport/39.jpg,scan_upright,aze_passport,TRAVEL_DOCUMENT,39,False,False,0,0,0.0,standard_scan,flatbed
scan_upright/images/aze_passport/40.jpg,scan_upright,aze_passport,TRAVEL_DOCUMENT,40,False,False,0,0,0.0,standard_scan,flatbed
scan_upright/images/aze_passport/41.jpg,scan_upright,aze_passport,TRAVEL_DOCUMENT,41,False,False,0,0,0.0,standard_scan,flatbed
scan_upright/images/aze_passport/42.jpg,scan_upright,aze_passport,TRAVEL_DOCUMENT,42,False,False,0,0,0.0,standard_scan,flatbed
scan_upright/images/aze_passport/43.jpg,scan_upright,aze_passport,TRAVEL_DOCUMENT,43,False,False,0,0,0.0,standard_scan,flatbed
scan_upright/images/aze_passport/44.jpg,scan_upright,aze_passport,TRAVEL_DOCUMENT,44,False,False,0,0,0.0,standard_scan,flatbed
scan_upright/images/aze_passport/45.jpg,scan_upright,aze_passport,TRAVEL_DOCUMENT,45,False,False,0,0,0.0,standard_scan,flatbed
scan_upright/images/aze_passport/46.jpg,scan_upright,aze_passport,TRAVEL_DOCUMENT,46,False,False,0,0,0.0,standard_scan,flatbed
scan_upright/images/aze_passport/47.jpg,scan_upright,aze_passport,TRAVEL_DOCUMENT,47,False,False,0,0,0.0,standard_scan,flatbed
scan_upright/images/aze_passport/48.jpg,scan_upright,aze_passport,TRAVEL_DOCUMENT,48,False,False,0,0,0.0,standard_scan,flatbed
scan_upright/images/aze_passport/49.jpg,scan_upright,aze_passport,TRAVEL_DOCUMENT,49,False,False,0,0,0.0,standard_scan,flatbed
scan_upright/images/aze_passport/50.jpg,scan_upright,aze_passport,TRAVEL_DOCUMENT,50,False,False,0,0,0.0,standard_scan,flatbed
scan_upright/images/aze_passport/51.jpg,scan_upright,aze_passport,TRAVEL_DOCUMENT,51,False,False,0,0,0.0,standard_scan,flatbed
scan_upright/images/aze_passport/52.jpg,scan_upright,aze_passport,TRAVEL_DOCUMENT,52,False,False,0,0,0.0,standard_scan,flatbed
scan_upright/images/aze_passport/53.jpg,scan_upright,aze_passport,TRAVEL_DOCUMENT,53,False,False,0,0,0.0,standard_scan,flatbed
scan_upright/images/aze_passport/54.jpg,scan_upright,aze_passport,TRAVEL_DOCUMENT,54,False,False,0,0,0.0,standard_scan,flatbed
scan_upright/images/aze_passport/55.jpg,scan_upright,aze_passport,TRAVEL_DOCUMENT,55,False,False,0,0,0.0,standard_scan,flatbed
scan_upright/images/aze_passport/56.jpg,scan_upright,aze_passport,TRAVEL_DOCUMENT,56,False,False,0,0,0.0,standard_scan,flatbed
scan_upright/images/aze_passport/57.jpg,scan_upright,aze_passport,TRAVEL_DOCUMENT,57,False,False,0,0,0.0,standard_scan,flatbed
scan_upright/images/aze_passport/58.jpg,scan_upright,aze_passport,TRAVEL_DOCUMENT,58,False,False,0,0,0.0,standard_scan,flatbed
scan_upright/images/aze_passport/59.jpg,scan_upright,aze_passport,TRAVEL_DOCUMENT,59,False,False,0,0,0.0,standard_scan,flatbed
scan_upright/images/aze_passport/60.jpg,scan_upright,aze_passport,TRAVEL_DOCUMENT,60,False,False,0,0,0.0,standard_scan,flatbed
scan_upright/images/aze_passport/61.jpg,scan_upright,aze_passport,TRAVEL_DOCUMENT,61,False,False,0,0,0.0,standard_scan,flatbed
scan_upright/images/aze_passport/62.jpg,scan_upright,aze_passport,TRAVEL_DOCUMENT,62,False,False,0,0,0.0,standard_scan,flatbed
scan_upright/images/aze_passport/63.jpg,scan_upright,aze_passport,TRAVEL_DOCUMENT,63,False,False,0,0,0.0,standard_scan,flatbed
scan_upright/images/aze_passport/64.jpg,scan_upright,aze_passport,TRAVEL_DOCUMENT,64,False,False,0,0,0.0,standard_scan,flatbed
scan_upright/images/aze_passport/65.jpg,scan_upright,aze_passport,TRAVEL_DOCUMENT,65,False,False,0,0,0.0,standard_scan,flatbed
scan_upright/images/aze_passport/66.jpg,scan_upright,aze_passport,TRAVEL_DOCUMENT,66,False,False,0,0,0.0,standard_scan,flatbed
scan_upright/images/aze_passport/67.jpg,scan_upright,aze_passport,TRAVEL_DOCUMENT,67,False,False,0,0,0.0,standard_scan,flatbed
scan_upright/images/aze_passport/68.jpg,scan_upright,aze_passport,TRAVEL_DOCUMENT,68,False,False,0,0,0.0,standard_scan,flatbed
scan_upright/images/aze_passport/69.jpg,scan_upright,aze_passport,TRAVEL_DOCUMENT,69,False,False,0,0,0.0,standard_scan,flatbed
scan_upright/images/aze_passport/70.jpg,scan_upright,aze_passport,TRAVEL_DOCUMENT,70,False,False,0,0,0.0,standard_scan,flatbed
scan_upright/images/aze_passport/71.jpg,scan_upright,aze_passport,TRAVEL_DOCUMENT,71,False,False,0,0,0.0,standard_scan,flatbed
scan_upright/images/aze_passport/72.jpg,scan_upright,aze_passport,TRAVEL_DOCUMENT,72,False,False,0,0,0.0,standard_scan,flatbed
scan_upright/images/aze_passport/73.jpg,scan_upright,aze_passport,TRAVEL_DOCUMENT,73,False,False,0,0,0.0,standard_scan,flatbed
scan_upright/images/aze_passport/74.jpg,scan_upright,aze_passport,TRAVEL_DOCUMENT,74,False,False,0,0,0.0,standard_scan,flatbed
scan_upright/images/aze_passport/75.jpg,scan_upright,aze_passport,TRAVEL_DOCUMENT,75,False,False,0,0,0.0,standard_scan,flatbed
scan_upright/images/aze_passport/76.jpg,scan_upright,aze_passport,TRAVEL_DOCUMENT,76,False,False,0,0,0.0,standard_scan,flatbed
scan_upright/images/aze_passport/77.jpg,scan_upright,aze_passport,TRAVEL_DOCUMENT,77,False,False,0,0,0.0,standard_scan,flatbed
scan_upright/images/aze_passport/78.jpg,scan_upright,aze_passport,TRAVEL_DOCUMENT,78,False,False,0,0,0.0,standard_scan,flatbed
scan_upright/images/aze_passport/79.jpg,scan_upright,aze_passport,TRAVEL_DOCUMENT,79,False,False,0,0,0.0,standard_scan,flatbed
scan_upright/images/aze_passport/80.jpg,scan_upright,aze_passport,TRAVEL_DOCUMENT,80,False,False,0,0,0.0,standard_scan,flatbed
scan_upright/images/aze_passport/81.jpg,scan_upright,aze_passport,TRAVEL_DOCUMENT,81,False,False,0,0,0.0,standard_scan,flatbed
scan_upright/images/aze_passport/82.jpg,scan_upright,aze_passport,TRAVEL_DOCUMENT,82,False,False,0,0,0.0,standard_scan,flatbed
scan_upright/images/aze_passport/83.jpg,scan_upright,aze_passport,TRAVEL_DOCUMENT,83,False,False,0,0,0.0,standard_scan,flatbed
scan_upright/images/aze_passport/84.jpg,scan_upright,aze_passport,TRAVEL_DOCUMENT,84,False,False,0,0,0.0,standard_scan,flatbed
scan_upright/images/aze_passport/85.jpg,scan_upright,aze_passport,TRAVEL_DOCUMENT,85,False,False,0,0,0.0,standard_scan,flatbed
scan_upright/images/aze_passport/86.jpg,scan_upright,aze_passport,TRAVEL_DOCUMENT,86,False,False,0,0,0.0,standard_scan,flatbed
scan_upright/images/aze_passport/87.jpg,scan_upright,aze_passport,TRAVEL_DOCUMENT,87,False,False,0,0,0.0,standard_scan,flatbed
scan_upright/images/aze_passport/88.jpg,scan_upright,aze_passport,TRAVEL_DOCUMENT,88,False,False,0,0,0.0,standard_scan,flatbed
scan_upright/images/aze_passport/89.jpg,scan_upright,aze_passport,TRAVEL_DOCUMENT,89,False,False,0,0,0.0,standard_scan,flatbed
scan_upright/images/aze_passport/90.jpg,scan_upright,aze_passport,TRAVEL_DOCUMENT,90,False,False,0,0,0.0,standard_scan,flatbed
scan_upright/images/aze_passport/91.jpg,scan_upright,aze_passport,TRAVEL_DOCUMENT,91,False,False,0,0,0.0,standard_scan,flatbed
scan_upright/images/aze_passport/92.jpg,scan_upright,aze_passport,TRAVEL_DOCUMENT,92,False,False,0,0,0.0,standard_scan,flatbed
scan_upright/images/aze_passport/93.jpg,scan_upright,aze_passport,TRAVEL_DOCUMENT,93,False,False,0,0,0.0,standard_scan,flatbed
scan_upright/images/aze_passport/94.jpg,scan_upright,aze_passport,TRAVEL_DOCUMENT,94,False,False,0,0,0.0,standard_scan,flatbed
scan_upright/images/aze_passport/95.jpg,scan_upright,aze_passport,TRAVEL_DOCUMENT,95,False,False,0,0,0.0,standard_scan,flatbed
scan_upright/images/aze_passport/96.jpg,scan_upright,aze_passport,TRAVEL_DOCUMENT,96,False,False,0,0,0.0,standard_scan,flatbed
scan_upright/images/aze_passport/97.jpg,scan_upright,aze_passport,TRAVEL_DOCUMENT,97,False,False,0,0,0.0,standard_scan,flatbed
scan_upright/images/aze_passport/98.jpg,scan_upright,aze_passport,TRAVEL_DOCUMENT,98,False,False,0,0,0.0,standard_scan,flatbed
scan_upright/images/aze_passport/99.jpg,scan_upright,aze_passport,TRAVEL_DOCUMENT,99,False,False,0,0,0.0,standard_scan,flatbed
scan_upright/images/esp_id/00.jpg,scan_upright,esp_id,NATIONAL_ID,00,False,False,0,0,0.0,standard_scan,flatbed
scan_upright/images/esp_id/01.jpg,scan_upright,esp_id,NATIONAL_ID,01,False,False,0,0,0.0,standard_scan,flatbed
scan_upright/images/esp_id/02.jpg,scan_upright,esp_id,NATIONAL_ID,02,False,False,0,0,0.0,standard_scan,flatbed
scan_upright/images/esp_id/03.jpg,scan_upright,esp_id,NATIONAL_ID,03,False,False,0,0,0.0,standard_scan,flatbed
scan_upright/images/esp_id/04.jpg,scan_upright,esp_id,NATIONAL_ID,04,False,False,0,0,0.0,standard_scan,flatbed
scan_upright/images/esp_id/05.jpg,scan_upright,esp_id,NATIONAL_ID,05,False,False,0,0,0.0,standard_scan,flatbed
scan_upright/images/esp_id/06.jpg,scan_upright,esp_id,NATIONAL_ID,06,False,False,0,0,0.0,standard_scan,flatbed
scan_upright/images/esp_id/07.jpg,scan_upright,esp_id,NATIONAL_ID,07,False,False,0,0,0.0,standard_scan,flatbed
scan_upright/images/esp_id/08.jpg,scan_upright,esp_id,NATIONAL_ID,08,False,False,0,0,0.0,standard_scan,flatbed
scan_upright/images/esp_id/09.jpg,scan_upright,esp_id,NATIONAL_ID,09,False,False,0,0,0.0,standard_scan,flatbed
scan_upright/images/esp_id/10.jpg,scan_upright,esp_id,NATIONAL_ID,10,False,False,0,0,0.0,standard_scan,flatbed
scan_upright/images/esp_id/11.jpg,scan_upright,esp_id,NATIONAL_ID,11,False,False,0,0,0.0,standard_scan,flatbed
scan_upright/images/esp_id/12.jpg,scan_upright,esp_id,NATIONAL_ID,12,False,False,0,0,0.0,standard_scan,flatbed
scan_upright/images/esp_id/13.jpg,scan_upright,esp_id,NATIONAL_ID,13,False,False,0,0,0.0,standard_scan,flatbed
scan_upright/images/esp_id/14.jpg,scan_upright,esp_id,NATIONAL_ID,14,False,False,0,0,0.0,standard_scan,flatbed
scan_upright/images/esp_id/15.jpg,scan_upright,esp_id,NATIONAL_ID,15,False,False,0,0,0.0,standard_scan,flatbed
scan_upright/images/esp_id/16.jpg,scan_upright,esp_id,NATIONAL_ID,16,False,False,0,0,0.0,standard_scan,flatbed
scan_upright/images/esp_id/17.jpg,scan_upright,esp_id,NATIONAL_ID,17,False,False,0,0,0.0,standard_scan,flatbed
scan_upright/images/esp_id/18.jpg,scan_upright,esp_id,NATIONAL_ID,18,False,False,0,0,0.0,standard_scan,flatbed
scan_upright/images/esp_id/19.jpg,scan_upright,esp_id,NATIONAL_ID,19,False,False,0,0,0.0,standard_scan,flatbed
scan_upright/images/esp_id/20.jpg,scan_upright,esp_id,NATIONAL_ID,20,False,False,0,0,0.0,standard_scan,flatbed
scan_upright/images/esp_id/21.jpg,scan_upright,esp_id,NATIONAL_ID,21,False,False,0,0,0.0,standard_scan,flatbed
scan_upright/images/esp_id/22.jpg,scan_upright,esp_id,NATIONAL_ID,22,False,False,0,0,0.0,standard_scan,flatbed
scan_upright/images/esp_id/23.jpg,scan_upright,esp_id,NATIONAL_ID,23,False,False,0,0,0.0,standard_scan,flatbed
scan_upright/images/esp_id/24.jpg,scan_upright,esp_id,NATIONAL_ID,24,False,False,0,0,0.0,standard_scan,flatbed
scan_upright/images/esp_id/25.jpg,scan_upright,esp_id,NATIONAL_ID,25,False,False,0,0,0.0,standard_scan,flatbed
scan_upright/images/esp_id/26.jpg,scan_upright,esp_id,NATIONAL_ID,26,False,False,0,0,0.0,standard_scan,flatbed
scan_upright/images/esp_id/27.jpg,scan_upright,esp_id,NATIONAL_ID,27,False,False,0,0,0.0,standard_scan,flatbed
scan_upright/images/esp_id/28.jpg,scan_upright,esp_id,NATIONAL_ID,28,False,False,0,0,0.0,standard_scan,flatbed
scan_upright/images/esp_id/29.jpg,scan_upright,esp_id,NATIONAL_ID,29,False,False,0,0,0.0,standard_scan,flatbed
scan_upright/images/esp_id/30.jpg,scan_upright,esp_id,NATIONAL_ID,30,False,False,0,0,0.0,standard_scan,flatbed
scan_upright/images/esp_id/31.jpg,scan_upright,esp_id,NATIONAL_ID,31,False,False,0,0,0.0,standard_scan,flatbed
scan_upright/images/esp_id/32.jpg,scan_upright,esp_id,NATIONAL_ID,32,False,False,0,0,0.0,standard_scan,flatbed
scan_upright/images/esp_id/33.jpg,scan_upright,esp_id,NATIONAL_ID,33,False,False,0,0,0.0,standard_scan,flatbed
scan_upright/images/esp_id/34.jpg,scan_upright,esp_id,NATIONAL_ID,34,False,False,0,0,0.0,standard_scan,flatbed
scan_upright/images/esp_id/35.jpg,scan_upright,esp_id,NATIONAL_ID,35,False,False,0,0,0.0,standard_scan,flatbed
scan_upright/images/esp_id/36.jpg,scan_upright,esp_id,NATIONAL_ID,36,False,False,0,0,0.0,standard_scan,flatbed
scan_upright/images/esp_id/37.jpg,scan_upright,esp_id,NATIONAL_ID,37,False,False,0,0,0.0,standard_scan,flatbed
scan_upright/images/esp_id/38.jpg,scan_upright,esp_id,NATIONAL_ID,38,False,False,0,0,0.0,standard_scan,flatbed
scan_upright/images/esp_id/39.jpg,scan_upright,esp_id,NATIONAL_ID,39,False,False,0,0,0.0,standard_scan,flatbed
scan_upright/images/esp_id/40.jpg,scan_upright,esp_id,NATIONAL_ID,40,False,False,0,0,0.0,standard_scan,flatbed
scan_upright/images/esp_id/41.jpg,scan_upright,esp_id,NATIONAL_ID,41,False,False,0,0,0.0,standard_scan,flatbed
scan_upright/images/esp_id/42.jpg,scan_upright,esp_id,NATIONAL_ID,42,False,False,0,0,0.0,standard_scan,flatbed
scan_upright/images/esp_id/43.jpg,scan_upright,esp_id,NATIONAL_ID,43,False,False,0,0,0.0,standard_scan,flatbed
scan_upright/images/esp_id/44.jpg,scan_upright,esp_id,NATIONAL_ID,44,False,False,0,0,0.0,standard_scan,flatbed
scan_upright/images/esp_id/45.jpg,scan_upright,esp_id,NATIONAL_ID,45,False,False,0,0,0.0,standard_scan,flatbed
scan_upright/images/esp_id/46.jpg,scan_upright,esp_id,NATIONAL_ID,46,False,False,0,0,0.0,standard_scan,flatbed
scan_upright/images/esp_id/47.jpg,scan_upright,esp_id,NATIONAL_ID,47,False,False,0,0,0.0,standard_scan,flatbed
scan_upright/images/esp_id/48.jpg,scan_upright,esp_id,NATIONAL_ID,48,False,False,0,0,0.0,standard_scan,flatbed
scan_upright/images/esp_id/49.jpg,scan_upright,esp_id,NATIONAL_ID,49,False,False,0,0,0.0,standard_scan,flatbed
scan_upright/images/esp_id/50.jpg,scan_upright,esp_id,NATIONAL_ID,50,False,False,0,0,0.0,standard_scan,flatbed
scan_upright/images/esp_id/51.jpg,scan_upright,esp_id,NATIONAL_ID,51,False,False,0,0,0.0,standard_scan,flatbed
scan_upright/images/esp_id/52.jpg,scan_upright,esp_id,NATIONAL_ID,52,False,False,0,0,0.0,standard_scan,flatbed
scan_upright/images/esp_id/53.jpg,scan_upright,esp_id,NATIONAL_ID,53,False,False,0,0,0.0,standard_scan,flatbed
scan_upright/images/esp_id/54.jpg,scan_upright,esp_id,NATIONAL_ID,54,False,False,0,0,0.0,standard_scan,flatbed
scan_upright/images/esp_id/55.jpg,scan_upright,esp_id,NATIONAL_ID,55,False,False,0,0,0.0,standard_scan,flatbed
scan_upright/images/esp_id/56.jpg,scan_upright,esp_id,NATIONAL_ID,56,False,False,0,0,0.0,standard_scan,flatbed
scan_upright/images/esp_id/57.jpg,scan_upright,esp_id,NATIONAL_ID,57,False,False,0,0,0.0,standard_scan,flatbed
scan_upright/images/esp_id/58.jpg,scan_upright,esp_id,NATIONAL_ID,58,False,False,0,0,0.0,standard_scan,flatbed
scan_upright/images/esp_id/59.jpg,scan_upright,esp_id,NATIONAL_ID,59,False,False,0,0,0.0,standard_scan,flatbed
scan_upright/images/esp_id/60.jpg,scan_upright,esp_id,NATIONAL_ID,60,False,False,0,0,0.0,standard_scan,flatbed
scan_upright/images/esp_id/61.jpg,scan_upright,esp_id,NATIONAL_ID,61,False,False,0,0,0.0,standard_scan,flatbed
scan_upright/images/esp_id/62.jpg,scan_upright,esp_id,NATIONAL_ID,62,False,False,0,0,0.0,standard_scan,flatbed
scan_upright/images/esp_id/63.jpg,scan_upright,esp_id,NATIONAL_ID,63,False,False,0,0,0.0,standard_scan,flatbed
scan_upright/images/esp_id/64.jpg,scan_upright,esp_id,NATIONAL_ID,64,False,False,0,0,0.0,standard_scan,flatbed
scan_upright/images/esp_id/65.jpg,scan_upright,esp_id,NATIONAL_ID,65,False,False,0,0,0.0,standard_scan,flatbed
scan_upright/images/esp_id/66.jpg,scan_upright,esp_id,NATIONAL_ID,66,False,False,0,0,0.0,standard_scan,flatbed
scan_upright/images/esp_id/67.jpg,scan_upright,esp_id,NATIONAL_ID,67,False,False,0,0,0.0,standard_scan,flatbed
scan_upright/images/esp_id/68.jpg,scan_upright,esp_id,NATIONAL_ID,68,False,False,0,0,0.0,standard_scan,flatbed
scan_upright/images/esp_id/69.jpg,scan_upright,esp_id,NATIONAL_ID,69,False,False,0,0,0.0,standard_scan,flatbed
scan_upright/images/esp_id/70.jpg,scan_upright,esp_id,NATIONAL_ID,70,False,False,0,0,0.0,standard_scan,flatbed
scan_upright/images/esp_id/71.jpg,scan_upright,esp_id,NATIONAL_ID,71,False,False,0,0,0.0,standard_scan,flatbed
scan_upright/images/esp_id/72.jpg,scan_upright,esp_id,NATIONAL_ID,72,False,False,0,0,0.0,standard_scan,flatbed
scan_upright/images/esp_id/73.jpg,scan_upright,esp_id,NATIONAL_ID,73,False,False,0,0,0.0,standard_scan,flatbed
scan_upright/images/esp_id/74.jpg,scan_upright,esp_id,NATIONAL_ID,74,False,False,0,0,0.0,standard_scan,flatbed
scan_upright/images/esp_id/75.jpg,scan_upright,esp_id,NATIONAL_ID,75,False,False,0,0,0.0,standard_scan,flatbed
scan_upright/images/esp_id/76.jpg,scan_upright,esp_id,NATIONAL_ID,76,False,False,0,0,0.0,standard_scan,flatbed
scan_upright/images/esp_id/77.jpg,scan_upright,esp_id,NATIONAL_ID,77,False,False,0,0,0.0,standard_scan,flatbed
scan_upright/images/esp_id/78.jpg,scan_upright,esp_id,NATIONAL_ID,78,False,False,0,0,0.0,standard_scan,flatbed
scan_upright/images/esp_id/79.jpg,scan_upright,esp_id,NATIONAL_ID,79,False,False,0,0,0.0,standard_scan,flatbed
scan_upright/images/esp_id/80.jpg,scan_upright,esp_id,NATIONAL_ID,80,False,False,0,0,0.0,standard_scan,flatbed
scan_upright/images/esp_id/81.jpg,scan_upright,esp_id,NATIONAL_ID,81,False,False,0,0,0.0,standard_scan,flatbed
scan_upright/images/esp_id/82.jpg,scan_upright,esp_id,NATIONAL_ID,82,False,False,0,0,0.0,standard_scan,flatbed
scan_upright/images/esp_id/83.jpg,scan_upright,esp_id,NATIONAL_ID,83,False,False,0,0,0.0,standard_scan,flatbed
scan_upright/images/esp_id/84.jpg,scan_upright,esp_id,NATIONAL_ID,84,False,False,0,0,0.0,standard_scan,flatbed
scan_upright/images/esp_id/85.jpg,scan_upright,esp_id,NATIONAL_ID,85,False,False,0,0,0.0,standard_scan,flatbed
scan_upright/images/esp_id/86.jpg,scan_upright,esp_id,NATIONAL_ID,86,False,False,0,0,0.0,standard_scan,flatbed
scan_upright/images/esp_id/87.jpg,scan_upright,esp_id,NATIONAL_ID,87,False,False,0,0,0.0,standard_scan,flatbed
scan_upright/images/esp_id/88.jpg,scan_upright,esp_id,NATIONAL_ID,88,False,False,0,0,0.0,standard_scan,flatbed
scan_upright/images/esp_id/89.jpg,scan_upright,esp_id,NATIONAL_ID,89,False,False,0,0,0.0,standard_scan,flatbed
scan_upright/images/esp_id/90.jpg,scan_upright,esp_id,NATIONAL_ID,90,False,False,0,0,0.0,standard_scan,flatbed
scan_upright/images/esp_id/91.jpg,scan_upright,esp_id,NATIONAL_ID,91,False,False,0,0,0.0,standard_scan,flatbed
scan_upright/images/esp_id/92.jpg,scan_upright,esp_id,NATIONAL_ID,92,False,False,0,0,0.0,standard_scan,flatbed
scan_upright/images/esp_id/93.jpg,scan_upright,esp_id,NATIONAL_ID,93,False,False,0,0,0.0,standard_scan,flatbed
scan_upright/images/esp_id/94.jpg,scan_upright,esp_id,NATIONAL_ID,94,False,False,0,0,0.0,standard_scan,flatbed
scan_upright/images/esp_id/95.jpg,scan_upright,esp_id,NATIONAL_ID,95,False,False,0,0,0.0,standard_scan,flatbed
scan_upright/images/esp_id/96.jpg,scan_upright,esp_id,NATIONAL_ID,96,False,False,0,0,0.0,standard_scan,flatbed
scan_upright/images/esp_id/97.jpg,scan_upright,esp_id,NATIONAL_ID,97,False,False,0,0,0.0,standard_scan,flatbed
scan_upright/images/esp_id/98.jpg,scan_upright,esp_id,NATIONAL_ID,98,False,False,0,0,0.0,standard_scan,flatbed
scan_upright/images/esp_id/99.jpg,scan_upright,esp_id,NATIONAL_ID,99,False,False,0,0,0.0,standard_scan,flatbed
scan_upright/images/est_id/00.jpg,scan_upright,est_id,NATIONAL_ID,00,False,False,0,0,0.0,standard_scan,flatbed
scan_upright/images/est_id/01.jpg,scan_upright,est_id,NATIONAL_ID,01,False,False,0,0,0.0,standard_scan,flatbed
scan_upright/images/est_id/02.jpg,scan_upright,est_id,NATIONAL_ID,02,False,False,0,0,0.0,standard_scan,flatbed
scan_upright/images/est_id/03.jpg,scan_upright,est_id,NATIONAL_ID,03,False,False,0,0,0.0,standard_scan,flatbed
scan_upright/images/est_id/04.jpg,scan_upright,est_id,NATIONAL_ID,04,False,False,0,0,0.0,standard_scan,flatbed
scan_upright/images/est_id/05.jpg,scan_upright,est_id,NATIONAL_ID,05,False,False,0,0,0.0,standard_scan,flatbed
scan_upright/images/est_id/06.jpg,scan_upright,est_id,NATIONAL_ID,06,False,False,0,0,0.0,standard_scan,flatbed
scan_upright/images/est_id/07.jpg,scan_upright,est_id,NATIONAL_ID,07,False,False,0,0,0.0,standard_scan,flatbed
scan_upright/images/est_id/08.jpg,scan_upright,est_id,NATIONAL_ID,08,False,False,0,0,0.0,standard_scan,flatbed
scan_upright/images/est_id/09.jpg,scan_upright,est_id,NATIONAL_ID,09,False,False,0,0,0.0,standard_scan,flatbed
scan_upright/images/est_id/10.jpg,scan_upright,est_id,NATIONAL_ID,10,False,False,0,0,0.0,standard_scan,flatbed
scan_upright/images/est_id/11.jpg,scan_upright,est_id,NATIONAL_ID,11,False,False,0,0,0.0,standard_scan,flatbed
scan_upright/images/est_id/12.jpg,scan_upright,est_id,NATIONAL_ID,12,False,False,0,0,0.0,standard_scan,flatbed
scan_upright/images/est_id/13.jpg,scan_upright,est_id,NATIONAL_ID,13,False,False,0,0,0.0,standard_scan,flatbed
scan_upright/images/est_id/14.jpg,scan_upright,est_id,NATIONAL_ID,14,False,False,0,0,0.0,standard_scan,flatbed
scan_upright/images/est_id/15.jpg,scan_upright,est_id,NATIONAL_ID,15,False,False,0,0,0.0,standard_scan,flatbed
scan_upright/images/est_id/16.jpg,scan_upright,est_id,NATIONAL_ID,16,False,False,0,0,0.0,standard_scan,flatbed
scan_upright/images/est_id/17.jpg,scan_upright,est_id,NATIONAL_ID,17,False,False,0,0,0.0,standard_scan,flatbed
scan_upright/images/est_id/18.jpg,scan_upright,est_id,NATIONAL_ID,18,False,False,0,0,0.0,standard_scan,flatbed
scan_upright/images/est_id/19.jpg,scan_upright,est_id,NATIONAL_ID,19,False,False,0,0,0.0,standard_scan,flatbed
scan_upright/images/est_id/20.jpg,scan_upright,est_id,NATIONAL_ID,20,False,False,0,0,0.0,standard_scan,flatbed
scan_upright/images/est_id/21.jpg,scan_upright,est_id,NATIONAL_ID,21,False,False,0,0,0.0,standard_scan,flatbed
scan_upright/images/est_id/22.jpg,scan_upright,est_id,NATIONAL_ID,22,False,False,0,0,0.0,standard_scan,flatbed
scan_upright/images/est_id/23.jpg,scan_upright,est_id,NATIONAL_ID,23,False,False,0,0,0.0,standard_scan,flatbed
scan_upright/images/est_id/24.jpg,scan_upright,est_id,NATIONAL_ID,24,False,False,0,0,0.0,standard_scan,flatbed
scan_upright/images/est_id/25.jpg,scan_upright,est_id,NATIONAL_ID,25,False,False,0,0,0.0,standard_scan,flatbed
scan_upright/images/est_id/26.jpg,scan_upright,est_id,NATIONAL_ID,26,False,False,0,0,0.0,standard_scan,flatbed
scan_upright/images/est_id/27.jpg,scan_upright,est_id,NATIONAL_ID,27,False,False,0,0,0.0,standard_scan,flatbed
scan_upright/images/est_id/28.jpg,scan_upright,est_id,NATIONAL_ID,28,False,False,0,0,0.0,standard_scan,flatbed
scan_upright/images/est_id/29.jpg,scan_upright,est_id,NATIONAL_ID,29,False,False,0,0,0.0,standard_scan,flatbed
scan_upright/images/est_id/30.jpg,scan_upright,est_id,NATIONAL_ID,30,False,False,0,0,0.0,standard_scan,flatbed
scan_upright/images/est_id/31.jpg,scan_upright,est_id,NATIONAL_ID,31,False,False,0,0,0.0,standard_scan,flatbed
scan_upright/images/est_id/32.jpg,scan_upright,est_id,NATIONAL_ID,32,False,False,0,0,0.0,standard_scan,flatbed
scan_upright/images/est_id/33.jpg,scan_upright,est_id,NATIONAL_ID,33,False,False,0,0,0.0,standard_scan,flatbed
scan_upright/images/est_id/34.jpg,scan_upright,est_id,NATIONAL_ID,34,False,False,0,0,0.0,standard_scan,flatbed
scan_upright/images/est_id/35.jpg,scan_upright,est_id,NATIONAL_ID,35,False,False,0,0,0.0,standard_scan,flatbed
scan_upright/images/est_id/36.jpg,scan_upright,est_id,NATIONAL_ID,36,False,False,0,0,0.0,standard_scan,flatbed
scan_upright/images/est_id/37.jpg,scan_upright,est_id,NATIONAL_ID,37,False,False,0,0,0.0,standard_scan,flatbed
scan_upright/images/est_id/38.jpg,scan_upright,est_id,NATIONAL_ID,38,False,False,0,0,0.0,standard_scan,flatbed
scan_upright/images/est_id/39.jpg,scan_upright,est_id,NATIONAL_ID,39,False,False,0,0,0.0,standard_scan,flatbed
scan_upright/images/est_id/40.jpg,scan_upright,est_id,NATIONAL_ID,40,False,False,0,0,0.0,standard_scan,flatbed
scan_upright/images/est_id/41.jpg,scan_upright,est_id,NATIONAL_ID,41,False,False,0,0,0.0,standard_scan,flatbed
scan_upright/images/est_id/42.jpg,scan_upright,est_id,NATIONAL_ID,42,False,False,0,0,0.0,standard_scan,flatbed
scan_upright/images/est_id/43.jpg,scan_upright,est_id,NATIONAL_ID,43,False,False,0,0,0.0,standard_scan,flatbed
scan_upright/images/est_id/44.jpg,scan_upright,est_id,NATIONAL_ID,44,False,False,0,0,0.0,standard_scan,flatbed
scan_upright/images/est_id/45.jpg,scan_upright,est_id,NATIONAL_ID,45,False,False,0,0,0.0,standard_scan,flatbed
scan_upright/images/est_id/46.jpg,scan_upright,est_id,NATIONAL_ID,46,False,False,0,0,0.0,standard_scan,flatbed
scan_upright/images/est_id/47.jpg,scan_upright,est_id,NATIONAL_ID,47,False,False,0,0,0.0,standard_scan,flatbed
scan_upright/images/est_id/48.jpg,scan_upright,est_id,NATIONAL_ID,48,False,False,0,0,0.0,standard_scan,flatbed
scan_upright/images/est_id/49.jpg,scan_upright,est_id,NATIONAL_ID,49,False,False,0,0,0.0,standard_scan,flatbed
scan_upright/images/est_id/50.jpg,scan_upright,est_id,NATIONAL_ID,50,False,False,0,0,0.0,standard_scan,flatbed
scan_upright/images/est_id/51.jpg,scan_upright,est_id,NATIONAL_ID,51,False,False,0,0,0.0,standard_scan,flatbed
scan_upright/images/est_id/52.jpg,scan_upright,est_id,NATIONAL_ID,52,False,False,0,0,0.0,standard_scan,flatbed
scan_upright/images/est_id/53.jpg,scan_upright,est_id,NATIONAL_ID,53,False,False,0,0,0.0,standard_scan,flatbed
scan_upright/images/est_id/54.jpg,scan_upright,est_id,NATIONAL_ID,54,False,False,0,0,0.0,standard_scan,flatbed
scan_upright/images/est_id/55.jpg,scan_upright,est_id,NATIONAL_ID,55,False,False,0,0,0.0,standard_scan,flatbed
scan_upright/images/est_id/56.jpg,scan_upright,est_id,NATIONAL_ID,56,False,False,0,0,0.0,standard_scan,flatbed
scan_upright/images/est_id/57.jpg,scan_upright,est_id,NATIONAL_ID,57,False,False,0,0,0.0,standard_scan,flatbed
scan_upright/images/est_id/58.jpg,scan_upright,est_id,NATIONAL_ID,58,False,False,0,0,0.0,standard_scan,flatbed
scan_upright/images/est_id/59.jpg,scan_upright,est_id,NATIONAL_ID,59,False,False,0,0,0.0,standard_scan,flatbed
scan_upright/images/est_id/60.jpg,scan_upright,est_id,NATIONAL_ID,60,False,False,0,0,0.0,standard_scan,flatbed
scan_upright/images/est_id/61.jpg,scan_upright,est_id,NATIONAL_ID,61,False,False,0,0,0.0,standard_scan,flatbed
scan_upright/images/est_id/62.jpg,scan_upright,est_id,NATIONAL_ID,62,False,False,0,0,0.0,standard_scan,flatbed
scan_upright/images/est_id/63.jpg,scan_upright,est_id,NATIONAL_ID,63,False,False,0,0,0.0,standard_scan,flatbed
scan_upright/images/est_id/64.jpg,scan_upright,est_id,NATIONAL_ID,64,False,False,0,0,0.0,standard_scan,flatbed
scan_upright/images/est_id/65.jpg,scan_upright,est_id,NATIONAL_ID,65,False,False,0,0,0.0,standard_scan,flatbed
scan_upright/images/est_id/66.jpg,scan_upright,est_id,NATIONAL_ID,66,False,False,0,0,0.0,standard_scan,flatbed
scan_upright/images/est_id/67.jpg,scan_upright,est_id,NATIONAL_ID,67,False,False,0,0,0.0,standard_scan,flatbed
scan_upright/images/est_id/68.jpg,scan_upright,est_id,NATIONAL_ID,68,False,False,0,0,0.0,standard_scan,flatbed
scan_upright/images/est_id/69.jpg,scan_upright,est_id,NATIONAL_ID,69,False,False,0,0,0.0,standard_scan,flatbed
scan_upright/images/est_id/70.jpg,scan_upright,est_id,NATIONAL_ID,70,False,False,0,0,0.0,standard_scan,flatbed
scan_upright/images/est_id/71.jpg,scan_upright,est_id,NATIONAL_ID,71,False,False,0,0,0.0,standard_scan,flatbed
scan_upright/images/est_id/72.jpg,scan_upright,est_id,NATIONAL_ID,72,False,False,0,0,0.0,standard_scan,flatbed
scan_upright/images/est_id/73.jpg,scan_upright,est_id,NATIONAL_ID,73,False,False,0,0,0.0,standard_scan,flatbed
scan_upright/images/est_id/74.jpg,scan_upright,est_id,NATIONAL_ID,74,False,False,0,0,0.0,standard_scan,flatbed
scan_upright/images/est_id/75.jpg,scan_upright,est_id,NATIONAL_ID,75,False,False,0,0,0.0,standard_scan,flatbed
scan_upright/images/est_id/76.jpg,scan_upright,est_id,NATIONAL_ID,76,False,False,0,0,0.0,standard_scan,flatbed
scan_upright/images/est_id/77.jpg,scan_upright,est_id,NATIONAL_ID,77,False,False,0,0,0.0,standard_scan,flatbed
scan_upright/images/est_id/78.jpg,scan_upright,est_id,NATIONAL_ID,78,False,False,0,0,0.0,standard_scan,flatbed
scan_upright/images/est_id/79.jpg,scan_upright,est_id,NATIONAL_ID,79,False,False,0,0,0.0,standard_scan,flatbed
scan_upright/images/est_id/80.jpg,scan_upright,est_id,NATIONAL_ID,80,False,False,0,0,0.0,standard_scan,flatbed
scan_upright/images/est_id/81.jpg,scan_upright,est_id,NATIONAL_ID,81,False,False,0,0,0.0,standard_scan,flatbed
scan_upright/images/est_id/82.jpg,scan_upright,est_id,NATIONAL_ID,82,False,False,0,0,0.0,standard_scan,flatbed
scan_upright/images/est_id/83.jpg,scan_upright,est_id,NATIONAL_ID,83,False,False,0,0,0.0,standard_scan,flatbed
scan_upright/images/est_id/84.jpg,scan_upright,est_id,NATIONAL_ID,84,False,False,0,0,0.0,standard_scan,flatbed
scan_upright/images/est_id/85.jpg,scan_upright,est_id,NATIONAL_ID,85,False,False,0,0,0.0,standard_scan,flatbed
scan_upright/images/est_id/86.jpg,scan_upright,est_id,NATIONAL_ID,86,False,False,0,0,0.0,standard_scan,flatbed
scan_upright/images/est_id/87.jpg,scan_upright,est_id,NATIONAL_ID,87,False,False,0,0,0.0,standard_scan,flatbed
scan_upright/images/est_id/88.jpg,scan_upright,est_id,NATIONAL_ID,88,False,False,0,0,0.0,standard_scan,flatbed
scan_upright/images/est_id/89.jpg,scan_upright,est_id,NATIONAL_ID,89,False,False,0,0,0.0,standard_scan,flatbed
scan_upright/images/est_id/90.jpg,scan_upright,est_id,NATIONAL_ID,90,False,False,0,0,0.0,standard_scan,flatbed
scan_upright/images/est_id/91.jpg,scan_upright,est_id,NATIONAL_ID,91,False,False,0,0,0.0,standard_scan,flatbed
scan_upright/images/est_id/92.jpg,scan_upright,est_id,NATIONAL_ID,92,False,False,0,0,0.0,standard_scan,flatbed
scan_upright/images/est_id/93.jpg,scan_upright,est_id,NATIONAL_ID,93,False,False,0,0,0.0,standard_scan,flatbed
scan_upright/images/est_id/94.jpg,scan_upright,est_id,NATIONAL_ID,94,False,False,0,0,0.0,standard_scan,flatbed
scan_upright/images/est_id/95.jpg,scan_upright,est_id,NATIONAL_ID,95,False,False,0,0,0.0,standard_scan,flatbed
scan_upright/images/est_id/96.jpg,scan_upright,est_id,NATIONAL_ID,96,False,False,0,0,0.0,standard_scan,flatbed
scan_upright/images/est_id/97.jpg,scan_upright,est_id,NATIONAL_ID,97,False,False,0,0,0.0,standard_scan,flatbed
scan_upright/images/est_id/98.jpg,scan_upright,est_id,NATIONAL_ID,98,False,False,0,0,0.0,standard_scan,flatbed
scan_upright/images/est_id/99.jpg,scan_upright,est_id,NATIONAL_ID,99,False,False,0,0,0.0,standard_scan,flatbed
scan_upright/images/fin_id/00.jpg,scan_upright,fin_id,NATIONAL_ID,00,False,False,0,0,0.0,standard_scan,flatbed
scan_upright/images/fin_id/01.jpg,scan_upright,fin_id,NATIONAL_ID,01,False,False,0,0,0.0,standard_scan,flatbed
scan_upright/images/fin_id/02.jpg,scan_upright,fin_id,NATIONAL_ID,02,False,False,0,0,0.0,standard_scan,flatbed
scan_upright/images/fin_id/03.jpg,scan_upright,fin_id,NATIONAL_ID,03,False,False,0,0,0.0,standard_scan,flatbed
scan_upright/images/fin_id/04.jpg,scan_upright,fin_id,NATIONAL_ID,04,False,False,0,0,0.0,standard_scan,flatbed
scan_upright/images/fin_id/05.jpg,scan_upright,fin_id,NATIONAL_ID,05,False,False,0,0,0.0,standard_scan,flatbed
scan_upright/images/fin_id/06.jpg,scan_upright,fin_id,NATIONAL_ID,06,False,False,0,0,0.0,standard_scan,flatbed
scan_upright/images/fin_id/07.jpg,scan_upright,fin_id,NATIONAL_ID,07,False,False,0,0,0.0,standard_scan,flatbed
scan_upright/images/fin_id/08.jpg,scan_upright,fin_id,NATIONAL_ID,08,False,False,0,0,0.0,standard_scan,flatbed
scan_upright/images/fin_id/09.jpg,scan_upright,fin_id,NATIONAL_ID,09,False,False,0,0,0.0,standard_scan,flatbed
scan_upright/images/fin_id/10.jpg,scan_upright,fin_id,NATIONAL_ID,10,False,False,0,0,0.0,standard_scan,flatbed
scan_upright/images/fin_id/11.jpg,scan_upright,fin_id,NATIONAL_ID,11,False,False,0,0,0.0,standard_scan,flatbed
scan_upright/images/fin_id/12.jpg,scan_upright,fin_id,NATIONAL_ID,12,False,False,0,0,0.0,standard_scan,flatbed
scan_upright/images/fin_id/13.jpg,scan_upright,fin_id,NATIONAL_ID,13,False,False,0,0,0.0,standard_scan,flatbed
scan_upright/images/fin_id/14.jpg,scan_upright,fin_id,NATIONAL_ID,14,False,False,0,0,0.0,standard_scan,flatbed
scan_upright/images/fin_id/15.jpg,scan_upright,fin_id,NATIONAL_ID,15,False,False,0,0,0.0,standard_scan,flatbed
scan_upright/images/fin_id/16.jpg,scan_upright,fin_id,NATIONAL_ID,16,False,False,0,0,0.0,standard_scan,flatbed
scan_upright/images/fin_id/17.jpg,scan_upright,fin_id,NATIONAL_ID,17,False,False,0,0,0.0,standard_scan,flatbed
scan_upright/images/fin_id/18.jpg,scan_upright,fin_id,NATIONAL_ID,18,False,False,0,0,0.0,standard_scan,flatbed
scan_upright/images/fin_id/19.jpg,scan_upright,fin_id,NATIONAL_ID,19,False,False,0,0,0.0,standard_scan,flatbed
scan_upright/images/fin_id/20.jpg,scan_upright,fin_id,NATIONAL_ID,20,False,False,0,0,0.0,standard_scan,flatbed
scan_upright/images/fin_id/21.jpg,scan_upright,fin_id,NATIONAL_ID,21,False,False,0,0,0.0,standard_scan,flatbed
scan_upright/images/fin_id/22.jpg,scan_upright,fin_id,NATIONAL_ID,22,False,False,0,0,0.0,standard_scan,flatbed
scan_upright/images/fin_id/23.jpg,scan_upright,fin_id,NATIONAL_ID,23,False,False,0,0,0.0,standard_scan,flatbed
scan_upright/images/fin_id/24.jpg,scan_upright,fin_id,NATIONAL_ID,24,False,False,0,0,0.0,standard_scan,flatbed
scan_upright/images/fin_id/25.jpg,scan_upright,fin_id,NATIONAL_ID,25,False,False,0,0,0.0,standard_scan,flatbed
scan_upright/images/fin_id/26.jpg,scan_upright,fin_id,NATIONAL_ID,26,False,False,0,0,0.0,standard_scan,flatbed
scan_upright/images/fin_id/27.jpg,scan_upright,fin_id,NATIONAL_ID,27,False,False,0,0,0.0,standard_scan,flatbed
scan_upright/images/fin_id/28.jpg,scan_upright,fin_id,NATIONAL_ID,28,False,False,0,0,0.0,standard_scan,flatbed
scan_upright/images/fin_id/29.jpg,scan_upright,fin_id,NATIONAL_ID,29,False,False,0,0,0.0,standard_scan,flatbed
scan_upright/images/fin_id/30.jpg,scan_upright,fin_id,NATIONAL_ID,30,False,False,0,0,0.0,standard_scan,flatbed
scan_upright/images/fin_id/31.jpg,scan_upright,fin_id,NATIONAL_ID,31,False,False,0,0,0.0,standard_scan,flatbed
scan_upright/images/fin_id/32.jpg,scan_upright,fin_id,NATIONAL_ID,32,False,False,0,0,0.0,standard_scan,flatbed
scan_upright/images/fin_id/33.jpg,scan_upright,fin_id,NATIONAL_ID,33,False,False,0,0,0.0,standard_scan,flatbed
scan_upright/images/fin_id/34.jpg,scan_upright,fin_id,NATIONAL_ID,34,False,False,0,0,0.0,standard_scan,flatbed
scan_upright/images/fin_id/35.jpg,scan_upright,fin_id,NATIONAL_ID,35,False,False,0,0,0.0,standard_scan,flatbed
scan_upright/images/fin_id/36.jpg,scan_upright,fin_id,NATIONAL_ID,36,False,False,0,0,0.0,standard_scan,flatbed
scan_upright/images/fin_id/37.jpg,scan_upright,fin_id,NATIONAL_ID,37,False,False,0,0,0.0,standard_scan,flatbed
scan_upright/images/fin_id/38.jpg,scan_upright,fin_id,NATIONAL_ID,38,False,False,0,0,0.0,standard_scan,flatbed
scan_upright/images/fin_id/39.jpg,scan_upright,fin_id,NATIONAL_ID,39,False,False,0,0,0.0,standard_scan,flatbed
scan_upright/images/fin_id/40.jpg,scan_upright,fin_id,NATIONAL_ID,40,False,False,0,0,0.0,standard_scan,flatbed
scan_upright/images/fin_id/41.jpg,scan_upright,fin_id,NATIONAL_ID,41,False,False,0,0,0.0,standard_scan,flatbed
scan_upright/images/fin_id/42.jpg,scan_upright,fin_id,NATIONAL_ID,42,False,False,0,0,0.0,standard_scan,flatbed
scan_upright/images/fin_id/43.jpg,scan_upright,fin_id,NATIONAL_ID,43,False,False,0,0,0.0,standard_scan,flatbed
scan_upright/images/fin_id/44.jpg,scan_upright,fin_id,NATIONAL_ID,44,False,False,0,0,0.0,standard_scan,flatbed
scan_upright/images/fin_id/45.jpg,scan_upright,fin_id,NATIONAL_ID,45,False,False,0,0,0.0,standard_scan,flatbed
scan_upright/images/fin_id/46.jpg,scan_upright,fin_id,NATIONAL_ID,46,False,False,0,0,0.0,standard_scan,flatbed
scan_upright/images/fin_id/47.jpg,scan_upright,fin_id,NATIONAL_ID,47,False,False,0,0,0.0,standard_scan,flatbed
scan_upright/images/fin_id/48.jpg,scan_upright,fin_id,NATIONAL_ID,48,False,False,0,0,0.0,standard_scan,flatbed
scan_upright/images/fin_id/49.jpg,scan_upright,fin_id,NATIONAL_ID,49,False,False,0,0,0.0,standard_scan,flatbed
scan_upright/images/fin_id/50.jpg,scan_upright,fin_id,NATIONAL_ID,50,False,False,0,0,0.0,standard_scan,flatbed
scan_upright/images/fin_id/51.jpg,scan_upright,fin_id,NATIONAL_ID,51,False,False,0,0,0.0,standard_scan,flatbed
scan_upright/images/fin_id/52.jpg,scan_upright,fin_id,NATIONAL_ID,52,False,False,0,0,0.0,standard_scan,flatbed
scan_upright/images/fin_id/53.jpg,scan_upright,fin_id,NATIONAL_ID,53,False,False,0,0,0.0,standard_scan,flatbed
scan_upright/images/fin_id/54.jpg,scan_upright,fin_id,NATIONAL_ID,54,False,False,0,0,0.0,standard_scan,flatbed
scan_upright/images/fin_id/55.jpg,scan_upright,fin_id,NATIONAL_ID,55,False,False,0,0,0.0,standard_scan,flatbed
scan_upright/images/fin_id/56.jpg,scan_upright,fin_id,NATIONAL_ID,56,False,False,0,0,0.0,standard_scan,flatbed
scan_upright/images/fin_id/57.jpg,scan_upright,fin_id,NATIONAL_ID,57,False,False,0,0,0.0,standard_scan,flatbed
scan_upright/images/fin_id/58.jpg,scan_upright,fin_id,NATIONAL_ID,58,False,False,0,0,0.0,standard_scan,flatbed
scan_upright/images/fin_id/59.jpg,scan_upright,fin_id,NATIONAL_ID,59,False,False,0,0,0.0,standard_scan,flatbed
scan_upright/images/fin_id/60.jpg,scan_upright,fin_id,NATIONAL_ID,60,False,False,0,0,0.0,standard_scan,flatbed
scan_upright/images/fin_id/61.jpg,scan_upright,fin_id,NATIONAL_ID,61,False,False,0,0,0.0,standard_scan,flatbed
scan_upright/images/fin_id/62.jpg,scan_upright,fin_id,NATIONAL_ID,62,False,False,0,0,0.0,standard_scan,flatbed
scan_upright/images/fin_id/63.jpg,scan_upright,fin_id,NATIONAL_ID,63,False,False,0,0,0.0,standard_scan,flatbed
scan_upright/images/fin_id/64.jpg,scan_upright,fin_id,NATIONAL_ID,64,False,False,0,0,0.0,standard_scan,flatbed
scan_upright/images/fin_id/65.jpg,scan_upright,fin_id,NATIONAL_ID,65,False,False,0,0,0.0,standard_scan,flatbed
scan_upright/images/fin_id/66.jpg,scan_upright,fin_id,NATIONAL_ID,66,False,False,0,0,0.0,standard_scan,flatbed
scan_upright/images/fin_id/67.jpg,scan_upright,fin_id,NATIONAL_ID,67,False,False,0,0,0.0,standard_scan,flatbed
scan_upright/images/fin_id/68.jpg,scan_upright,fin_id,NATIONAL_ID,68,False,False,0,0,0.0,standard_scan,flatbed
scan_upright/images/fin_id/69.jpg,scan_upright,fin_id,NATIONAL_ID,69,False,False,0,0,0.0,standard_scan,flatbed
scan_upright/images/fin_id/70.jpg,scan_upright,fin_id,NATIONAL_ID,70,False,False,0,0,0.0,standard_scan,flatbed
scan_upright/images/fin_id/71.jpg,scan_upright,fin_id,NATIONAL_ID,71,False,False,0,0,0.0,standard_scan,flatbed
scan_upright/images/fin_id/72.jpg,scan_upright,fin_id,NATIONAL_ID,72,False,False,0,0,0.0,standard_scan,flatbed
scan_upright/images/fin_id/73.jpg,scan_upright,fin_id,NATIONAL_ID,73,False,False,0,0,0.0,standard_scan,flatbed
scan_upright/images/fin_id/74.jpg,scan_upright,fin_id,NATIONAL_ID,74,False,False,0,0,0.0,standard_scan,flatbed
scan_upright/images/fin_id/75.jpg,scan_upright,fin_id,NATIONAL_ID,75,False,False,0,0,0.0,standard_scan,flatbed
scan_upright/images/fin_id/76.jpg,scan_upright,fin_id,NATIONAL_ID,76,False,False,0,0,0.0,standard_scan,flatbed
scan_upright/images/fin_id/77.jpg,scan_upright,fin_id,NATIONAL_ID,77,False,False,0,0,0.0,standard_scan,flatbed
scan_upright/images/fin_id/78.jpg,scan_upright,fin_id,NATIONAL_ID,78,False,False,0,0,0.0,standard_scan,flatbed
scan_upright/images/fin_id/79.jpg,scan_upright,fin_id,NATIONAL_ID,79,False,False,0,0,0.0,standard_scan,flatbed
scan_upright/images/fin_id/80.jpg,scan_upright,fin_id,NATIONAL_ID,80,False,False,0,0,0.0,standard_scan,flatbed
scan_upright/images/fin_id/81.jpg,scan_upright,fin_id,NATIONAL_ID,81,False,False,0,0,0.0,standard_scan,flatbed
scan_upright/images/fin_id/82.jpg,scan_upright,fin_id,NATIONAL_ID,82,False,False,0,0,0.0,standard_scan,flatbed
scan_upright/images/fin_id/83.jpg,scan_upright,fin_id,NATIONAL_ID,83,False,False,0,0,0.0,standard_scan,flatbed
scan_upright/images/fin_id/84.jpg,scan_upright,fin_id,NATIONAL_ID,84,False,False,0,0,0.0,standard_scan,flatbed
scan_upright/images/fin_id/85.jpg,scan_upright,fin_id,NATIONAL_ID,85,False,False,0,0,0.0,standard_scan,flatbed
scan_upright/images/fin_id/86.jpg,scan_upright,fin_id,NATIONAL_ID,86,False,False,0,0,0.0,standard_scan,flatbed
scan_upright/images/fin_id/87.jpg,scan_upright,fin_id,NATIONAL_ID,87,False,False,0,0,0.0,standard_scan,flatbed
scan_upright/images/fin_id/88.jpg,scan_upright,fin_id,NATIONAL_ID,88,False,False,0,0,0.0,standard_scan,flatbed
scan_upright/images/fin_id/89.jpg,scan_upright,fin_id,NATIONAL_ID,89,False,False,0,0,0.0,standard_scan,flatbed
scan_upright/images/fin_id/90.jpg,scan_upright,fin_id,NATIONAL_ID,90,False,False,0,0,0.0,standard_scan,flatbed
scan_upright/images/fin_id/91.jpg,scan_upright,fin_id,NATIONAL_ID,91,False,False,0,0,0.0,standard_scan,flatbed
scan_upright/images/fin_id/92.jpg,scan_upright,fin_id,NATIONAL_ID,92,False,False,0,0,0.0,standard_scan,flatbed
scan_upright/images/fin_id/93.jpg,scan_upright,fin_id,NATIONAL_ID,93,False,False,0,0,0.0,standard_scan,flatbed
scan_upright/images/fin_id/94.jpg,scan_upright,fin_id,NATIONAL_ID,94,False,False,0,0,0.0,standard_scan,flatbed
scan_upright/images/fin_id/95.jpg,scan_upright,fin_id,NATIONAL_ID,95,False,False,0,0,0.0,standard_scan,flatbed
scan_upright/images/fin_id/96.jpg,scan_upright,fin_id,NATIONAL_ID,96,False,False,0,0,0.0,standard_scan,flatbed
scan_upright/images/fin_id/97.jpg,scan_upright,fin_id,NATIONAL_ID,97,False,False,0,0,0.0,standard_scan,flatbed
scan_upright/images/fin_id/98.jpg,scan_upright,fin_id,NATIONAL_ID,98,False,False,0,0,0.0,standard_scan,flatbed
scan_upright/images/fin_id/99.jpg,scan_upright,fin_id,NATIONAL_ID,99,False,False,0,0,0.0,standard_scan,flatbed
scan_upright/images/grc_passport/00.jpg,scan_upright,grc_passport,TRAVEL_DOCUMENT,00,False,False,0,0,0.0,standard_scan,flatbed
scan_upright/images/grc_passport/01.jpg,scan_upright,grc_passport,TRAVEL_DOCUMENT,01,False,False,0,0,0.0,standard_scan,flatbed
scan_upright/images/grc_passport/02.jpg,scan_upright,grc_passport,TRAVEL_DOCUMENT,02,False,False,0,0,0.0,standard_scan,flatbed
scan_upright/images/grc_passport/03.jpg,scan_upright,grc_passport,TRAVEL_DOCUMENT,03,False,False,0,0,0.0,standard_scan,flatbed
scan_upright/images/grc_passport/04.jpg,scan_upright,grc_passport,TRAVEL_DOCUMENT,04,False,False,0,0,0.0,standard_scan,flatbed
scan_upright/images/grc_passport/05.jpg,scan_upright,grc_passport,TRAVEL_DOCUMENT,05,False,False,0,0,0.0,standard_scan,flatbed
scan_upright/images/grc_passport/06.jpg,scan_upright,grc_passport,TRAVEL_DOCUMENT,06,False,False,0,0,0.0,standard_scan,flatbed
scan_upright/images/grc_passport/07.jpg,scan_upright,grc_passport,TRAVEL_DOCUMENT,07,False,False,0,0,0.0,standard_scan,flatbed
scan_upright/images/grc_passport/08.jpg,scan_upright,grc_passport,TRAVEL_DOCUMENT,08,False,False,0,0,0.0,standard_scan,flatbed
scan_upright/images/grc_passport/09.jpg,scan_upright,grc_passport,TRAVEL_DOCUMENT,09,False,False,0,0,0.0,standard_scan,flatbed
scan_upright/images/grc_passport/10.jpg,scan_upright,grc_passport,TRAVEL_DOCUMENT,10,False,False,0,0,0.0,standard_scan,flatbed
scan_upright/images/grc_passport/11.jpg,scan_upright,grc_passport,TRAVEL_DOCUMENT,11,False,False,0,0,0.0,standard_scan,flatbed
scan_upright/images/grc_passport/12.jpg,scan_upright,grc_passport,TRAVEL_DOCUMENT,12,False,False,0,0,0.0,standard_scan,flatbed
scan_upright/images/grc_passport/13.jpg,scan_upright,grc_passport,TRAVEL_DOCUMENT,13,False,False,0,0,0.0,standard_scan,flatbed
scan_upright/images/grc_passport/14.jpg,scan_upright,grc_passport,TRAVEL_DOCUMENT,14,False,False,0,0,0.0,standard_scan,flatbed
scan_upright/images/grc_passport/15.jpg,scan_upright,grc_passport,TRAVEL_DOCUMENT,15,False,False,0,0,0.0,standard_scan,flatbed
scan_upright/images/grc_passport/16.jpg,scan_upright,grc_passport,TRAVEL_DOCUMENT,16,False,False,0,0,0.0,standard_scan,flatbed
scan_upright/images/grc_passport/17.jpg,scan_upright,grc_passport,TRAVEL_DOCUMENT,17,False,False,0,0,0.0,standard_scan,flatbed
scan_upright/images/grc_passport/18.jpg,scan_upright,grc_passport,TRAVEL_DOCUMENT,18,False,False,0,0,0.0,standard_scan,flatbed
scan_upright/images/grc_passport/19.jpg,scan_upright,grc_passport,TRAVEL_DOCUMENT,19,False,False,0,0,0.0,standard_scan,flatbed
scan_upright/images/grc_passport/20.jpg,scan_upright,grc_passport,TRAVEL_DOCUMENT,20,False,False,0,0,0.0,standard_scan,flatbed
scan_upright/images/grc_passport/21.jpg,scan_upright,grc_passport,TRAVEL_DOCUMENT,21,False,False,0,0,0.0,standard_scan,flatbed
scan_upright/images/grc_passport/22.jpg,scan_upright,grc_passport,TRAVEL_DOCUMENT,22,False,False,0,0,0.0,standard_scan,flatbed
scan_upright/images/grc_passport/23.jpg,scan_upright,grc_passport,TRAVEL_DOCUMENT,23,False,False,0,0,0.0,standard_scan,flatbed
scan_upright/images/grc_passport/24.jpg,scan_upright,grc_passport,TRAVEL_DOCUMENT,24,False,False,0,0,0.0,standard_scan,flatbed
scan_upright/images/grc_passport/25.jpg,scan_upright,grc_passport,TRAVEL_DOCUMENT,25,False,False,0,0,0.0,standard_scan,flatbed
scan_upright/images/grc_passport/26.jpg,scan_upright,grc_passport,TRAVEL_DOCUMENT,26,False,False,0,0,0.0,standard_scan,flatbed
scan_upright/images/grc_passport/27.jpg,scan_upright,grc_passport,TRAVEL_DOCUMENT,27,False,False,0,0,0.0,standard_scan,flatbed
scan_upright/images/grc_passport/28.jpg,scan_upright,grc_passport,TRAVEL_DOCUMENT,28,False,False,0,0,0.0,standard_scan,flatbed
scan_upright/images/grc_passport/29.jpg,scan_upright,grc_passport,TRAVEL_DOCUMENT,29,False,False,0,0,0.0,standard_scan,flatbed
scan_upright/images/grc_passport/30.jpg,scan_upright,grc_passport,TRAVEL_DOCUMENT,30,False,False,0,0,0.0,standard_scan,flatbed
scan_upright/images/grc_passport/31.jpg,scan_upright,grc_passport,TRAVEL_DOCUMENT,31,False,False,0,0,0.0,standard_scan,flatbed
scan_upright/images/grc_passport/32.jpg,scan_upright,grc_passport,TRAVEL_DOCUMENT,32,False,False,0,0,0.0,standard_scan,flatbed
scan_upright/images/grc_passport/33.jpg,scan_upright,grc_passport,TRAVEL_DOCUMENT,33,False,False,0,0,0.0,standard_scan,flatbed
scan_upright/images/grc_passport/34.jpg,scan_upright,grc_passport,TRAVEL_DOCUMENT,34,False,False,0,0,0.0,standard_scan,flatbed
scan_upright/images/grc_passport/35.jpg,scan_upright,grc_passport,TRAVEL_DOCUMENT,35,False,False,0,0,0.0,standard_scan,flatbed
scan_upright/images/grc_passport/36.jpg,scan_upright,grc_passport,TRAVEL_DOCUMENT,36,False,False,0,0,0.0,standard_scan,flatbed
scan_upright/images/grc_passport/37.jpg,scan_upright,grc_passport,TRAVEL_DOCUMENT,37,False,False,0,0,0.0,standard_scan,flatbed
scan_upright/images/grc_passport/38.jpg,scan_upright,grc_passport,TRAVEL_DOCUMENT,38,False,False,0,0,0.0,standard_scan,flatbed
scan_upright/images/grc_passport/39.jpg,scan_upright,grc_passport,TRAVEL_DOCUMENT,39,False,False,0,0,0.0,standard_scan,flatbed
scan_upright/images/grc_passport/40.jpg,scan_upright,grc_passport,TRAVEL_DOCUMENT,40,False,False,0,0,0.0,standard_scan,flatbed
scan_upright/images/grc_passport/41.jpg,scan_upright,grc_passport,TRAVEL_DOCUMENT,41,False,False,0,0,0.0,standard_scan,flatbed
scan_upright/images/grc_passport/42.jpg,scan_upright,grc_passport,TRAVEL_DOCUMENT,42,False,False,0,0,0.0,standard_scan,flatbed
scan_upright/images/grc_passport/43.jpg,scan_upright,grc_passport,TRAVEL_DOCUMENT,43,False,False,0,0,0.0,standard_scan,flatbed
scan_upright/images/grc_passport/44.jpg,scan_upright,grc_passport,TRAVEL_DOCUMENT,44,False,False,0,0,0.0,standard_scan,flatbed
scan_upright/images/grc_passport/45.jpg,scan_upright,grc_passport,TRAVEL_DOCUMENT,45,False,False,0,0,0.0,standard_scan,flatbed
scan_upright/images/grc_passport/46.jpg,scan_upright,grc_passport,TRAVEL_DOCUMENT,46,False,False,0,0,0.0,standard_scan,flatbed
scan_upright/images/grc_passport/47.jpg,scan_upright,grc_passport,TRAVEL_DOCUMENT,47,False,False,0,0,0.0,standard_scan,flatbed
scan_upright/images/grc_passport/48.jpg,scan_upright,grc_passport,TRAVEL_DOCUMENT,48,False,False,0,0,0.0,standard_scan,flatbed
scan_upright/images/grc_passport/49.jpg,scan_upright,grc_passport,TRAVEL_DOCUMENT,49,False,False,0,0,0.0,standard_scan,flatbed
scan_upright/images/grc_passport/50.jpg,scan_upright,grc_passport,TRAVEL_DOCUMENT,50,False,False,0,0,0.0,standard_scan,flatbed
scan_upright/images/grc_passport/51.jpg,scan_upright,grc_passport,TRAVEL_DOCUMENT,51,False,False,0,0,0.0,standard_scan,flatbed
scan_upright/images/grc_passport/52.jpg,scan_upright,grc_passport,TRAVEL_DOCUMENT,52,False,False,0,0,0.0,standard_scan,flatbed
scan_upright/images/grc_passport/53.jpg,scan_upright,grc_passport,TRAVEL_DOCUMENT,53,False,False,0,0,0.0,standard_scan,flatbed
scan_upright/images/grc_passport/54.jpg,scan_upright,grc_passport,TRAVEL_DOCUMENT,54,False,False,0,0,0.0,standard_scan,flatbed
scan_upright/images/grc_passport/55.jpg,scan_upright,grc_passport,TRAVEL_DOCUMENT,55,False,False,0,0,0.0,standard_scan,flatbed
scan_upright/images/grc_passport/56.jpg,scan_upright,grc_passport,TRAVEL_DOCUMENT,56,False,False,0,0,0.0,standard_scan,flatbed
scan_upright/images/grc_passport/57.jpg,scan_upright,grc_passport,TRAVEL_DOCUMENT,57,False,False,0,0,0.0,standard_scan,flatbed
scan_upright/images/grc_passport/58.jpg,scan_upright,grc_passport,TRAVEL_DOCUMENT,58,False,False,0,0,0.0,standard_scan,flatbed
scan_upright/images/grc_passport/59.jpg,scan_upright,grc_passport,TRAVEL_DOCUMENT,59,False,False,0,0,0.0,standard_scan,flatbed
scan_upright/images/grc_passport/60.jpg,scan_upright,grc_passport,TRAVEL_DOCUMENT,60,False,False,0,0,0.0,standard_scan,flatbed
scan_upright/images/grc_passport/61.jpg,scan_upright,grc_passport,TRAVEL_DOCUMENT,61,False,False,0,0,0.0,standard_scan,flatbed
scan_upright/images/grc_passport/62.jpg,scan_upright,grc_passport,TRAVEL_DOCUMENT,62,False,False,0,0,0.0,standard_scan,flatbed
scan_upright/images/grc_passport/63.jpg,scan_upright,grc_passport,TRAVEL_DOCUMENT,63,False,False,0,0,0.0,standard_scan,flatbed
scan_upright/images/grc_passport/64.jpg,scan_upright,grc_passport,TRAVEL_DOCUMENT,64,False,False,0,0,0.0,standard_scan,flatbed
scan_upright/images/grc_passport/65.jpg,scan_upright,grc_passport,TRAVEL_DOCUMENT,65,False,False,0,0,0.0,standard_scan,flatbed
scan_upright/images/grc_passport/66.jpg,scan_upright,grc_passport,TRAVEL_DOCUMENT,66,False,False,0,0,0.0,standard_scan,flatbed
scan_upright/images/grc_passport/67.jpg,scan_upright,grc_passport,TRAVEL_DOCUMENT,67,False,False,0,0,0.0,standard_scan,flatbed
scan_upright/images/grc_passport/68.jpg,scan_upright,grc_passport,TRAVEL_DOCUMENT,68,False,False,0,0,0.0,standard_scan,flatbed
scan_upright/images/grc_passport/69.jpg,scan_upright,grc_passport,TRAVEL_DOCUMENT,69,False,False,0,0,0.0,standard_scan,flatbed
scan_upright/images/grc_passport/70.jpg,scan_upright,grc_passport,TRAVEL_DOCUMENT,70,False,False,0,0,0.0,standard_scan,flatbed
scan_upright/images/grc_passport/71.jpg,scan_upright,grc_passport,TRAVEL_DOCUMENT,71,False,False,0,0,0.0,standard_scan,flatbed
scan_upright/images/grc_passport/72.jpg,scan_upright,grc_passport,TRAVEL_DOCUMENT,72,False,False,0,0,0.0,standard_scan,flatbed
scan_upright/images/grc_passport/73.jpg,scan_upright,grc_passport,TRAVEL_DOCUMENT,73,False,False,0,0,0.0,standard_scan,flatbed
scan_upright/images/grc_passport/74.jpg,scan_upright,grc_passport,TRAVEL_DOCUMENT,74,False,False,0,0,0.0,standard_scan,flatbed
scan_upright/images/grc_passport/75.jpg,scan_upright,grc_passport,TRAVEL_DOCUMENT,75,False,False,0,0,0.0,standard_scan,flatbed
scan_upright/images/grc_passport/76.jpg,scan_upright,grc_passport,TRAVEL_DOCUMENT,76,False,False,0,0,0.0,standard_scan,flatbed
scan_upright/images/grc_passport/77.jpg,scan_upright,grc_passport,TRAVEL_DOCUMENT,77,False,False,0,0,0.0,standard_scan,flatbed
scan_upright/images/grc_passport/78.jpg,scan_upright,grc_passport,TRAVEL_DOCUMENT,78,False,False,0,0,0.0,standard_scan,flatbed
scan_upright/images/grc_passport/79.jpg,scan_upright,grc_passport,TRAVEL_DOCUMENT,79,False,False,0,0,0.0,standard_scan,flatbed
scan_upright/images/grc_passport/80.jpg,scan_upright,grc_passport,TRAVEL_DOCUMENT,80,False,False,0,0,0.0,standard_scan,flatbed
scan_upright/images/grc_passport/81.jpg,scan_upright,grc_passport,TRAVEL_DOCUMENT,81,False,False,0,0,0.0,standard_scan,flatbed
scan_upright/images/grc_passport/82.jpg,scan_upright,grc_passport,TRAVEL_DOCUMENT,82,False,False,0,0,0.0,standard_scan,flatbed
scan_upright/images/grc_passport/83.jpg,scan_upright,grc_passport,TRAVEL_DOCUMENT,83,False,False,0,0,0.0,standard_scan,flatbed
scan_upright/images/grc_passport/84.jpg,scan_upright,grc_passport,TRAVEL_DOCUMENT,84,False,False,0,0,0.0,standard_scan,flatbed
scan_upright/images/grc_passport/85.jpg,scan_upright,grc_passport,TRAVEL_DOCUMENT,85,False,False,0,0,0.0,standard_scan,flatbed
scan_upright/images/grc_passport/86.jpg,scan_upright,grc_passport,TRAVEL_DOCUMENT,86,False,False,0,0,0.0,standard_scan,flatbed
scan_upright/images/grc_passport/87.jpg,scan_upright,grc_passport,TRAVEL_DOCUMENT,87,False,False,0,0,0.0,standard_scan,flatbed
scan_upright/images/grc_passport/88.jpg,scan_upright,grc_passport,TRAVEL_DOCUMENT,88,False,False,0,0,0.0,standard_scan,flatbed
scan_upright/images/grc_passport/89.jpg,scan_upright,grc_passport,TRAVEL_DOCUMENT,89,False,False,0,0,0.0,standard_scan,flatbed
scan_upright/images/grc_passport/90.jpg,scan_upright,grc_passport,TRAVEL_DOCUMENT,90,False,False,0,0,0.0,standard_scan,flatbed
scan_upright/images/grc_passport/91.jpg,scan_upright,grc_passport,TRAVEL_DOCUMENT,91,False,False,0,0,0.0,standard_scan,flatbed
scan_upright/images/grc_passport/92.jpg,scan_upright,grc_passport,TRAVEL_DOCUMENT,92,False,False,0,0,0.0,standard_scan,flatbed
scan_upright/images/grc_passport/93.jpg,scan_upright,grc_passport,TRAVEL_DOCUMENT,93,False,False,0,0,0.0,standard_scan,flatbed
scan_upright/images/grc_passport/94.jpg,scan_upright,grc_passport,TRAVEL_DOCUMENT,94,False,False,0,0,0.0,standard_scan,flatbed
scan_upright/images/grc_passport/95.jpg,scan_upright,grc_passport,TRAVEL_DOCUMENT,95,False,False,0,0,0.0,standard_scan,flatbed
scan_upright/images/grc_passport/96.jpg,scan_upright,grc_passport,TRAVEL_DOCUMENT,96,False,False,0,0,0.0,standard_scan,flatbed
scan_upright/images/grc_passport/97.jpg,scan_upright,grc_passport,TRAVEL_DOCUMENT,97,False,False,0,0,0.0,standard_scan,flatbed
scan_upright/images/grc_passport/98.jpg,scan_upright,grc_passport,TRAVEL_DOCUMENT,98,False,False,0,0,0.0,standard_scan,flatbed
scan_upright/images/grc_passport/99.jpg,scan_upright,grc_passport,TRAVEL_DOCUMENT,99,False,False,0,0,0.0,standard_scan,flatbed
scan_upright/images/lva_passport/00.jpg,scan_upright,lva_passport,TRAVEL_DOCUMENT,00,False,False,0,0,0.0,standard_scan,flatbed
scan_upright/images/lva_passport/01.jpg,scan_upright,lva_passport,TRAVEL_DOCUMENT,01,False,False,0,0,0.0,standard_scan,flatbed
scan_upright/images/lva_passport/02.jpg,scan_upright,lva_passport,TRAVEL_DOCUMENT,02,False,False,0,0,0.0,standard_scan,flatbed
scan_upright/images/lva_passport/03.jpg,scan_upright,lva_passport,TRAVEL_DOCUMENT,03,False,False,0,0,0.0,standard_scan,flatbed
scan_upright/images/lva_passport/04.jpg,scan_upright,lva_passport,TRAVEL_DOCUMENT,04,False,False,0,0,0.0,standard_scan,flatbed
scan_upright/images/lva_passport/05.jpg,scan_upright,lva_passport,TRAVEL_DOCUMENT,05,False,False,0,0,0.0,standard_scan,flatbed
scan_upright/images/lva_passport/06.jpg,scan_upright,lva_passport,TRAVEL_DOCUMENT,06,False,False,0,0,0.0,standard_scan,flatbed
scan_upright/images/lva_passport/07.jpg,scan_upright,lva_passport,TRAVEL_DOCUMENT,07,False,False,0,0,0.0,standard_scan,flatbed
scan_upright/images/lva_passport/08.jpg,scan_upright,lva_passport,TRAVEL_DOCUMENT,08,False,False,0,0,0.0,standard_scan,flatbed
scan_upright/images/lva_passport/09.jpg,scan_upright,lva_passport,TRAVEL_DOCUMENT,09,False,False,0,0,0.0,standard_scan,flatbed
scan_upright/images/lva_passport/10.jpg,scan_upright,lva_passport,TRAVEL_DOCUMENT,10,False,False,0,0,0.0,standard_scan,flatbed
scan_upright/images/lva_passport/11.jpg,scan_upright,lva_passport,TRAVEL_DOCUMENT,11,False,False,0,0,0.0,standard_scan,flatbed
scan_upright/images/lva_passport/12.jpg,scan_upright,lva_passport,TRAVEL_DOCUMENT,12,False,False,0,0,0.0,standard_scan,flatbed
scan_upright/images/lva_passport/13.jpg,scan_upright,lva_passport,TRAVEL_DOCUMENT,13,False,False,0,0,0.0,standard_scan,flatbed
scan_upright/images/lva_passport/14.jpg,scan_upright,lva_passport,TRAVEL_DOCUMENT,14,False,False,0,0,0.0,standard_scan,flatbed
scan_upright/images/lva_passport/15.jpg,scan_upright,lva_passport,TRAVEL_DOCUMENT,15,False,False,0,0,0.0,standard_scan,flatbed
scan_upright/images/lva_passport/16.jpg,scan_upright,lva_passport,TRAVEL_DOCUMENT,16,False,False,0,0,0.0,standard_scan,flatbed
scan_upright/images/lva_passport/17.jpg,scan_upright,lva_passport,TRAVEL_DOCUMENT,17,False,False,0,0,0.0,standard_scan,flatbed
scan_upright/images/lva_passport/18.jpg,scan_upright,lva_passport,TRAVEL_DOCUMENT,18,False,False,0,0,0.0,standard_scan,flatbed
scan_upright/images/lva_passport/19.jpg,scan_upright,lva_passport,TRAVEL_DOCUMENT,19,False,False,0,0,0.0,standard_scan,flatbed
scan_upright/images/lva_passport/20.jpg,scan_upright,lva_passport,TRAVEL_DOCUMENT,20,False,False,0,0,0.0,standard_scan,flatbed
scan_upright/images/lva_passport/21.jpg,scan_upright,lva_passport,TRAVEL_DOCUMENT,21,False,False,0,0,0.0,standard_scan,flatbed
scan_upright/images/lva_passport/22.jpg,scan_upright,lva_passport,TRAVEL_DOCUMENT,22,False,False,0,0,0.0,standard_scan,flatbed
scan_upright/images/lva_passport/23.jpg,scan_upright,lva_passport,TRAVEL_DOCUMENT,23,False,False,0,0,0.0,standard_scan,flatbed
scan_upright/images/lva_passport/24.jpg,scan_upright,lva_passport,TRAVEL_DOCUMENT,24,False,False,0,0,0.0,standard_scan,flatbed
scan_upright/images/lva_passport/25.jpg,scan_upright,lva_passport,TRAVEL_DOCUMENT,25,False,False,0,0,0.0,standard_scan,flatbed
scan_upright/images/lva_passport/26.jpg,scan_upright,lva_passport,TRAVEL_DOCUMENT,26,False,False,0,0,0.0,standard_scan,flatbed
scan_upright/images/lva_passport/27.jpg,scan_upright,lva_passport,TRAVEL_DOCUMENT,27,False,False,0,0,0.0,standard_scan,flatbed
scan_upright/images/lva_passport/28.jpg,scan_upright,lva_passport,TRAVEL_DOCUMENT,28,False,False,0,0,0.0,standard_scan,flatbed
scan_upright/images/lva_passport/29.jpg,scan_upright,lva_passport,TRAVEL_DOCUMENT,29,False,False,0,0,0.0,standard_scan,flatbed
scan_upright/images/lva_passport/30.jpg,scan_upright,lva_passport,TRAVEL_DOCUMENT,30,False,False,0,0,0.0,standard_scan,flatbed
scan_upright/images/lva_passport/31.jpg,scan_upright,lva_passport,TRAVEL_DOCUMENT,31,False,False,0,0,0.0,standard_scan,flatbed
scan_upright/images/lva_passport/32.jpg,scan_upright,lva_passport,TRAVEL_DOCUMENT,32,False,False,0,0,0.0,standard_scan,flatbed
scan_upright/images/lva_passport/33.jpg,scan_upright,lva_passport,TRAVEL_DOCUMENT,33,False,False,0,0,0.0,standard_scan,flatbed
scan_upright/images/lva_passport/34.jpg,scan_upright,lva_passport,TRAVEL_DOCUMENT,34,False,False,0,0,0.0,standard_scan,flatbed
scan_upright/images/lva_passport/35.jpg,scan_upright,lva_passport,TRAVEL_DOCUMENT,35,False,False,0,0,0.0,standard_scan,flatbed
scan_upright/images/lva_passport/36.jpg,scan_upright,lva_passport,TRAVEL_DOCUMENT,36,False,False,0,0,0.0,standard_scan,flatbed
scan_upright/images/lva_passport/37.jpg,scan_upright,lva_passport,TRAVEL_DOCUMENT,37,False,False,0,0,0.0,standard_scan,flatbed
scan_upright/images/lva_passport/38.jpg,scan_upright,lva_passport,TRAVEL_DOCUMENT,38,False,False,0,0,0.0,standard_scan,flatbed
scan_upright/images/lva_passport/39.jpg,scan_upright,lva_passport,TRAVEL_DOCUMENT,39,False,False,0,0,0.0,standard_scan,flatbed
scan_upright/images/lva_passport/40.jpg,scan_upright,lva_passport,TRAVEL_DOCUMENT,40,False,False,0,0,0.0,standard_scan,flatbed
scan_upright/images/lva_passport/41.jpg,scan_upright,lva_passport,TRAVEL_DOCUMENT,41,False,False,0,0,0.0,standard_scan,flatbed
scan_upright/images/lva_passport/42.jpg,scan_upright,lva_passport,TRAVEL_DOCUMENT,42,False,False,0,0,0.0,standard_scan,flatbed
scan_upright/images/lva_passport/43.jpg,scan_upright,lva_passport,TRAVEL_DOCUMENT,43,False,False,0,0,0.0,standard_scan,flatbed
scan_upright/images/lva_passport/44.jpg,scan_upright,lva_passport,TRAVEL_DOCUMENT,44,False,False,0,0,0.0,standard_scan,flatbed
scan_upright/images/lva_passport/45.jpg,scan_upright,lva_passport,TRAVEL_DOCUMENT,45,False,False,0,0,0.0,standard_scan,flatbed
scan_upright/images/lva_passport/46.jpg,scan_upright,lva_passport,TRAVEL_DOCUMENT,46,False,False,0,0,0.0,standard_scan,flatbed
scan_upright/images/lva_passport/47.jpg,scan_upright,lva_passport,TRAVEL_DOCUMENT,47,False,False,0,0,0.0,standard_scan,flatbed
scan_upright/images/lva_passport/48.jpg,scan_upright,lva_passport,TRAVEL_DOCUMENT,48,False,False,0,0,0.0,standard_scan,flatbed
scan_upright/images/lva_passport/49.jpg,scan_upright,lva_passport,TRAVEL_DOCUMENT,49,False,False,0,0,0.0,standard_scan,flatbed
scan_upright/images/lva_passport/50.jpg,scan_upright,lva_passport,TRAVEL_DOCUMENT,50,False,False,0,0,0.0,standard_scan,flatbed
scan_upright/images/lva_passport/51.jpg,scan_upright,lva_passport,TRAVEL_DOCUMENT,51,False,False,0,0,0.0,standard_scan,flatbed
scan_upright/images/lva_passport/52.jpg,scan_upright,lva_passport,TRAVEL_DOCUMENT,52,False,False,0,0,0.0,standard_scan,flatbed
scan_upright/images/lva_passport/53.jpg,scan_upright,lva_passport,TRAVEL_DOCUMENT,53,False,False,0,0,0.0,standard_scan,flatbed
scan_upright/images/lva_passport/54.jpg,scan_upright,lva_passport,TRAVEL_DOCUMENT,54,False,False,0,0,0.0,standard_scan,flatbed
scan_upright/images/lva_passport/55.jpg,scan_upright,lva_passport,TRAVEL_DOCUMENT,55,False,False,0,0,0.0,standard_scan,flatbed
scan_upright/images/lva_passport/56.jpg,scan_upright,lva_passport,TRAVEL_DOCUMENT,56,False,False,0,0,0.0,standard_scan,flatbed
scan_upright/images/lva_passport/57.jpg,scan_upright,lva_passport,TRAVEL_DOCUMENT,57,False,False,0,0,0.0,standard_scan,flatbed
scan_upright/images/lva_passport/58.jpg,scan_upright,lva_passport,TRAVEL_DOCUMENT,58,False,False,0,0,0.0,standard_scan,flatbed
scan_upright/images/lva_passport/59.jpg,scan_upright,lva_passport,TRAVEL_DOCUMENT,59,False,False,0,0,0.0,standard_scan,flatbed
scan_upright/images/lva_passport/60.jpg,scan_upright,lva_passport,TRAVEL_DOCUMENT,60,False,False,0,0,0.0,standard_scan,flatbed
scan_upright/images/lva_passport/61.jpg,scan_upright,lva_passport,TRAVEL_DOCUMENT,61,False,False,0,0,0.0,standard_scan,flatbed
scan_upright/images/lva_passport/62.jpg,scan_upright,lva_passport,TRAVEL_DOCUMENT,62,False,False,0,0,0.0,standard_scan,flatbed
scan_upright/images/lva_passport/63.jpg,scan_upright,lva_passport,TRAVEL_DOCUMENT,63,False,False,0,0,0.0,standard_scan,flatbed
scan_upright/images/lva_passport/64.jpg,scan_upright,lva_passport,TRAVEL_DOCUMENT,64,False,False,0,0,0.0,standard_scan,flatbed
scan_upright/images/lva_passport/65.jpg,scan_upright,lva_passport,TRAVEL_DOCUMENT,65,False,False,0,0,0.0,standard_scan,flatbed
scan_upright/images/lva_passport/66.jpg,scan_upright,lva_passport,TRAVEL_DOCUMENT,66,False,False,0,0,0.0,standard_scan,flatbed
scan_upright/images/lva_passport/67.jpg,scan_upright,lva_passport,TRAVEL_DOCUMENT,67,False,False,0,0,0.0,standard_scan,flatbed
scan_upright/images/lva_passport/68.jpg,scan_upright,lva_passport,TRAVEL_DOCUMENT,68,False,False,0,0,0.0,standard_scan,flatbed
scan_upright/images/lva_passport/69.jpg,scan_upright,lva_passport,TRAVEL_DOCUMENT,69,False,False,0,0,0.0,standard_scan,flatbed
scan_upright/images/lva_passport/70.jpg,scan_upright,lva_passport,TRAVEL_DOCUMENT,70,False,False,0,0,0.0,standard_scan,flatbed
scan_upright/images/lva_passport/71.jpg,scan_upright,lva_passport,TRAVEL_DOCUMENT,71,False,False,0,0,0.0,standard_scan,flatbed
scan_upright/images/lva_passport/72.jpg,scan_upright,lva_passport,TRAVEL_DOCUMENT,72,False,False,0,0,0.0,standard_scan,flatbed
scan_upright/images/lva_passport/73.jpg,scan_upright,lva_passport,TRAVEL_DOCUMENT,73,False,False,0,0,0.0,standard_scan,flatbed
scan_upright/images/lva_passport/74.jpg,scan_upright,lva_passport,TRAVEL_DOCUMENT,74,False,False,0,0,0.0,standard_scan,flatbed
scan_upright/images/lva_passport/75.jpg,scan_upright,lva_passport,TRAVEL_DOCUMENT,75,False,False,0,0,0.0,standard_scan,flatbed
scan_upright/images/lva_passport/76.jpg,scan_upright,lva_passport,TRAVEL_DOCUMENT,76,False,False,0,0,0.0,standard_scan,flatbed
scan_upright/images/lva_passport/77.jpg,scan_upright,lva_passport,TRAVEL_DOCUMENT,77,False,False,0,0,0.0,standard_scan,flatbed
scan_upright/images/lva_passport/78.jpg,scan_upright,lva_passport,TRAVEL_DOCUMENT,78,False,False,0,0,0.0,standard_scan,flatbed
scan_upright/images/lva_passport/79.jpg,scan_upright,lva_passport,TRAVEL_DOCUMENT,79,False,False,0,0,0.0,standard_scan,flatbed
scan_upright/images/lva_passport/80.jpg,scan_upright,lva_passport,TRAVEL_DOCUMENT,80,False,False,0,0,0.0,standard_scan,flatbed
scan_upright/images/lva_passport/81.jpg,scan_upright,lva_passport,TRAVEL_DOCUMENT,81,False,False,0,0,0.0,standard_scan,flatbed
scan_upright/images/lva_passport/82.jpg,scan_upright,lva_passport,TRAVEL_DOCUMENT,82,False,False,0,0,0.0,standard_scan,flatbed
scan_upright/images/lva_passport/83.jpg,scan_upright,lva_passport,TRAVEL_DOCUMENT,83,False,False,0,0,0.0,standard_scan,flatbed
scan_upright/images/lva_passport/84.jpg,scan_upright,lva_passport,TRAVEL_DOCUMENT,84,False,False,0,0,0.0,standard_scan,flatbed
scan_upright/images/lva_passport/85.jpg,scan_upright,lva_passport,TRAVEL_DOCUMENT,85,False,False,0,0,0.0,standard_scan,flatbed
scan_upright/images/lva_passport/86.jpg,scan_upright,lva_passport,TRAVEL_DOCUMENT,86,False,False,0,0,0.0,standard_scan,flatbed
scan_upright/images/lva_passport/87.jpg,scan_upright,lva_passport,TRAVEL_DOCUMENT,87,False,False,0,0,0.0,standard_scan,flatbed
scan_upright/images/lva_passport/88.jpg,scan_upright,lva_passport,TRAVEL_DOCUMENT,88,False,False,0,0,0.0,standard_scan,flatbed
scan_upright/images/lva_passport/89.jpg,scan_upright,lva_passport,TRAVEL_DOCUMENT,89,False,False,0,0,0.0,standard_scan,flatbed
scan_upright/images/lva_passport/90.jpg,scan_upright,lva_passport,TRAVEL_DOCUMENT,90,False,False,0,0,0.0,standard_scan,flatbed
scan_upright/images/lva_passport/91.jpg,scan_upright,lva_passport,TRAVEL_DOCUMENT,91,False,False,0,0,0.0,standard_scan,flatbed
scan_upright/images/lva_passport/92.jpg,scan_upright,lva_passport,TRAVEL_DOCUMENT,92,False,False,0,0,0.0,standard_scan,flatbed
scan_upright/images/lva_passport/93.jpg,scan_upright,lva_passport,TRAVEL_DOCUMENT,93,False,False,0,0,0.0,standard_scan,flatbed
scan_upright/images/lva_passport/94.jpg,scan_upright,lva_passport,TRAVEL_DOCUMENT,94,False,False,0,0,0.0,standard_scan,flatbed
scan_upright/images/lva_passport/95.jpg,scan_upright,lva_passport,TRAVEL_DOCUMENT,95,False,False,0,0,0.0,standard_scan,flatbed
scan_upright/images/lva_passport/96.jpg,scan_upright,lva_passport,TRAVEL_DOCUMENT,96,False,False,0,0,0.0,standard_scan,flatbed
scan_upright/images/lva_passport/97.jpg,scan_upright,lva_passport,TRAVEL_DOCUMENT,97,False,False,0,0,0.0,standard_scan,flatbed
scan_upright/images/lva_passport/98.jpg,scan_upright,lva_passport,TRAVEL_DOCUMENT,98,False,False,0,0,0.0,standard_scan,flatbed
scan_upright/images/lva_passport/99.jpg,scan_upright,lva_passport,TRAVEL_DOCUMENT,99,False,False,0,0,0.0,standard_scan,flatbed
scan_upright/images/rus_internalpassport/00.jpg,scan_upright,rus_internalpassport,TRAVEL_DOCUMENT,00,False,False,0,0,0.0,standard_scan,flatbed
scan_upright/images/rus_internalpassport/01.jpg,scan_upright,rus_internalpassport,TRAVEL_DOCUMENT,01,False,False,0,0,0.0,standard_scan,flatbed
scan_upright/images/rus_internalpassport/02.jpg,scan_upright,rus_internalpassport,TRAVEL_DOCUMENT,02,False,False,0,0,0.0,standard_scan,flatbed
scan_upright/images/rus_internalpassport/03.jpg,scan_upright,rus_internalpassport,TRAVEL_DOCUMENT,03,False,False,0,0,0.0,standard_scan,flatbed
scan_upright/images/rus_internalpassport/04.jpg,scan_upright,rus_internalpassport,TRAVEL_DOCUMENT,04,False,False,0,0,0.0,standard_scan,flatbed
scan_upright/images/rus_internalpassport/05.jpg,scan_upright,rus_internalpassport,TRAVEL_DOCUMENT,05,False,False,0,0,0.0,standard_scan,flatbed
scan_upright/images/rus_internalpassport/06.jpg,scan_upright,rus_internalpassport,TRAVEL_DOCUMENT,06,False,False,0,0,0.0,standard_scan,flatbed
scan_upright/images/rus_internalpassport/07.jpg,scan_upright,rus_internalpassport,TRAVEL_DOCUMENT,07,False,False,0,0,0.0,standard_scan,flatbed
scan_upright/images/rus_internalpassport/08.jpg,scan_upright,rus_internalpassport,TRAVEL_DOCUMENT,08,False,False,0,0,0.0,standard_scan,flatbed
scan_upright/images/rus_internalpassport/09.jpg,scan_upright,rus_internalpassport,TRAVEL_DOCUMENT,09,False,False,0,0,0.0,standard_scan,flatbed
scan_upright/images/rus_internalpassport/10.jpg,scan_upright,rus_internalpassport,TRAVEL_DOCUMENT,10,False,False,0,0,0.0,standard_scan,flatbed
scan_upright/images/rus_internalpassport/11.jpg,scan_upright,rus_internalpassport,TRAVEL_DOCUMENT,11,False,False,0,0,0.0,standard_scan,flatbed
scan_upright/images/rus_internalpassport/12.jpg,scan_upright,rus_internalpassport,TRAVEL_DOCUMENT,12,False,False,0,0,0.0,standard_scan,flatbed
scan_upright/images/rus_internalpassport/13.jpg,scan_upright,rus_internalpassport,TRAVEL_DOCUMENT,13,False,False,0,0,0.0,standard_scan,flatbed
scan_upright/images/rus_internalpassport/14.jpg,scan_upright,rus_internalpassport,TRAVEL_DOCUMENT,14,False,False,0,0,0.0,standard_scan,flatbed
scan_upright/images/rus_internalpassport/15.jpg,scan_upright,rus_internalpassport,TRAVEL_DOCUMENT,15,False,False,0,0,0.0,standard_scan,flatbed
scan_upright/images/rus_internalpassport/16.jpg,scan_upright,rus_internalpassport,TRAVEL_DOCUMENT,16,False,False,0,0,0.0,standard_scan,flatbed
scan_upright/images/rus_internalpassport/17.jpg,scan_upright,rus_internalpassport,TRAVEL_DOCUMENT,17,False,False,0,0,0.0,standard_scan,flatbed
scan_upright/images/rus_internalpassport/18.jpg,scan_upright,rus_internalpassport,TRAVEL_DOCUMENT,18,False,False,0,0,0.0,standard_scan,flatbed
scan_upright/images/rus_internalpassport/19.jpg,scan_upright,rus_internalpassport,TRAVEL_DOCUMENT,19,False,False,0,0,0.0,standard_scan,flatbed
scan_upright/images/rus_internalpassport/20.jpg,scan_upright,rus_internalpassport,TRAVEL_DOCUMENT,20,False,False,0,0,0.0,standard_scan,flatbed
scan_upright/images/rus_internalpassport/21.jpg,scan_upright,rus_internalpassport,TRAVEL_DOCUMENT,21,False,False,0,0,0.0,standard_scan,flatbed
scan_upright/images/rus_internalpassport/22.jpg,scan_upright,rus_internalpassport,TRAVEL_DOCUMENT,22,False,False,0,0,0.0,standard_scan,flatbed
scan_upright/images/rus_internalpassport/23.jpg,scan_upright,rus_internalpassport,TRAVEL_DOCUMENT,23,False,False,0,0,0.0,standard_scan,flatbed
scan_upright/images/rus_internalpassport/24.jpg,scan_upright,rus_internalpassport,TRAVEL_DOCUMENT,24,False,False,0,0,0.0,standard_scan,flatbed
scan_upright/images/rus_internalpassport/25.jpg,scan_upright,rus_internalpassport,TRAVEL_DOCUMENT,25,False,False,0,0,0.0,standard_scan,flatbed
scan_upright/images/rus_internalpassport/26.jpg,scan_upright,rus_internalpassport,TRAVEL_DOCUMENT,26,False,False,0,0,0.0,standard_scan,flatbed
scan_upright/images/rus_internalpassport/27.jpg,scan_upright,rus_internalpassport,TRAVEL_DOCUMENT,27,False,False,0,0,0.0,standard_scan,flatbed
scan_upright/images/rus_internalpassport/28.jpg,scan_upright,rus_internalpassport,TRAVEL_DOCUMENT,28,False,False,0,0,0.0,standard_scan,flatbed
scan_upright/images/rus_internalpassport/29.jpg,scan_upright,rus_internalpassport,TRAVEL_DOCUMENT,29,False,False,0,0,0.0,standard_scan,flatbed
scan_upright/images/rus_internalpassport/30.jpg,scan_upright,rus_internalpassport,TRAVEL_DOCUMENT,30,False,False,0,0,0.0,standard_scan,flatbed
scan_upright/images/rus_internalpassport/31.jpg,scan_upright,rus_internalpassport,TRAVEL_DOCUMENT,31,False,False,0,0,0.0,standard_scan,flatbed
scan_upright/images/rus_internalpassport/32.jpg,scan_upright,rus_internalpassport,TRAVEL_DOCUMENT,32,False,False,0,0,0.0,standard_scan,flatbed
scan_upright/images/rus_internalpassport/33.jpg,scan_upright,rus_internalpassport,TRAVEL_DOCUMENT,33,False,False,0,0,0.0,standard_scan,flatbed
scan_upright/images/rus_internalpassport/34.jpg,scan_upright,rus_internalpassport,TRAVEL_DOCUMENT,34,False,False,0,0,0.0,standard_scan,flatbed
scan_upright/images/rus_internalpassport/35.jpg,scan_upright,rus_internalpassport,TRAVEL_DOCUMENT,35,False,False,0,0,0.0,standard_scan,flatbed
scan_upright/images/rus_internalpassport/36.jpg,scan_upright,rus_internalpassport,TRAVEL_DOCUMENT,36,False,False,0,0,0.0,standard_scan,flatbed
scan_upright/images/rus_internalpassport/37.jpg,scan_upright,rus_internalpassport,TRAVEL_DOCUMENT,37,False,False,0,0,0.0,standard_scan,flatbed
scan_upright/images/rus_internalpassport/38.jpg,scan_upright,rus_internalpassport,TRAVEL_DOCUMENT,38,False,False,0,0,0.0,standard_scan,flatbed
scan_upright/images/rus_internalpassport/39.jpg,scan_upright,rus_internalpassport,TRAVEL_DOCUMENT,39,False,False,0,0,0.0,standard_scan,flatbed
scan_upright/images/rus_internalpassport/40.jpg,scan_upright,rus_internalpassport,TRAVEL_DOCUMENT,40,False,False,0,0,0.0,standard_scan,flatbed
scan_upright/images/rus_internalpassport/41.jpg,scan_upright,rus_internalpassport,TRAVEL_DOCUMENT,41,False,False,0,0,0.0,standard_scan,flatbed
scan_upright/images/rus_internalpassport/42.jpg,scan_upright,rus_internalpassport,TRAVEL_DOCUMENT,42,False,False,0,0,0.0,standard_scan,flatbed
scan_upright/images/rus_internalpassport/43.jpg,scan_upright,rus_internalpassport,TRAVEL_DOCUMENT,43,False,False,0,0,0.0,standard_scan,flatbed
scan_upright/images/rus_internalpassport/44.jpg,scan_upright,rus_internalpassport,TRAVEL_DOCUMENT,44,False,False,0,0,0.0,standard_scan,flatbed
scan_upright/images/rus_internalpassport/45.jpg,scan_upright,rus_internalpassport,TRAVEL_DOCUMENT,45,False,False,0,0,0.0,standard_scan,flatbed
scan_upright/images/rus_internalpassport/46.jpg,scan_upright,rus_internalpassport,TRAVEL_DOCUMENT,46,False,False,0,0,0.0,standard_scan,flatbed
scan_upright/images/rus_internalpassport/47.jpg,scan_upright,rus_internalpassport,TRAVEL_DOCUMENT,47,False,False,0,0,0.0,standard_scan,flatbed
scan_upright/images/rus_internalpassport/48.jpg,scan_upright,rus_internalpassport,TRAVEL_DOCUMENT,48,False,False,0,0,0.0,standard_scan,flatbed
scan_upright/images/rus_internalpassport/49.jpg,scan_upright,rus_internalpassport,TRAVEL_DOCUMENT,49,False,False,0,0,0.0,standard_scan,flatbed
scan_upright/images/rus_internalpassport/50.jpg,scan_upright,rus_internalpassport,TRAVEL_DOCUMENT,50,False,False,0,0,0.0,standard_scan,flatbed
scan_upright/images/rus_internalpassport/51.jpg,scan_upright,rus_internalpassport,TRAVEL_DOCUMENT,51,False,False,0,0,0.0,standard_scan,flatbed
scan_upright/images/rus_internalpassport/52.jpg,scan_upright,rus_internalpassport,TRAVEL_DOCUMENT,52,False,False,0,0,0.0,standard_scan,flatbed
scan_upright/images/rus_internalpassport/53.jpg,scan_upright,rus_internalpassport,TRAVEL_DOCUMENT,53,False,False,0,0,0.0,standard_scan,flatbed
scan_upright/images/rus_internalpassport/54.jpg,scan_upright,rus_internalpassport,TRAVEL_DOCUMENT,54,False,False,0,0,0.0,standard_scan,flatbed
scan_upright/images/rus_internalpassport/55.jpg,scan_upright,rus_internalpassport,TRAVEL_DOCUMENT,55,False,False,0,0,0.0,standard_scan,flatbed
scan_upright/images/rus_internalpassport/56.jpg,scan_upright,rus_internalpassport,TRAVEL_DOCUMENT,56,False,False,0,0,0.0,standard_scan,flatbed
scan_upright/images/rus_internalpassport/57.jpg,scan_upright,rus_internalpassport,TRAVEL_DOCUMENT,57,False,False,0,0,0.0,standard_scan,flatbed
scan_upright/images/rus_internalpassport/58.jpg,scan_upright,rus_internalpassport,TRAVEL_DOCUMENT,58,False,False,0,0,0.0,standard_scan,flatbed
scan_upright/images/rus_internalpassport/59.jpg,scan_upright,rus_internalpassport,TRAVEL_DOCUMENT,59,False,False,0,0,0.0,standard_scan,flatbed
scan_upright/images/rus_internalpassport/60.jpg,scan_upright,rus_internalpassport,TRAVEL_DOCUMENT,60,False,False,0,0,0.0,standard_scan,flatbed
scan_upright/images/rus_internalpassport/61.jpg,scan_upright,rus_internalpassport,TRAVEL_DOCUMENT,61,False,False,0,0,0.0,standard_scan,flatbed
scan_upright/images/rus_internalpassport/62.jpg,scan_upright,rus_internalpassport,TRAVEL_DOCUMENT,62,False,False,0,0,0.0,standard_scan,flatbed
scan_upright/images/rus_internalpassport/63.jpg,scan_upright,rus_internalpassport,TRAVEL_DOCUMENT,63,False,False,0,0,0.0,standard_scan,flatbed
scan_upright/images/rus_internalpassport/64.jpg,scan_upright,rus_internalpassport,TRAVEL_DOCUMENT,64,False,False,0,0,0.0,standard_scan,flatbed
scan_upright/images/rus_internalpassport/65.jpg,scan_upright,rus_internalpassport,TRAVEL_DOCUMENT,65,False,False,0,0,0.0,standard_scan,flatbed
scan_upright/images/rus_internalpassport/66.jpg,scan_upright,rus_internalpassport,TRAVEL_DOCUMENT,66,False,False,0,0,0.0,standard_scan,flatbed
scan_upright/images/rus_internalpassport/67.jpg,scan_upright,rus_internalpassport,TRAVEL_DOCUMENT,67,False,False,0,0,0.0,standard_scan,flatbed
scan_upright/images/rus_internalpassport/68.jpg,scan_upright,rus_internalpassport,TRAVEL_DOCUMENT,68,False,False,0,0,0.0,standard_scan,flatbed
scan_upright/images/rus_internalpassport/69.jpg,scan_upright,rus_internalpassport,TRAVEL_DOCUMENT,69,False,False,0,0,0.0,standard_scan,flatbed
scan_upright/images/rus_internalpassport/70.jpg,scan_upright,rus_internalpassport,TRAVEL_DOCUMENT,70,False,False,0,0,0.0,standard_scan,flatbed
scan_upright/images/rus_internalpassport/71.jpg,scan_upright,rus_internalpassport,TRAVEL_DOCUMENT,71,False,False,0,0,0.0,standard_scan,flatbed
scan_upright/images/rus_internalpassport/72.jpg,scan_upright,rus_internalpassport,TRAVEL_DOCUMENT,72,False,False,0,0,0.0,standard_scan,flatbed
scan_upright/images/rus_internalpassport/73.jpg,scan_upright,rus_internalpassport,TRAVEL_DOCUMENT,73,False,False,0,0,0.0,standard_scan,flatbed
scan_upright/images/rus_internalpassport/74.jpg,scan_upright,rus_internalpassport,TRAVEL_DOCUMENT,74,False,False,0,0,0.0,standard_scan,flatbed
scan_upright/images/rus_internalpassport/75.jpg,scan_upright,rus_internalpassport,TRAVEL_DOCUMENT,75,False,False,0,0,0.0,standard_scan,flatbed
scan_upright/images/rus_internalpassport/76.jpg,scan_upright,rus_internalpassport,TRAVEL_DOCUMENT,76,False,False,0,0,0.0,standard_scan,flatbed
scan_upright/images/rus_internalpassport/77.jpg,scan_upright,rus_internalpassport,TRAVEL_DOCUMENT,77,False,False,0,0,0.0,standard_scan,flatbed
scan_upright/images/rus_internalpassport/78.jpg,scan_upright,rus_internalpassport,TRAVEL_DOCUMENT,78,False,False,0,0,0.0,standard_scan,flatbed
scan_upright/images/rus_internalpassport/79.jpg,scan_upright,rus_internalpassport,TRAVEL_DOCUMENT,79,False,False,0,0,0.0,standard_scan,flatbed
scan_upright/images/rus_internalpassport/80.jpg,scan_upright,rus_internalpassport,TRAVEL_DOCUMENT,80,False,False,0,0,0.0,standard_scan,flatbed
scan_upright/images/rus_internalpassport/81.jpg,scan_upright,rus_internalpassport,TRAVEL_DOCUMENT,81,False,False,0,0,0.0,standard_scan,flatbed
scan_upright/images/rus_internalpassport/82.jpg,scan_upright,rus_internalpassport,TRAVEL_DOCUMENT,82,False,False,0,0,0.0,standard_scan,flatbed
scan_upright/images/rus_internalpassport/83.jpg,scan_upright,rus_internalpassport,TRAVEL_DOCUMENT,83,False,False,0,0,0.0,standard_scan,flatbed
scan_upright/images/rus_internalpassport/84.jpg,scan_upright,rus_internalpassport,TRAVEL_DOCUMENT,84,False,False,0,0,0.0,standard_scan,flatbed
scan_upright/images/rus_internalpassport/85.jpg,scan_upright,rus_internalpassport,TRAVEL_DOCUMENT,85,False,False,0,0,0.0,standard_scan,flatbed
scan_upright/images/rus_internalpassport/86.jpg,scan_upright,rus_internalpassport,TRAVEL_DOCUMENT,86,False,False,0,0,0.0,standard_scan,flatbed
scan_upright/images/rus_internalpassport/87.jpg,scan_upright,rus_internalpassport,TRAVEL_DOCUMENT,87,False,False,0,0,0.0,standard_scan,flatbed
scan_upright/images/rus_internalpassport/88.jpg,scan_upright,rus_internalpassport,TRAVEL_DOCUMENT,88,False,False,0,0,0.0,standard_scan,flatbed
scan_upright/images/rus_internalpassport/89.jpg,scan_upright,rus_internalpassport,TRAVEL_DOCUMENT,89,False,False,0,0,0.0,standard_scan,flatbed
scan_upright/images/rus_internalpassport/90.jpg,scan_upright,rus_internalpassport,TRAVEL_DOCUMENT,90,False,False,0,0,0.0,standard_scan,flatbed
scan_upright/images/rus_internalpassport/91.jpg,scan_upright,rus_internalpassport,TRAVEL_DOCUMENT,91,False,False,0,0,0.0,standard_scan,flatbed
scan_upright/images/rus_internalpassport/92.jpg,scan_upright,rus_internalpassport,TRAVEL_DOCUMENT,92,False,False,0,0,0.0,standard_scan,flatbed
scan_upright/images/rus_internalpassport/93.jpg,scan_upright,rus_internalpassport,TRAVEL_DOCUMENT,93,False,False,0,0,0.0,standard_scan,flatbed
scan_upright/images/rus_internalpassport/94.jpg,scan_upright,rus_internalpassport,TRAVEL_DOCUMENT,94,False,False,0,0,0.0,standard_scan,flatbed
scan_upright/images/rus_internalpassport/95.jpg,scan_upright,rus_internalpassport,TRAVEL_DOCUMENT,95,False,False,0,0,0.0,standard_scan,flatbed
scan_upright/images/rus_internalpassport/96.jpg,scan_upright,rus_internalpassport,TRAVEL_DOCUMENT,96,False,False,0,0,0.0,standard_scan,flatbed
scan_upright/images/rus_internalpassport/97.jpg,scan_upright,rus_internalpassport,TRAVEL_DOCUMENT,97,False,False,0,0,0.0,standard_scan,flatbed
scan_upright/images/rus_internalpassport/98.jpg,scan_upright,rus_internalpassport,TRAVEL_DOCUMENT,98,False,False,0,0,0.0,standard_scan,flatbed
scan_upright/images/rus_internalpassport/99.jpg,scan_upright,rus_internalpassport,TRAVEL_DOCUMENT,99,False,False,0,0,0.0,standard_scan,flatbed
scan_upright/images/srb_passport/00.jpg,scan_upright,srb_passport,TRAVEL_DOCUMENT,00,False,False,0,0,0.0,standard_scan,flatbed
scan_upright/images/srb_passport/01.jpg,scan_upright,srb_passport,TRAVEL_DOCUMENT,01,False,False,0,0,0.0,standard_scan,flatbed
scan_upright/images/srb_passport/02.jpg,scan_upright,srb_passport,TRAVEL_DOCUMENT,02,False,False,0,0,0.0,standard_scan,flatbed
scan_upright/images/srb_passport/03.jpg,scan_upright,srb_passport,TRAVEL_DOCUMENT,03,False,False,0,0,0.0,standard_scan,flatbed
scan_upright/images/srb_passport/04.jpg,scan_upright,srb_passport,TRAVEL_DOCUMENT,04,False,False,0,0,0.0,standard_scan,flatbed
scan_upright/images/srb_passport/05.jpg,scan_upright,srb_passport,TRAVEL_DOCUMENT,05,False,False,0,0,0.0,standard_scan,flatbed
scan_upright/images/srb_passport/06.jpg,scan_upright,srb_passport,TRAVEL_DOCUMENT,06,False,False,0,0,0.0,standard_scan,flatbed
scan_upright/images/srb_passport/07.jpg,scan_upright,srb_passport,TRAVEL_DOCUMENT,07,False,False,0,0,0.0,standard_scan,flatbed
scan_upright/images/srb_passport/08.jpg,scan_upright,srb_passport,TRAVEL_DOCUMENT,08,False,False,0,0,0.0,standard_scan,flatbed
scan_upright/images/srb_passport/09.jpg,scan_upright,srb_passport,TRAVEL_DOCUMENT,09,False,False,0,0,0.0,standard_scan,flatbed
scan_upright/images/srb_passport/10.jpg,scan_upright,srb_passport,TRAVEL_DOCUMENT,10,False,False,0,0,0.0,standard_scan,flatbed
scan_upright/images/srb_passport/11.jpg,scan_upright,srb_passport,TRAVEL_DOCUMENT,11,False,False,0,0,0.0,standard_scan,flatbed
scan_upright/images/srb_passport/12.jpg,scan_upright,srb_passport,TRAVEL_DOCUMENT,12,False,False,0,0,0.0,standard_scan,flatbed
scan_upright/images/srb_passport/13.jpg,scan_upright,srb_passport,TRAVEL_DOCUMENT,13,False,False,0,0,0.0,standard_scan,flatbed
scan_upright/images/srb_passport/14.jpg,scan_upright,srb_passport,TRAVEL_DOCUMENT,14,False,False,0,0,0.0,standard_scan,flatbed
scan_upright/images/srb_passport/15.jpg,scan_upright,srb_passport,TRAVEL_DOCUMENT,15,False,False,0,0,0.0,standard_scan,flatbed
scan_upright/images/srb_passport/16.jpg,scan_upright,srb_passport,TRAVEL_DOCUMENT,16,False,False,0,0,0.0,standard_scan,flatbed
scan_upright/images/srb_passport/17.jpg,scan_upright,srb_passport,TRAVEL_DOCUMENT,17,False,False,0,0,0.0,standard_scan,flatbed
scan_upright/images/srb_passport/18.jpg,scan_upright,srb_passport,TRAVEL_DOCUMENT,18,False,False,0,0,0.0,standard_scan,flatbed
scan_upright/images/srb_passport/19.jpg,scan_upright,srb_passport,TRAVEL_DOCUMENT,19,False,False,0,0,0.0,standard_scan,flatbed
scan_upright/images/srb_passport/20.jpg,scan_upright,srb_passport,TRAVEL_DOCUMENT,20,False,False,0,0,0.0,standard_scan,flatbed
scan_upright/images/srb_passport/21.jpg,scan_upright,srb_passport,TRAVEL_DOCUMENT,21,False,False,0,0,0.0,standard_scan,flatbed
scan_upright/images/srb_passport/22.jpg,scan_upright,srb_passport,TRAVEL_DOCUMENT,22,False,False,0,0,0.0,standard_scan,flatbed
scan_upright/images/srb_passport/23.jpg,scan_upright,srb_passport,TRAVEL_DOCUMENT,23,False,False,0,0,0.0,standard_scan,flatbed
scan_upright/images/srb_passport/24.jpg,scan_upright,srb_passport,TRAVEL_DOCUMENT,24,False,False,0,0,0.0,standard_scan,flatbed
scan_upright/images/srb_passport/25.jpg,scan_upright,srb_passport,TRAVEL_DOCUMENT,25,False,False,0,0,0.0,standard_scan,flatbed
scan_upright/images/srb_passport/26.jpg,scan_upright,srb_passport,TRAVEL_DOCUMENT,26,False,False,0,0,0.0,standard_scan,flatbed
scan_upright/images/srb_passport/27.jpg,scan_upright,srb_passport,TRAVEL_DOCUMENT,27,False,False,0,0,0.0,standard_scan,flatbed
scan_upright/images/srb_passport/28.jpg,scan_upright,srb_passport,TRAVEL_DOCUMENT,28,False,False,0,0,0.0,standard_scan,flatbed
scan_upright/images/srb_passport/29.jpg,scan_upright,srb_passport,TRAVEL_DOCUMENT,29,False,False,0,0,0.0,standard_scan,flatbed
scan_upright/images/srb_passport/30.jpg,scan_upright,srb_passport,TRAVEL_DOCUMENT,30,False,False,0,0,0.0,standard_scan,flatbed
scan_upright/images/srb_passport/31.jpg,scan_upright,srb_passport,TRAVEL_DOCUMENT,31,False,False,0,0,0.0,standard_scan,flatbed
scan_upright/images/srb_passport/32.jpg,scan_upright,srb_passport,TRAVEL_DOCUMENT,32,False,False,0,0,0.0,standard_scan,flatbed
scan_upright/images/srb_passport/33.jpg,scan_upright,srb_passport,TRAVEL_DOCUMENT,33,False,False,0,0,0.0,standard_scan,flatbed
scan_upright/images/srb_passport/34.jpg,scan_upright,srb_passport,TRAVEL_DOCUMENT,34,False,False,0,0,0.0,standard_scan,flatbed
scan_upright/images/srb_passport/35.jpg,scan_upright,srb_passport,TRAVEL_DOCUMENT,35,False,False,0,0,0.0,standard_scan,flatbed
scan_upright/images/srb_passport/36.jpg,scan_upright,srb_passport,TRAVEL_DOCUMENT,36,False,False,0,0,0.0,standard_scan,flatbed
scan_upright/images/srb_passport/37.jpg,scan_upright,srb_passport,TRAVEL_DOCUMENT,37,False,False,0,0,0.0,standard_scan,flatbed
scan_upright/images/srb_passport/38.jpg,scan_upright,srb_passport,TRAVEL_DOCUMENT,38,False,False,0,0,0.0,standard_scan,flatbed
scan_upright/images/srb_passport/39.jpg,scan_upright,srb_passport,TRAVEL_DOCUMENT,39,False,False,0,0,0.0,standard_scan,flatbed
scan_upright/images/srb_passport/40.jpg,scan_upright,srb_passport,TRAVEL_DOCUMENT,40,False,False,0,0,0.0,standard_scan,flatbed
scan_upright/images/srb_passport/41.jpg,scan_upright,srb_passport,TRAVEL_DOCUMENT,41,False,False,0,0,0.0,standard_scan,flatbed
scan_upright/images/srb_passport/42.jpg,scan_upright,srb_passport,TRAVEL_DOCUMENT,42,False,False,0,0,0.0,standard_scan,flatbed
scan_upright/images/srb_passport/43.jpg,scan_upright,srb_passport,TRAVEL_DOCUMENT,43,False,False,0,0,0.0,standard_scan,flatbed
scan_upright/images/srb_passport/44.jpg,scan_upright,srb_passport,TRAVEL_DOCUMENT,44,False,False,0,0,0.0,standard_scan,flatbed
scan_upright/images/srb_passport/45.jpg,scan_upright,srb_passport,TRAVEL_DOCUMENT,45,False,False,0,0,0.0,standard_scan,flatbed
scan_upright/images/srb_passport/46.jpg,scan_upright,srb_passport,TRAVEL_DOCUMENT,46,False,False,0,0,0.0,standard_scan,flatbed
scan_upright/images/srb_passport/47.jpg,scan_upright,srb_passport,TRAVEL_DOCUMENT,47,False,False,0,0,0.0,standard_scan,flatbed
scan_upright/images/srb_passport/48.jpg,scan_upright,srb_passport,TRAVEL_DOCUMENT,48,False,False,0,0,0.0,standard_scan,flatbed
scan_upright/images/srb_passport/49.jpg,scan_upright,srb_passport,TRAVEL_DOCUMENT,49,False,False,0,0,0.0,standard_scan,flatbed
scan_upright/images/srb_passport/50.jpg,scan_upright,srb_passport,TRAVEL_DOCUMENT,50,False,False,0,0,0.0,standard_scan,flatbed
scan_upright/images/srb_passport/51.jpg,scan_upright,srb_passport,TRAVEL_DOCUMENT,51,False,False,0,0,0.0,standard_scan,flatbed
scan_upright/images/srb_passport/52.jpg,scan_upright,srb_passport,TRAVEL_DOCUMENT,52,False,False,0,0,0.0,standard_scan,flatbed
scan_upright/images/srb_passport/53.jpg,scan_upright,srb_passport,TRAVEL_DOCUMENT,53,False,False,0,0,0.0,standard_scan,flatbed
scan_upright/images/srb_passport/54.jpg,scan_upright,srb_passport,TRAVEL_DOCUMENT,54,False,False,0,0,0.0,standard_scan,flatbed
scan_upright/images/srb_passport/55.jpg,scan_upright,srb_passport,TRAVEL_DOCUMENT,55,False,False,0,0,0.0,standard_scan,flatbed
scan_upright/images/srb_passport/56.jpg,scan_upright,srb_passport,TRAVEL_DOCUMENT,56,False,False,0,0,0.0,standard_scan,flatbed
scan_upright/images/srb_passport/57.jpg,scan_upright,srb_passport,TRAVEL_DOCUMENT,57,False,False,0,0,0.0,standard_scan,flatbed
scan_upright/images/srb_passport/58.jpg,scan_upright,srb_passport,TRAVEL_DOCUMENT,58,False,False,0,0,0.0,standard_scan,flatbed
scan_upright/images/srb_passport/59.jpg,scan_upright,srb_passport,TRAVEL_DOCUMENT,59,False,False,0,0,0.0,standard_scan,flatbed
scan_upright/images/srb_passport/60.jpg,scan_upright,srb_passport,TRAVEL_DOCUMENT,60,False,False,0,0,0.0,standard_scan,flatbed
scan_upright/images/srb_passport/61.jpg,scan_upright,srb_passport,TRAVEL_DOCUMENT,61,False,False,0,0,0.0,standard_scan,flatbed
scan_upright/images/srb_passport/62.jpg,scan_upright,srb_passport,TRAVEL_DOCUMENT,62,False,False,0,0,0.0,standard_scan,flatbed
scan_upright/images/srb_passport/63.jpg,scan_upright,srb_passport,TRAVEL_DOCUMENT,63,False,False,0,0,0.0,standard_scan,flatbed
scan_upright/images/srb_passport/64.jpg,scan_upright,srb_passport,TRAVEL_DOCUMENT,64,False,False,0,0,0.0,standard_scan,flatbed
scan_upright/images/srb_passport/65.jpg,scan_upright,srb_passport,TRAVEL_DOCUMENT,65,False,False,0,0,0.0,standard_scan,flatbed
scan_upright/images/srb_passport/66.jpg,scan_upright,srb_passport,TRAVEL_DOCUMENT,66,False,False,0,0,0.0,standard_scan,flatbed
scan_upright/images/srb_passport/67.jpg,scan_upright,srb_passport,TRAVEL_DOCUMENT,67,False,False,0,0,0.0,standard_scan,flatbed
scan_upright/images/srb_passport/68.jpg,scan_upright,srb_passport,TRAVEL_DOCUMENT,68,False,False,0,0,0.0,standard_scan,flatbed
scan_upright/images/srb_passport/69.jpg,scan_upright,srb_passport,TRAVEL_DOCUMENT,69,False,False,0,0,0.0,standard_scan,flatbed
scan_upright/images/srb_passport/70.jpg,scan_upright,srb_passport,TRAVEL_DOCUMENT,70,False,False,0,0,0.0,standard_scan,flatbed
scan_upright/images/srb_passport/71.jpg,scan_upright,srb_passport,TRAVEL_DOCUMENT,71,False,False,0,0,0.0,standard_scan,flatbed
scan_upright/images/srb_passport/72.jpg,scan_upright,srb_passport,TRAVEL_DOCUMENT,72,False,False,0,0,0.0,standard_scan,flatbed
scan_upright/images/srb_passport/73.jpg,scan_upright,srb_passport,TRAVEL_DOCUMENT,73,False,False,0,0,0.0,standard_scan,flatbed
scan_upright/images/srb_passport/74.jpg,scan_upright,srb_passport,TRAVEL_DOCUMENT,74,False,False,0,0,0.0,standard_scan,flatbed
scan_upright/images/srb_passport/75.jpg,scan_upright,srb_passport,TRAVEL_DOCUMENT,75,False,False,0,0,0.0,standard_scan,flatbed
scan_upright/images/srb_passport/76.jpg,scan_upright,srb_passport,TRAVEL_DOCUMENT,76,False,False,0,0,0.0,standard_scan,flatbed
scan_upright/images/srb_passport/77.jpg,scan_upright,srb_passport,TRAVEL_DOCUMENT,77,False,False,0,0,0.0,standard_scan,flatbed
scan_upright/images/srb_passport/78.jpg,scan_upright,srb_passport,TRAVEL_DOCUMENT,78,False,False,0,0,0.0,standard_scan,flatbed
scan_upright/images/srb_passport/79.jpg,scan_upright,srb_passport,TRAVEL_DOCUMENT,79,False,False,0,0,0.0,standard_scan,flatbed
scan_upright/images/srb_passport/80.jpg,scan_upright,srb_passport,TRAVEL_DOCUMENT,80,False,False,0,0,0.0,standard_scan,flatbed
scan_upright/images/srb_passport/81.jpg,scan_upright,srb_passport,TRAVEL_DOCUMENT,81,False,False,0,0,0.0,standard_scan,flatbed
scan_upright/images/srb_passport/82.jpg,scan_upright,srb_passport,TRAVEL_DOCUMENT,82,False,False,0,0,0.0,standard_scan,flatbed
scan_upright/images/srb_passport/83.jpg,scan_upright,srb_passport,TRAVEL_DOCUMENT,83,False,False,0,0,0.0,standard_scan,flatbed
scan_upright/images/srb_passport/84.jpg,scan_upright,srb_passport,TRAVEL_DOCUMENT,84,False,False,0,0,0.0,standard_scan,flatbed
scan_upright/images/srb_passport/85.jpg,scan_upright,srb_passport,TRAVEL_DOCUMENT,85,False,False,0,0,0.0,standard_scan,flatbed
scan_upright/images/srb_passport/86.jpg,scan_upright,srb_passport,TRAVEL_DOCUMENT,86,False,False,0,0,0.0,standard_scan,flatbed
scan_upright/images/srb_passport/87.jpg,scan_upright,srb_passport,TRAVEL_DOCUMENT,87,False,False,0,0,0.0,standard_scan,flatbed
scan_upright/images/srb_passport/88.jpg,scan_upright,srb_passport,TRAVEL_DOCUMENT,88,False,False,0,0,0.0,standard_scan,flatbed
scan_upright/images/srb_passport/89.jpg,scan_upright,srb_passport,TRAVEL_DOCUMENT,89,False,False,0,0,0.0,standard_scan,flatbed
scan_upright/images/srb_passport/90.jpg,scan_upright,srb_passport,TRAVEL_DOCUMENT,90,False,False,0,0,0.0,standard_scan,flatbed
scan_upright/images/srb_passport/91.jpg,scan_upright,srb_passport,TRAVEL_DOCUMENT,91,False,False,0,0,0.0,standard_scan,flatbed
scan_upright/images/srb_passport/92.jpg,scan_upright,srb_passport,TRAVEL_DOCUMENT,92,False,False,0,0,0.0,standard_scan,flatbed
scan_upright/images/srb_passport/93.jpg,scan_upright,srb_passport,TRAVEL_DOCUMENT,93,False,False,0,0,0.0,standard_scan,flatbed
scan_upright/images/srb_passport/94.jpg,scan_upright,srb_passport,TRAVEL_DOCUMENT,94,False,False,0,0,0.0,standard_scan,flatbed
scan_upright/images/srb_passport/95.jpg,scan_upright,srb_passport,TRAVEL_DOCUMENT,95,False,False,0,0,0.0,standard_scan,flatbed
scan_upright/images/srb_passport/96.jpg,scan_upright,srb_passport,TRAVEL_DOCUMENT,96,False,False,0,0,0.0,standard_scan,flatbed
scan_upright/images/srb_passport/97.jpg,scan_upright,srb_passport,TRAVEL_DOCUMENT,97,False,False,0,0,0.0,standard_scan,flatbed
scan_upright/images/srb_passport/98.jpg,scan_upright,srb_passport,TRAVEL_DOCUMENT,98,False,False,0,0,0.0,standard_scan,flatbed
scan_upright/images/srb_passport/99.jpg,scan_upright,srb_passport,TRAVEL_DOCUMENT,99,False,False,0,0,0.0,standard_scan,flatbed
scan_upright/images/svk_id/00.jpg,scan_upright,svk_id,NATIONAL_ID,00,False,False,0,0,0.0,standard_scan,flatbed
scan_upright/images/svk_id/01.jpg,scan_upright,svk_id,NATIONAL_ID,01,False,False,0,0,0.0,standard_scan,flatbed
scan_upright/images/svk_id/02.jpg,scan_upright,svk_id,NATIONAL_ID,02,False,False,0,0,0.0,standard_scan,flatbed
scan_upright/images/svk_id/03.jpg,scan_upright,svk_id,NATIONAL_ID,03,False,False,0,0,0.0,standard_scan,flatbed
scan_upright/images/svk_id/04.jpg,scan_upright,svk_id,NATIONAL_ID,04,False,False,0,0,0.0,standard_scan,flatbed
scan_upright/images/svk_id/05.jpg,scan_upright,svk_id,NATIONAL_ID,05,False,False,0,0,0.0,standard_scan,flatbed
scan_upright/images/svk_id/06.jpg,scan_upright,svk_id,NATIONAL_ID,06,False,False,0,0,0.0,standard_scan,flatbed
scan_upright/images/svk_id/07.jpg,scan_upright,svk_id,NATIONAL_ID,07,False,False,0,0,0.0,standard_scan,flatbed
scan_upright/images/svk_id/08.jpg,scan_upright,svk_id,NATIONAL_ID,08,False,False,0,0,0.0,standard_scan,flatbed
scan_upright/images/svk_id/09.jpg,scan_upright,svk_id,NATIONAL_ID,09,False,False,0,0,0.0,standard_scan,flatbed
scan_upright/images/svk_id/10.jpg,scan_upright,svk_id,NATIONAL_ID,10,False,False,0,0,0.0,standard_scan,flatbed
scan_upright/images/svk_id/11.jpg,scan_upright,svk_id,NATIONAL_ID,11,False,False,0,0,0.0,standard_scan,flatbed
scan_upright/images/svk_id/12.jpg,scan_upright,svk_id,NATIONAL_ID,12,False,False,0,0,0.0,standard_scan,flatbed
scan_upright/images/svk_id/13.jpg,scan_upright,svk_id,NATIONAL_ID,13,False,False,0,0,0.0,standard_scan,flatbed
scan_upright/images/svk_id/14.jpg,scan_upright,svk_id,NATIONAL_ID,14,False,False,0,0,0.0,standard_scan,flatbed
scan_upright/images/svk_id/15.jpg,scan_upright,svk_id,NATIONAL_ID,15,False,False,0,0,0.0,standard_scan,flatbed
scan_upright/images/svk_id/16.jpg,scan_upright,svk_id,NATIONAL_ID,16,False,False,0,0,0.0,standard_scan,flatbed
scan_upright/images/svk_id/17.jpg,scan_upright,svk_id,NATIONAL_ID,17,False,False,0,0,0.0,standard_scan,flatbed
scan_upright/images/svk_id/18.jpg,scan_upright,svk_id,NATIONAL_ID,18,False,False,0,0,0.0,standard_scan,flatbed
scan_upright/images/svk_id/19.jpg,scan_upright,svk_id,NATIONAL_ID,19,False,False,0,0,0.0,standard_scan,flatbed
scan_upright/images/svk_id/20.jpg,scan_upright,svk_id,NATIONAL_ID,20,False,False,0,0,0.0,standard_scan,flatbed
scan_upright/images/svk_id/21.jpg,scan_upright,svk_id,NATIONAL_ID,21,False,False,0,0,0.0,standard_scan,flatbed
scan_upright/images/svk_id/22.jpg,scan_upright,svk_id,NATIONAL_ID,22,False,False,0,0,0.0,standard_scan,flatbed
scan_upright/images/svk_id/23.jpg,scan_upright,svk_id,NATIONAL_ID,23,False,False,0,0,0.0,standard_scan,flatbed
scan_upright/images/svk_id/24.jpg,scan_upright,svk_id,NATIONAL_ID,24,False,False,0,0,0.0,standard_scan,flatbed
scan_upright/images/svk_id/25.jpg,scan_upright,svk_id,NATIONAL_ID,25,False,False,0,0,0.0,standard_scan,flatbed
scan_upright/images/svk_id/26.jpg,scan_upright,svk_id,NATIONAL_ID,26,False,False,0,0,0.0,standard_scan,flatbed
scan_upright/images/svk_id/27.jpg,scan_upright,svk_id,NATIONAL_ID,27,False,False,0,0,0.0,standard_scan,flatbed
scan_upright/images/svk_id/28.jpg,scan_upright,svk_id,NATIONAL_ID,28,False,False,0,0,0.0,standard_scan,flatbed
scan_upright/images/svk_id/29.jpg,scan_upright,svk_id,NATIONAL_ID,29,False,False,0,0,0.0,standard_scan,flatbed
scan_upright/images/svk_id/30.jpg,scan_upright,svk_id,NATIONAL_ID,30,False,False,0,0,0.0,standard_scan,flatbed
scan_upright/images/svk_id/31.jpg,scan_upright,svk_id,NATIONAL_ID,31,False,False,0,0,0.0,standard_scan,flatbed
scan_upright/images/svk_id/32.jpg,scan_upright,svk_id,NATIONAL_ID,32,False,False,0,0,0.0,standard_scan,flatbed
scan_upright/images/svk_id/33.jpg,scan_upright,svk_id,NATIONAL_ID,33,False,False,0,0,0.0,standard_scan,flatbed
scan_upright/images/svk_id/34.jpg,scan_upright,svk_id,NATIONAL_ID,34,False,False,0,0,0.0,standard_scan,flatbed
scan_upright/images/svk_id/35.jpg,scan_upright,svk_id,NATIONAL_ID,35,False,False,0,0,0.0,standard_scan,flatbed
scan_upright/images/svk_id/36.jpg,scan_upright,svk_id,NATIONAL_ID,36,False,False,0,0,0.0,standard_scan,flatbed
scan_upright/images/svk_id/37.jpg,scan_upright,svk_id,NATIONAL_ID,37,False,False,0,0,0.0,standard_scan,flatbed
scan_upright/images/svk_id/38.jpg,scan_upright,svk_id,NATIONAL_ID,38,False,False,0,0,0.0,standard_scan,flatbed
scan_upright/images/svk_id/39.jpg,scan_upright,svk_id,NATIONAL_ID,39,False,False,0,0,0.0,standard_scan,flatbed
scan_upright/images/svk_id/40.jpg,scan_upright,svk_id,NATIONAL_ID,40,False,False,0,0,0.0,standard_scan,flatbed
scan_upright/images/svk_id/41.jpg,scan_upright,svk_id,NATIONAL_ID,41,False,False,0,0,0.0,standard_scan,flatbed
scan_upright/images/svk_id/42.jpg,scan_upright,svk_id,NATIONAL_ID,42,False,False,0,0,0.0,standard_scan,flatbed
scan_upright/images/svk_id/43.jpg,scan_upright,svk_id,NATIONAL_ID,43,False,False,0,0,0.0,standard_scan,flatbed
scan_upright/images/svk_id/44.jpg,scan_upright,svk_id,NATIONAL_ID,44,False,False,0,0,0.0,standard_scan,flatbed
scan_upright/images/svk_id/45.jpg,scan_upright,svk_id,NATIONAL_ID,45,False,False,0,0,0.0,standard_scan,flatbed
scan_upright/images/svk_id/46.jpg,scan_upright,svk_id,NATIONAL_ID,46,False,False,0,0,0.0,standard_scan,flatbed
scan_upright/images/svk_id/47.jpg,scan_upright,svk_id,NATIONAL_ID,47,False,False,0,0,0.0,standard_scan,flatbed
scan_upright/images/svk_id/48.jpg,scan_upright,svk_id,NATIONAL_ID,48,False,False,0,0,0.0,standard_scan,flatbed
scan_upright/images/svk_id/49.jpg,scan_upright,svk_id,NATIONAL_ID,49,False,False,0,0,0.0,standard_scan,flatbed
scan_upright/images/svk_id/50.jpg,scan_upright,svk_id,NATIONAL_ID,50,False,False,0,0,0.0,standard_scan,flatbed
scan_upright/images/svk_id/51.jpg,scan_upright,svk_id,NATIONAL_ID,51,False,False,0,0,0.0,standard_scan,flatbed
scan_upright/images/svk_id/52.jpg,scan_upright,svk_id,NATIONAL_ID,52,False,False,0,0,0.0,standard_scan,flatbed
scan_upright/images/svk_id/53.jpg,scan_upright,svk_id,NATIONAL_ID,53,False,False,0,0,0.0,standard_scan,flatbed
scan_upright/images/svk_id/54.jpg,scan_upright,svk_id,NATIONAL_ID,54,False,False,0,0,0.0,standard_scan,flatbed
scan_upright/images/svk_id/55.jpg,scan_upright,svk_id,NATIONAL_ID,55,False,False,0,0,0.0,standard_scan,flatbed
scan_upright/images/svk_id/56.jpg,scan_upright,svk_id,NATIONAL_ID,56,False,False,0,0,0.0,standard_scan,flatbed
scan_upright/images/svk_id/57.jpg,scan_upright,svk_id,NATIONAL_ID,57,False,False,0,0,0.0,standard_scan,flatbed
scan_upright/images/svk_id/58.jpg,scan_upright,svk_id,NATIONAL_ID,58,False,False,0,0,0.0,standard_scan,flatbed
scan_upright/images/svk_id/59.jpg,scan_upright,svk_id,NATIONAL_ID,59,False,False,0,0,0.0,standard_scan,flatbed
scan_upright/images/svk_id/60.jpg,scan_upright,svk_id,NATIONAL_ID,60,False,False,0,0,0.0,standard_scan,flatbed
scan_upright/images/svk_id/61.jpg,scan_upright,svk_id,NATIONAL_ID,61,False,False,0,0,0.0,standard_scan,flatbed
scan_upright/images/svk_id/62.jpg,scan_upright,svk_id,NATIONAL_ID,62,False,False,0,0,0.0,standard_scan,flatbed
scan_upright/images/svk_id/63.jpg,scan_upright,svk_id,NATIONAL_ID,63,False,False,0,0,0.0,standard_scan,flatbed
scan_upright/images/svk_id/64.jpg,scan_upright,svk_id,NATIONAL_ID,64,False,False,0,0,0.0,standard_scan,flatbed
scan_upright/images/svk_id/65.jpg,scan_upright,svk_id,NATIONAL_ID,65,False,False,0,0,0.0,standard_scan,flatbed
scan_upright/images/svk_id/66.jpg,scan_upright,svk_id,NATIONAL_ID,66,False,False,0,0,0.0,standard_scan,flatbed
scan_upright/images/svk_id/67.jpg,scan_upright,svk_id,NATIONAL_ID,67,False,False,0,0,0.0,standard_scan,flatbed
scan_upright/images/svk_id/68.jpg,scan_upright,svk_id,NATIONAL_ID,68,False,False,0,0,0.0,standard_scan,flatbed
scan_upright/images/svk_id/69.jpg,scan_upright,svk_id,NATIONAL_ID,69,False,False,0,0,0.0,standard_scan,flatbed
scan_upright/images/svk_id/70.jpg,scan_upright,svk_id,NATIONAL_ID,70,False,False,0,0,0.0,standard_scan,flatbed
scan_upright/images/svk_id/71.jpg,scan_upright,svk_id,NATIONAL_ID,71,False,False,0,0,0.0,standard_scan,flatbed
scan_upright/images/svk_id/72.jpg,scan_upright,svk_id,NATIONAL_ID,72,False,False,0,0,0.0,standard_scan,flatbed
scan_upright/images/svk_id/73.jpg,scan_upright,svk_id,NATIONAL_ID,73,False,False,0,0,0.0,standard_scan,flatbed
scan_upright/images/svk_id/74.jpg,scan_upright,svk_id,NATIONAL_ID,74,False,False,0,0,0.0,standard_scan,flatbed
scan_upright/images/svk_id/75.jpg,scan_upright,svk_id,NATIONAL_ID,75,False,False,0,0,0.0,standard_scan,flatbed
scan_upright/images/svk_id/76.jpg,scan_upright,svk_id,NATIONAL_ID,76,False,False,0,0,0.0,standard_scan,flatbed
scan_upright/images/svk_id/77.jpg,scan_upright,svk_id,NATIONAL_ID,77,False,False,0,0,0.0,standard_scan,flatbed
scan_upright/images/svk_id/78.jpg,scan_upright,svk_id,NATIONAL_ID,78,False,False,0,0,0.0,standard_scan,flatbed
scan_upright/images/svk_id/79.jpg,scan_upright,svk_id,NATIONAL_ID,79,False,False,0,0,0.0,standard_scan,flatbed
scan_upright/images/svk_id/80.jpg,scan_upright,svk_id,NATIONAL_ID,80,False,False,0,0,0.0,standard_scan,flatbed
scan_upright/images/svk_id/81.jpg,scan_upright,svk_id,NATIONAL_ID,81,False,False,0,0,0.0,standard_scan,flatbed
scan_upright/images/svk_id/82.jpg,scan_upright,svk_id,NATIONAL_ID,82,False,False,0,0,0.0,standard_scan,flatbed
scan_upright/images/svk_id/83.jpg,scan_upright,svk_id,NATIONAL_ID,83,False,False,0,0,0.0,standard_scan,flatbed
scan_upright/images/svk_id/84.jpg,scan_upright,svk_id,NATIONAL_ID,84,False,False,0,0,0.0,standard_scan,flatbed
scan_upright/images/svk_id/85.jpg,scan_upright,svk_id,NATIONAL_ID,85,False,False,0,0,0.0,standard_scan,flatbed
scan_upright/images/svk_id/86.jpg,scan_upright,svk_id,NATIONAL_ID,86,False,False,0,0,0.0,standard_scan,flatbed
scan_upright/images/svk_id/87.jpg,scan_upright,svk_id,NATIONAL_ID,87,False,False,0,0,0.0,standard_scan,flatbed
scan_upright/images/svk_id/88.jpg,scan_upright,svk_id,NATIONAL_ID,88,False,False,0,0,0.0,standard_scan,flatbed
scan_upright/images/svk_id/89.jpg,scan_upright,svk_id,NATIONAL_ID,89,False,False,0,0,0.0,standard_scan,flatbed
scan_upright/images/svk_id/90.jpg,scan_upright,svk_id,NATIONAL_ID,90,False,False,0,0,0.0,standard_scan,flatbed
scan_upright/images/svk_id/91.jpg,scan_upright,svk_id,NATIONAL_ID,91,False,False,0,0,0.0,standard_scan,flatbed
scan_upright/images/svk_id/92.jpg,scan_upright,svk_id,NATIONAL_ID,92,False,False,0,0,0.0,standard_scan,flatbed
scan_upright/images/svk_id/93.jpg,scan_upright,svk_id,NATIONAL_ID,93,False,False,0,0,0.0,standard_scan,flatbed
scan_upright/images/svk_id/94.jpg,scan_upright,svk_id,NATIONAL_ID,94,False,False,0,0,0.0,standard_scan,flatbed
scan_upright/images/svk_id/95.jpg,scan_upright,svk_id,NATIONAL_ID,95,False,False,0,0,0.0,standard_scan,flatbed
scan_upright/images/svk_id/96.jpg,scan_upright,svk_id,NATIONAL_ID,96,False,False,0,0,0.0,standard_scan,flatbed
scan_upright/images/svk_id/97.jpg,scan_upright,svk_id,NATIONAL_ID,97,False,False,0,0,0.0,standard_scan,flatbed
scan_upright/images/svk_id/98.jpg,scan_upright,svk_id,NATIONAL_ID,98,False,False,0,0,0.0,standard_scan,flatbed
scan_upright/images/svk_id/99.jpg,scan_upright,svk_id,NATIONAL_ID,99,False,False,0,0,0.0,standard_scan,flatbed
templates/images/alb_id/00.jpg,templates,alb_id,NATIONAL_ID,00,True,False,0,11,1.0,standard_scan,flatbed
templates/images/alb_id/01.jpg,templates,alb_id,NATIONAL_ID,01,True,False,0,11,1.0,standard_scan,flatbed
templates/images/alb_id/02.jpg,templates,alb_id,NATIONAL_ID,02,True,False,0,11,1.0,standard_scan,flatbed
templates/images/alb_id/03.jpg,templates,alb_id,NATIONAL_ID,03,True,False,0,11,1.0,standard_scan,flatbed
templates/images/alb_id/04.jpg,templates,alb_id,NATIONAL_ID,04,True,False,0,11,1.0,standard_scan,flatbed
templates/images/alb_id/05.jpg,templates,alb_id,NATIONAL_ID,05,True,False,0,11,1.0,standard_scan,flatbed
templates/images/alb_id/06.jpg,templates,alb_id,NATIONAL_ID,06,True,False,0,11,1.0,standard_scan,flatbed
templates/images/alb_id/07.jpg,templates,alb_id,NATIONAL_ID,07,True,False,0,11,1.0,standard_scan,flatbed
templates/images/alb_id/08.jpg,templates,alb_id,NATIONAL_ID,08,True,False,0,11,1.0,standard_scan,flatbed
templates/images/alb_id/09.jpg,templates,alb_id,NATIONAL_ID,09,True,False,0,11,1.0,standard_scan,flatbed
templates/images/alb_id/10.jpg,templates,alb_id,NATIONAL_ID,10,True,False,0,11,1.0,standard_scan,flatbed
templates/images/alb_id/11.jpg,templates,alb_id,NATIONAL_ID,11,True,False,0,11,1.0,standard_scan,flatbed
templates/images/alb_id/12.jpg,templates,alb_id,NATIONAL_ID,12,True,False,0,11,1.0,standard_scan,flatbed
templates/images/alb_id/13.jpg,templates,alb_id,NATIONAL_ID,13,True,False,0,11,1.0,standard_scan,flatbed
templates/images/alb_id/14.jpg,templates,alb_id,NATIONAL_ID,14,True,False,0,11,1.0,standard_scan,flatbed
templates/images/alb_id/15.jpg,templates,alb_id,NATIONAL_ID,15,True,False,0,11,1.0,standard_scan,flatbed
templates/images/alb_id/16.jpg,templates,alb_id,NATIONAL_ID,16,True,False,0,11,1.0,standard_scan,flatbed
templates/images/alb_id/17.jpg,templates,alb_id,NATIONAL_ID,17,True,False,0,11,1.0,standard_scan,flatbed
templates/images/alb_id/18.jpg,templates,alb_id,NATIONAL_ID,18,True,False,0,11,1.0,standard_scan,flatbed
templates/images/alb_id/19.jpg,templates,alb_id,NATIONAL_ID,19,True,False,0,11,1.0,standard_scan,flatbed
templates/images/alb_id/20.jpg,templates,alb_id,NATIONAL_ID,20,True,False,0,11,1.0,standard_scan,flatbed
templates/images/alb_id/21.jpg,templates,alb_id,NATIONAL_ID,21,True,False,0,11,1.0,standard_scan,flatbed
templates/images/alb_id/22.jpg,templates,alb_id,NATIONAL_ID,22,True,False,0,11,1.0,standard_scan,flatbed
templates/images/alb_id/23.jpg,templates,alb_id,NATIONAL_ID,23,True,False,0,11,1.0,standard_scan,flatbed
templates/images/alb_id/24.jpg,templates,alb_id,NATIONAL_ID,24,True,False,0,11,1.0,standard_scan,flatbed
templates/images/alb_id/25.jpg,templates,alb_id,NATIONAL_ID,25,True,False,0,11,1.0,standard_scan,flatbed
templates/images/alb_id/26.jpg,templates,alb_id,NATIONAL_ID,26,True,False,0,11,1.0,standard_scan,flatbed
templates/images/alb_id/27.jpg,templates,alb_id,NATIONAL_ID,27,True,False,0,11,1.0,standard_scan,flatbed
templates/images/alb_id/28.jpg,templates,alb_id,NATIONAL_ID,28,True,False,0,11,1.0,standard_scan,flatbed
templates/images/alb_id/29.jpg,templates,alb_id,NATIONAL_ID,29,True,False,0,11,1.0,standard_scan,flatbed
templates/images/alb_id/30.jpg,templates,alb_id,NATIONAL_ID,30,True,False,0,11,1.0,standard_scan,flatbed
templates/images/alb_id/31.jpg,templates,alb_id,NATIONAL_ID,31,True,False,0,11,1.0,standard_scan,flatbed
templates/images/alb_id/32.jpg,templates,alb_id,NATIONAL_ID,32,True,False,0,11,1.0,standard_scan,flatbed
templates/images/alb_id/33.jpg,templates,alb_id,NATIONAL_ID,33,True,False,0,11,1.0,standard_scan,flatbed
templates/images/alb_id/34.jpg,templates,alb_id,NATIONAL_ID,34,True,False,0,11,1.0,standard_scan,flatbed
templates/images/alb_id/35.jpg,templates,alb_id,NATIONAL_ID,35,True,False,0,11,1.0,standard_scan,flatbed
templates/images/alb_id/36.jpg,templates,alb_id,NATIONAL_ID,36,True,False,0,11,1.0,standard_scan,flatbed
templates/images/alb_id/37.jpg,templates,alb_id,NATIONAL_ID,37,True,False,0,11,1.0,standard_scan,flatbed
templates/images/alb_id/38.jpg,templates,alb_id,NATIONAL_ID,38,True,False,0,11,1.0,standard_scan,flatbed
templates/images/alb_id/39.jpg,templates,alb_id,NATIONAL_ID,39,True,False,0,11,1.0,standard_scan,flatbed
templates/images/alb_id/40.jpg,templates,alb_id,NATIONAL_ID,40,True,False,0,11,1.0,standard_scan,flatbed
templates/images/alb_id/41.jpg,templates,alb_id,NATIONAL_ID,41,True,False,0,11,1.0,standard_scan,flatbed
templates/images/alb_id/42.jpg,templates,alb_id,NATIONAL_ID,42,True,False,0,11,1.0,standard_scan,flatbed
templates/images/alb_id/43.jpg,templates,alb_id,NATIONAL_ID,43,True,False,0,11,1.0,standard_scan,flatbed
templates/images/alb_id/44.jpg,templates,alb_id,NATIONAL_ID,44,True,False,0,11,1.0,standard_scan,flatbed
templates/images/alb_id/45.jpg,templates,alb_id,NATIONAL_ID,45,True,False,0,11,1.0,standard_scan,flatbed
templates/images/alb_id/46.jpg,templates,alb_id,NATIONAL_ID,46,True,False,0,11,1.0,standard_scan,flatbed
templates/images/alb_id/47.jpg,templates,alb_id,NATIONAL_ID,47,True,False,0,11,1.0,standard_scan,flatbed
templates/images/alb_id/48.jpg,templates,alb_id,NATIONAL_ID,48,True,False,0,11,1.0,standard_scan,flatbed
templates/images/alb_id/49.jpg,templates,alb_id,NATIONAL_ID,49,True,False,0,11,1.0,standard_scan,flatbed
templates/images/alb_id/50.jpg,templates,alb_id,NATIONAL_ID,50,True,False,0,11,1.0,standard_scan,flatbed
templates/images/alb_id/51.jpg,templates,alb_id,NATIONAL_ID,51,True,False,0,11,1.0,standard_scan,flatbed
templates/images/alb_id/52.jpg,templates,alb_id,NATIONAL_ID,52,True,False,0,11,1.0,standard_scan,flatbed
templates/images/alb_id/53.jpg,templates,alb_id,NATIONAL_ID,53,True,False,0,11,1.0,standard_scan,flatbed
templates/images/alb_id/54.jpg,templates,alb_id,NATIONAL_ID,54,True,False,0,11,1.0,standard_scan,flatbed
templates/images/alb_id/55.jpg,templates,alb_id,NATIONAL_ID,55,True,False,0,11,1.0,standard_scan,flatbed
templates/images/alb_id/56.jpg,templates,alb_id,NATIONAL_ID,56,True,False,0,11,1.0,standard_scan,flatbed
templates/images/alb_id/57.jpg,templates,alb_id,NATIONAL_ID,57,True,False,0,11,1.0,standard_scan,flatbed
templates/images/alb_id/58.jpg,templates,alb_id,NATIONAL_ID,58,True,False,0,11,1.0,standard_scan,flatbed
templates/images/alb_id/59.jpg,templates,alb_id,NATIONAL_ID,59,True,False,0,11,1.0,standard_scan,flatbed
templates/images/alb_id/60.jpg,templates,alb_id,NATIONAL_ID,60,True,False,0,11,1.0,standard_scan,flatbed
templates/images/alb_id/61.jpg,templates,alb_id,NATIONAL_ID,61,True,False,0,11,1.0,standard_scan,flatbed
templates/images/alb_id/62.jpg,templates,alb_id,NATIONAL_ID,62,True,False,0,11,1.0,standard_scan,flatbed
templates/images/alb_id/63.jpg,templates,alb_id,NATIONAL_ID,63,True,False,0,11,1.0,standard_scan,flatbed
templates/images/alb_id/64.jpg,templates,alb_id,NATIONAL_ID,64,True,False,0,11,1.0,standard_scan,flatbed
templates/images/alb_id/65.jpg,templates,alb_id,NATIONAL_ID,65,True,False,0,11,1.0,standard_scan,flatbed
templates/images/alb_id/66.jpg,templates,alb_id,NATIONAL_ID,66,True,False,0,11,1.0,standard_scan,flatbed
templates/images/alb_id/67.jpg,templates,alb_id,NATIONAL_ID,67,True,False,0,11,1.0,standard_scan,flatbed
templates/images/alb_id/68.jpg,templates,alb_id,NATIONAL_ID,68,True,False,0,11,1.0,standard_scan,flatbed
templates/images/alb_id/69.jpg,templates,alb_id,NATIONAL_ID,69,True,False,0,11,1.0,standard_scan,flatbed
templates/images/alb_id/70.jpg,templates,alb_id,NATIONAL_ID,70,True,False,0,11,1.0,standard_scan,flatbed
templates/images/alb_id/71.jpg,templates,alb_id,NATIONAL_ID,71,True,False,0,11,1.0,standard_scan,flatbed
templates/images/alb_id/72.jpg,templates,alb_id,NATIONAL_ID,72,True,False,0,11,1.0,standard_scan,flatbed
templates/images/alb_id/73.jpg,templates,alb_id,NATIONAL_ID,73,True,False,0,11,1.0,standard_scan,flatbed
templates/images/alb_id/74.jpg,templates,alb_id,NATIONAL_ID,74,True,False,0,11,1.0,standard_scan,flatbed
templates/images/alb_id/75.jpg,templates,alb_id,NATIONAL_ID,75,True,False,0,11,1.0,standard_scan,flatbed
templates/images/alb_id/76.jpg,templates,alb_id,NATIONAL_ID,76,True,False,0,11,1.0,standard_scan,flatbed
templates/images/alb_id/77.jpg,templates,alb_id,NATIONAL_ID,77,True,False,0,11,1.0,standard_scan,flatbed
templates/images/alb_id/78.jpg,templates,alb_id,NATIONAL_ID,78,True,False,0,11,1.0,standard_scan,flatbed
templates/images/alb_id/79.jpg,templates,alb_id,NATIONAL_ID,79,True,False,0,11,1.0,standard_scan,flatbed
templates/images/alb_id/80.jpg,templates,alb_id,NATIONAL_ID,80,True,False,0,11,1.0,standard_scan,flatbed
templates/images/alb_id/81.jpg,templates,alb_id,NATIONAL_ID,81,True,False,0,11,1.0,standard_scan,flatbed
templates/images/alb_id/82.jpg,templates,alb_id,NATIONAL_ID,82,True,False,0,11,1.0,standard_scan,flatbed
templates/images/alb_id/83.jpg,templates,alb_id,NATIONAL_ID,83,True,False,0,11,1.0,standard_scan,flatbed
templates/images/alb_id/84.jpg,templates,alb_id,NATIONAL_ID,84,True,False,0,11,1.0,standard_scan,flatbed
templates/images/alb_id/85.jpg,templates,alb_id,NATIONAL_ID,85,True,False,0,11,1.0,standard_scan,flatbed
templates/images/alb_id/86.jpg,templates,alb_id,NATIONAL_ID,86,True,False,0,11,1.0,standard_scan,flatbed
templates/images/alb_id/87.jpg,templates,alb_id,NATIONAL_ID,87,True,False,0,11,1.0,standard_scan,flatbed
templates/images/alb_id/88.jpg,templates,alb_id,NATIONAL_ID,88,True,False,0,11,1.0,standard_scan,flatbed
templates/images/alb_id/89.jpg,templates,alb_id,NATIONAL_ID,89,True,False,0,11,1.0,standard_scan,flatbed
templates/images/alb_id/90.jpg,templates,alb_id,NATIONAL_ID,90,True,False,0,11,1.0,standard_scan,flatbed
templates/images/alb_id/91.jpg,templates,alb_id,NATIONAL_ID,91,True,False,0,11,1.0,standard_scan,flatbed
templates/images/alb_id/92.jpg,templates,alb_id,NATIONAL_ID,92,True,False,0,11,1.0,standard_scan,flatbed
templates/images/alb_id/93.jpg,templates,alb_id,NATIONAL_ID,93,True,False,0,11,1.0,standard_scan,flatbed
templates/images/alb_id/94.jpg,templates,alb_id,NATIONAL_ID,94,True,False,0,11,1.0,standard_scan,flatbed
templates/images/alb_id/95.jpg,templates,alb_id,NATIONAL_ID,95,True,False,0,11,1.0,standard_scan,flatbed
templates/images/alb_id/96.jpg,templates,alb_id,NATIONAL_ID,96,True,False,0,11,1.0,standard_scan,flatbed
templates/images/alb_id/97.jpg,templates,alb_id,NATIONAL_ID,97,True,False,0,11,1.0,standard_scan,flatbed
templates/images/alb_id/98.jpg,templates,alb_id,NATIONAL_ID,98,True,False,0,11,1.0,standard_scan,flatbed
templates/images/alb_id/99.jpg,templates,alb_id,NATIONAL_ID,99,True,False,0,11,1.0,standard_scan,flatbed
templates/images/aze_passport/00.jpg,templates,aze_passport,TRAVEL_DOCUMENT,00,True,False,0,19,1.0,standard_scan,flatbed
templates/images/aze_passport/01.jpg,templates,aze_passport,TRAVEL_DOCUMENT,01,True,False,0,19,1.0,standard_scan,flatbed
templates/images/aze_passport/02.jpg,templates,aze_passport,TRAVEL_DOCUMENT,02,True,False,0,19,1.0,standard_scan,flatbed
templates/images/aze_passport/03.jpg,templates,aze_passport,TRAVEL_DOCUMENT,03,True,False,0,19,1.0,standard_scan,flatbed
templates/images/aze_passport/04.jpg,templates,aze_passport,TRAVEL_DOCUMENT,04,True,False,0,19,1.0,standard_scan,flatbed
templates/images/aze_passport/05.jpg,templates,aze_passport,TRAVEL_DOCUMENT,05,True,False,0,19,1.0,standard_scan,flatbed
templates/images/aze_passport/06.jpg,templates,aze_passport,TRAVEL_DOCUMENT,06,True,False,0,19,1.0,standard_scan,flatbed
templates/images/aze_passport/07.jpg,templates,aze_passport,TRAVEL_DOCUMENT,07,True,True,0,19,1.0,standard_scan,flatbed
templates/images/aze_passport/08.jpg,templates,aze_passport,TRAVEL_DOCUMENT,08,True,True,0,19,1.0,standard_scan,flatbed
templates/images/aze_passport/09.jpg,templates,aze_passport,TRAVEL_DOCUMENT,09,True,True,0,19,1.0,standard_scan,flatbed
templates/images/aze_passport/10.jpg,templates,aze_passport,TRAVEL_DOCUMENT,10,True,True,0,19,1.0,standard_scan,flatbed
templates/images/aze_passport/11.jpg,templates,aze_passport,TRAVEL_DOCUMENT,11,True,True,0,19,1.0,standard_scan,flatbed
templates/images/aze_passport/12.jpg,templates,aze_passport,TRAVEL_DOCUMENT,12,True,False,0,19,1.0,standard_scan,flatbed
templates/images/aze_passport/13.jpg,templates,aze_passport,TRAVEL_DOCUMENT,13,True,False,0,19,1.0,standard_scan,flatbed
templates/images/aze_passport/14.jpg,templates,aze_passport,TRAVEL_DOCUMENT,14,True,True,0,19,1.0,standard_scan,flatbed
templates/images/aze_passport/15.jpg,templates,aze_passport,TRAVEL_DOCUMENT,15,True,True,0,19,1.0,standard_scan,flatbed
templates/images/aze_passport/16.jpg,templates,aze_passport,TRAVEL_DOCUMENT,16,True,False,0,19,1.0,standard_scan,flatbed
templates/images/aze_passport/17.jpg,templates,aze_passport,TRAVEL_DOCUMENT,17,True,False,0,19,1.0,standard_scan,flatbed
templates/images/aze_passport/18.jpg,templates,aze_passport,TRAVEL_DOCUMENT,18,True,True,0,19,1.0,standard_scan,flatbed
templates/images/aze_passport/19.jpg,templates,aze_passport,TRAVEL_DOCUMENT,19,True,False,0,19,1.0,standard_scan,flatbed
templates/images/aze_passport/20.jpg,templates,aze_passport,TRAVEL_DOCUMENT,20,True,False,0,19,1.0,standard_scan,flatbed
templates/images/aze_passport/21.jpg,templates,aze_passport,TRAVEL_DOCUMENT,21,True,False,0,19,1.0,standard_scan,flatbed
templates/images/aze_passport/22.jpg,templates,aze_passport,TRAVEL_DOCUMENT,22,True,True,0,19,1.0,standard_scan,flatbed
templates/images/aze_passport/23.jpg,templates,aze_passport,TRAVEL_DOCUMENT,23,True,False,0,19,1.0,standard_scan,flatbed
templates/images/aze_passport/24.jpg,templates,aze_passport,TRAVEL_DOCUMENT,24,True,False,0,19,1.0,standard_scan,flatbed
templates/images/aze_passport/25.jpg,templates,aze_passport,TRAVEL_DOCUMENT,25,True,False,0,19,1.0,standard_scan,flatbed
templates/images/aze_passport/26.jpg,templates,aze_passport,TRAVEL_DOCUMENT,26,True,False,0,19,1.0,standard_scan,flatbed
templates/images/aze_passport/27.jpg,templates,aze_passport,TRAVEL_DOCUMENT,27,True,False,0,19,1.0,standard_scan,flatbed
templates/images/aze_passport/28.jpg,templates,aze_passport,TRAVEL_DOCUMENT,28,True,False,0,19,1.0,standard_scan,flatbed
templates/images/aze_passport/29.jpg,templates,aze_passport,TRAVEL_DOCUMENT,29,True,False,0,19,1.0,standard_scan,flatbed
templates/images/aze_passport/30.jpg,templates,aze_passport,TRAVEL_DOCUMENT,30,True,True,0,19,1.0,standard_scan,flatbed
templates/images/aze_passport/31.jpg,templates,aze_passport,TRAVEL_DOCUMENT,31,True,True,0,19,1.0,standard_scan,flatbed
templates/images/aze_passport/32.jpg,templates,aze_passport,TRAVEL_DOCUMENT,32,True,True,0,19,1.0,standard_scan,flatbed
templates/images/aze_passport/33.jpg,templates,aze_passport,TRAVEL_DOCUMENT,33,True,True,0,19,1.0,standard_scan,flatbed
templates/images/aze_passport/34.jpg,templates,aze_passport,TRAVEL_DOCUMENT,34,True,False,0,19,1.0,standard_scan,flatbed
templates/images/aze_passport/35.jpg,templates,aze_passport,TRAVEL_DOCUMENT,35,True,False,0,19,1.0,standard_scan,flatbed
templates/images/aze_passport/36.jpg,templates,aze_passport,TRAVEL_DOCUMENT,36,True,True,0,19,1.0,standard_scan,flatbed
templates/images/aze_passport/37.jpg,templates,aze_passport,TRAVEL_DOCUMENT,37,True,True,0,19,1.0,standard_scan,flatbed
templates/images/aze_passport/38.jpg,templates,aze_passport,TRAVEL_DOCUMENT,38,True,False,0,19,1.0,standard_scan,flatbed
templates/images/aze_passport/39.jpg,templates,aze_passport,TRAVEL_DOCUMENT,39,True,False,0,19,1.0,standard_scan,flatbed
templates/images/aze_passport/40.jpg,templates,aze_passport,TRAVEL_DOCUMENT,40,True,False,0,19,1.0,standard_scan,flatbed
templates/images/aze_passport/41.jpg,templates,aze_passport,TRAVEL_DOCUMENT,41,True,False,0,19,1.0,standard_scan,flatbed
templates/images/aze_passport/42.jpg,templates,aze_passport,TRAVEL_DOCUMENT,42,True,True,0,19,1.0,standard_scan,flatbed
templates/images/aze_passport/43.jpg,templates,aze_passport,TRAVEL_DOCUMENT,43,True,False,0,19,1.0,standard_scan,flatbed
templates/images/aze_passport/44.jpg,templates,aze_passport,TRAVEL_DOCUMENT,44,True,False,0,19,1.0,standard_scan,flatbed
templates/images/aze_passport/45.jpg,templates,aze_passport,TRAVEL_DOCUMENT,45,True,False,0,19,1.0,standard_scan,flatbed
templates/images/aze_passport/46.jpg,templates,aze_passport,TRAVEL_DOCUMENT,46,True,True,0,19,1.0,standard_scan,flatbed
templates/images/aze_passport/47.jpg,templates,aze_passport,TRAVEL_DOCUMENT,47,True,False,0,19,1.0,standard_scan,flatbed
templates/images/aze_passport/48.jpg,templates,aze_passport,TRAVEL_DOCUMENT,48,True,False,0,19,1.0,standard_scan,flatbed
templates/images/aze_passport/49.jpg,templates,aze_passport,TRAVEL_DOCUMENT,49,True,True,0,19,1.0,standard_scan,flatbed
templates/images/aze_passport/50.jpg,templates,aze_passport,TRAVEL_DOCUMENT,50,True,False,0,19,1.0,standard_scan,flatbed
templates/images/aze_passport/51.jpg,templates,aze_passport,TRAVEL_DOCUMENT,51,True,False,0,19,1.0,standard_scan,flatbed
templates/images/aze_passport/52.jpg,templates,aze_passport,TRAVEL_DOCUMENT,52,True,True,0,19,1.0,standard_scan,flatbed
templates/images/aze_passport/53.jpg,templates,aze_passport,TRAVEL_DOCUMENT,53,True,False,0,19,1.0,standard_scan,flatbed
templates/images/aze_passport/54.jpg,templates,aze_passport,TRAVEL_DOCUMENT,54,True,True,0,19,1.0,standard_scan,flatbed
templates/images/aze_passport/55.jpg,templates,aze_passport,TRAVEL_DOCUMENT,55,True,False,0,19,1.0,standard_scan,flatbed
templates/images/aze_passport/56.jpg,templates,aze_passport,TRAVEL_DOCUMENT,56,True,True,0,19,1.0,standard_scan,flatbed
templates/images/aze_passport/57.jpg,templates,aze_passport,TRAVEL_DOCUMENT,57,True,False,0,19,1.0,standard_scan,flatbed
templates/images/aze_passport/58.jpg,templates,aze_passport,TRAVEL_DOCUMENT,58,True,True,0,19,1.0,standard_scan,flatbed
templates/images/aze_passport/59.jpg,templates,aze_passport,TRAVEL_DOCUMENT,59,True,True,0,19,1.0,standard_scan,flatbed
templates/images/aze_passport/60.jpg,templates,aze_passport,TRAVEL_DOCUMENT,60,True,True,0,19,1.0,standard_scan,flatbed
templates/images/aze_passport/61.jpg,templates,aze_passport,TRAVEL_DOCUMENT,61,True,True,0,19,1.0,standard_scan,flatbed
templates/images/aze_passport/62.jpg,templates,aze_passport,TRAVEL_DOCUMENT,62,True,False,0,19,1.0,standard_scan,flatbed
templates/images/aze_passport/63.jpg,templates,aze_passport,TRAVEL_DOCUMENT,63,True,True,0,19,1.0,standard_scan,flatbed
templates/images/aze_passport/64.jpg,templates,aze_passport,TRAVEL_DOCUMENT,64,True,True,0,19,1.0,standard_scan,flatbed
templates/images/aze_passport/65.jpg,templates,aze_passport,TRAVEL_DOCUMENT,65,True,False,0,19,1.0,standard_scan,flatbed
templates/images/aze_passport/66.jpg,templates,aze_passport,TRAVEL_DOCUMENT,66,True,False,0,19,1.0,standard_scan,flatbed
templates/images/aze_passport/67.jpg,templates,aze_passport,TRAVEL_DOCUMENT,67,True,False,0,19,1.0,standard_scan,flatbed
templates/images/aze_passport/68.jpg,templates,aze_passport,TRAVEL_DOCUMENT,68,True,True,0,19,1.0,standard_scan,flatbed
templates/images/aze_passport/69.jpg,templates,aze_passport,TRAVEL_DOCUMENT,69,True,False,0,19,1.0,standard_scan,flatbed
templates/images/aze_passport/70.jpg,templates,aze_passport,TRAVEL_DOCUMENT,70,True,True,0,19,1.0,standard_scan,flatbed
templates/images/aze_passport/71.jpg,templates,aze_passport,TRAVEL_DOCUMENT,71,True,True,0,19,1.0,standard_scan,flatbed
templates/images/aze_passport/72.jpg,templates,aze_passport,TRAVEL_DOCUMENT,72,True,True,0,19,1.0,standard_scan,flatbed
templates/images/aze_passport/73.jpg,templates,aze_passport,TRAVEL_DOCUMENT,73,True,False,0,19,1.0,standard_scan,flatbed
templates/images/aze_passport/74.jpg,templates,aze_passport,TRAVEL_DOCUMENT,74,True,False,0,19,1.0,standard_scan,flatbed
templates/images/aze_passport/75.jpg,templates,aze_passport,TRAVEL_DOCUMENT,75,True,False,0,19,1.0,standard_scan,flatbed
templates/images/aze_passport/76.jpg,templates,aze_passport,TRAVEL_DOCUMENT,76,True,False,0,19,1.0,standard_scan,flatbed
templates/images/aze_passport/77.jpg,templates,aze_passport,TRAVEL_DOCUMENT,77,True,True,0,19,1.0,standard_scan,flatbed
templates/images/aze_passport/78.jpg,templates,aze_passport,TRAVEL_DOCUMENT,78,True,True,0,19,1.0,standard_scan,flatbed
templates/images/aze_passport/79.jpg,templates,aze_passport,TRAVEL_DOCUMENT,79,True,False,0,19,1.0,standard_scan,flatbed
templates/images/aze_passport/80.jpg,templates,aze_passport,TRAVEL_DOCUMENT,80,True,True,0,19,1.0,standard_scan,flatbed
templates/images/aze_passport/81.jpg,templates,aze_passport,TRAVEL_DOCUMENT,81,True,False,0,19,1.0,standard_scan,flatbed
templates/images/aze_passport/82.jpg,templates,aze_passport,TRAVEL_DOCUMENT,82,True,False,0,19,1.0,standard_scan,flatbed
templates/images/aze_passport/83.jpg,templates,aze_passport,TRAVEL_DOCUMENT,83,True,True,0,19,1.0,standard_scan,flatbed
templates/images/aze_passport/84.jpg,templates,aze_passport,TRAVEL_DOCUMENT,84,True,True,0,19,1.0,standard_scan,flatbed
templates/images/aze_passport/85.jpg,templates,aze_passport,TRAVEL_DOCUMENT,85,True,False,0,19,1.0,standard_scan,flatbed
templates/images/aze_passport/86.jpg,templates,aze_passport,TRAVEL_DOCUMENT,86,True,True,0,19,1.0,standard_scan,flatbed
templates/images/aze_passport/87.jpg,templates,aze_passport,TRAVEL_DOCUMENT,87,True,True,0,19,1.0,standard_scan,flatbed
templates/images/aze_passport/88.jpg,templates,aze_passport,TRAVEL_DOCUMENT,88,True,False,0,19,1.0,standard_scan,flatbed
templates/images/aze_passport/89.jpg,templates,aze_passport,TRAVEL_DOCUMENT,89,True,False,0,19,1.0,standard_scan,flatbed
templates/images/aze_passport/90.jpg,templates,aze_passport,TRAVEL_DOCUMENT,90,True,True,0,19,1.0,standard_scan,flatbed
templates/images/aze_passport/91.jpg,templates,aze_passport,TRAVEL_DOCUMENT,91,True,True,0,19,1.0,standard_scan,flatbed
templates/images/aze_passport/92.jpg,templates,aze_passport,TRAVEL_DOCUMENT,92,True,False,0,19,1.0,standard_scan,flatbed
templates/images/aze_passport/93.jpg,templates,aze_passport,TRAVEL_DOCUMENT,93,True,True,0,19,1.0,standard_scan,flatbed
templates/images/aze_passport/94.jpg,templates,aze_passport,TRAVEL_DOCUMENT,94,True,True,0,19,1.0,standard_scan,flatbed
templates/images/aze_passport/95.jpg,templates,aze_passport,TRAVEL_DOCUMENT,95,True,True,0,19,1.0,standard_scan,flatbed
templates/images/aze_passport/96.jpg,templates,aze_passport,TRAVEL_DOCUMENT,96,True,False,0,19,1.0,standard_scan,flatbed
templates/images/aze_passport/97.jpg,templates,aze_passport,TRAVEL_DOCUMENT,97,True,False,0,19,1.0,standard_scan,flatbed
templates/images/aze_passport/98.jpg,templates,aze_passport,TRAVEL_DOCUMENT,98,True,False,0,19,1.0,standard_scan,flatbed
templates/images/aze_passport/99.jpg,templates,aze_passport,TRAVEL_DOCUMENT,99,True,True,0,19,1.0,standard_scan,flatbed
templates/images/esp_id/00.jpg,templates,esp_id,NATIONAL_ID,00,True,False,0,11,1.0,standard_scan,flatbed
templates/images/esp_id/01.jpg,templates,esp_id,NATIONAL_ID,01,True,False,0,11,1.0,standard_scan,flatbed
templates/images/esp_id/02.jpg,templates,esp_id,NATIONAL_ID,02,True,False,0,11,1.0,standard_scan,flatbed
templates/images/esp_id/03.jpg,templates,esp_id,NATIONAL_ID,03,True,False,0,11,1.0,standard_scan,flatbed
templates/images/esp_id/04.jpg,templates,esp_id,NATIONAL_ID,04,True,False,0,11,1.0,standard_scan,flatbed
templates/images/esp_id/05.jpg,templates,esp_id,NATIONAL_ID,05,True,False,0,11,1.0,standard_scan,flatbed
templates/images/esp_id/06.jpg,templates,esp_id,NATIONAL_ID,06,True,False,0,11,1.0,standard_scan,flatbed
templates/images/esp_id/07.jpg,templates,esp_id,NATIONAL_ID,07,True,False,0,11,1.0,standard_scan,flatbed
templates/images/esp_id/08.jpg,templates,esp_id,NATIONAL_ID,08,True,False,0,11,1.0,standard_scan,flatbed
templates/images/esp_id/09.jpg,templates,esp_id,NATIONAL_ID,09,True,False,0,11,1.0,standard_scan,flatbed
templates/images/esp_id/10.jpg,templates,esp_id,NATIONAL_ID,10,True,False,0,11,1.0,standard_scan,flatbed
templates/images/esp_id/11.jpg,templates,esp_id,NATIONAL_ID,11,True,False,0,11,1.0,standard_scan,flatbed
templates/images/esp_id/12.jpg,templates,esp_id,NATIONAL_ID,12,True,False,0,11,1.0,standard_scan,flatbed
templates/images/esp_id/13.jpg,templates,esp_id,NATIONAL_ID,13,True,False,0,11,1.0,standard_scan,flatbed
templates/images/esp_id/14.jpg,templates,esp_id,NATIONAL_ID,14,True,False,0,11,1.0,standard_scan,flatbed
templates/images/esp_id/15.jpg,templates,esp_id,NATIONAL_ID,15,True,False,0,11,1.0,standard_scan,flatbed
templates/images/esp_id/16.jpg,templates,esp_id,NATIONAL_ID,16,True,False,0,11,1.0,standard_scan,flatbed
templates/images/esp_id/17.jpg,templates,esp_id,NATIONAL_ID,17,True,False,0,11,1.0,standard_scan,flatbed
templates/images/esp_id/18.jpg,templates,esp_id,NATIONAL_ID,18,True,False,0,11,1.0,standard_scan,flatbed
templates/images/esp_id/19.jpg,templates,esp_id,NATIONAL_ID,19,True,False,0,11,1.0,standard_scan,flatbed
templates/images/esp_id/20.jpg,templates,esp_id,NATIONAL_ID,20,True,False,0,11,1.0,standard_scan,flatbed
templates/images/esp_id/21.jpg,templates,esp_id,NATIONAL_ID,21,True,False,0,11,1.0,standard_scan,flatbed
templates/images/esp_id/22.jpg,templates,esp_id,NATIONAL_ID,22,True,False,0,11,1.0,standard_scan,flatbed
templates/images/esp_id/23.jpg,templates,esp_id,NATIONAL_ID,23,True,False,0,11,1.0,standard_scan,flatbed
templates/images/esp_id/24.jpg,templates,esp_id,NATIONAL_ID,24,True,False,0,11,1.0,standard_scan,flatbed
templates/images/esp_id/25.jpg,templates,esp_id,NATIONAL_ID,25,True,False,0,11,1.0,standard_scan,flatbed
templates/images/esp_id/26.jpg,templates,esp_id,NATIONAL_ID,26,True,False,0,11,1.0,standard_scan,flatbed
templates/images/esp_id/27.jpg,templates,esp_id,NATIONAL_ID,27,True,False,0,11,1.0,standard_scan,flatbed
templates/images/esp_id/28.jpg,templates,esp_id,NATIONAL_ID,28,True,False,0,11,1.0,standard_scan,flatbed
templates/images/esp_id/29.jpg,templates,esp_id,NATIONAL_ID,29,True,False,0,11,1.0,standard_scan,flatbed
templates/images/esp_id/30.jpg,templates,esp_id,NATIONAL_ID,30,True,False,0,11,1.0,standard_scan,flatbed
templates/images/esp_id/31.jpg,templates,esp_id,NATIONAL_ID,31,True,False,0,11,1.0,standard_scan,flatbed
templates/images/esp_id/32.jpg,templates,esp_id,NATIONAL_ID,32,True,False,0,11,1.0,standard_scan,flatbed
templates/images/esp_id/33.jpg,templates,esp_id,NATIONAL_ID,33,True,False,0,11,1.0,standard_scan,flatbed
templates/images/esp_id/34.jpg,templates,esp_id,NATIONAL_ID,34,True,False,0,11,1.0,standard_scan,flatbed
templates/images/esp_id/35.jpg,templates,esp_id,NATIONAL_ID,35,True,False,0,11,1.0,standard_scan,flatbed
templates/images/esp_id/36.jpg,templates,esp_id,NATIONAL_ID,36,True,False,0,11,1.0,standard_scan,flatbed
templates/images/esp_id/37.jpg,templates,esp_id,NATIONAL_ID,37,True,False,0,11,1.0,standard_scan,flatbed
templates/images/esp_id/38.jpg,templates,esp_id,NATIONAL_ID,38,True,False,0,11,1.0,standard_scan,flatbed
templates/images/esp_id/39.jpg,templates,esp_id,NATIONAL_ID,39,True,False,0,11,1.0,standard_scan,flatbed
templates/images/esp_id/40.jpg,templates,esp_id,NATIONAL_ID,40,True,False,0,11,1.0,standard_scan,flatbed
templates/images/esp_id/41.jpg,templates,esp_id,NATIONAL_ID,41,True,False,0,11,1.0,standard_scan,flatbed
templates/images/esp_id/42.jpg,templates,esp_id,NATIONAL_ID,42,True,False,0,11,1.0,standard_scan,flatbed
templates/images/esp_id/43.jpg,templates,esp_id,NATIONAL_ID,43,True,False,0,11,1.0,standard_scan,flatbed
templates/images/esp_id/44.jpg,templates,esp_id,NATIONAL_ID,44,True,False,0,11,1.0,standard_scan,flatbed
templates/images/esp_id/45.jpg,templates,esp_id,NATIONAL_ID,45,True,False,0,11,1.0,standard_scan,flatbed
templates/images/esp_id/46.jpg,templates,esp_id,NATIONAL_ID,46,True,False,0,11,1.0,standard_scan,flatbed
templates/images/esp_id/47.jpg,templates,esp_id,NATIONAL_ID,47,True,False,0,11,1.0,standard_scan,flatbed
templates/images/esp_id/48.jpg,templates,esp_id,NATIONAL_ID,48,True,False,0,11,1.0,standard_scan,flatbed
templates/images/esp_id/49.jpg,templates,esp_id,NATIONAL_ID,49,True,False,0,11,1.0,standard_scan,flatbed
templates/images/esp_id/50.jpg,templates,esp_id,NATIONAL_ID,50,True,False,0,11,1.0,standard_scan,flatbed
templates/images/esp_id/51.jpg,templates,esp_id,NATIONAL_ID,51,True,False,0,11,1.0,standard_scan,flatbed
templates/images/esp_id/52.jpg,templates,esp_id,NATIONAL_ID,52,True,False,0,11,1.0,standard_scan,flatbed
templates/images/esp_id/53.jpg,templates,esp_id,NATIONAL_ID,53,True,False,0,11,1.0,standard_scan,flatbed
templates/images/esp_id/54.jpg,templates,esp_id,NATIONAL_ID,54,True,False,0,11,1.0,standard_scan,flatbed
templates/images/esp_id/55.jpg,templates,esp_id,NATIONAL_ID,55,True,False,0,11,1.0,standard_scan,flatbed
templates/images/esp_id/56.jpg,templates,esp_id,NATIONAL_ID,56,True,False,0,11,1.0,standard_scan,flatbed
templates/images/esp_id/57.jpg,templates,esp_id,NATIONAL_ID,57,True,False,0,11,1.0,standard_scan,flatbed
templates/images/esp_id/58.jpg,templates,esp_id,NATIONAL_ID,58,True,False,0,11,1.0,standard_scan,flatbed
templates/images/esp_id/59.jpg,templates,esp_id,NATIONAL_ID,59,True,False,0,11,1.0,standard_scan,flatbed
templates/images/esp_id/60.jpg,templates,esp_id,NATIONAL_ID,60,True,False,0,11,1.0,standard_scan,flatbed
templates/images/esp_id/61.jpg,templates,esp_id,NATIONAL_ID,61,True,False,0,11,1.0,standard_scan,flatbed
templates/images/esp_id/62.jpg,templates,esp_id,NATIONAL_ID,62,True,False,0,11,1.0,standard_scan,flatbed
templates/images/esp_id/63.jpg,templates,esp_id,NATIONAL_ID,63,True,False,0,11,1.0,standard_scan,flatbed
templates/images/esp_id/64.jpg,templates,esp_id,NATIONAL_ID,64,True,False,0,11,1.0,standard_scan,flatbed
templates/images/esp_id/65.jpg,templates,esp_id,NATIONAL_ID,65,True,False,0,11,1.0,standard_scan,flatbed
templates/images/esp_id/66.jpg,templates,esp_id,NATIONAL_ID,66,True,False,0,11,1.0,standard_scan,flatbed
templates/images/esp_id/67.jpg,templates,esp_id,NATIONAL_ID,67,True,False,0,11,1.0,standard_scan,flatbed
templates/images/esp_id/68.jpg,templates,esp_id,NATIONAL_ID,68,True,False,0,11,1.0,standard_scan,flatbed
templates/images/esp_id/69.jpg,templates,esp_id,NATIONAL_ID,69,True,False,0,11,1.0,standard_scan,flatbed
templates/images/esp_id/70.jpg,templates,esp_id,NATIONAL_ID,70,True,False,0,11,1.0,standard_scan,flatbed
templates/images/esp_id/71.jpg,templates,esp_id,NATIONAL_ID,71,True,False,0,11,1.0,standard_scan,flatbed
templates/images/esp_id/72.jpg,templates,esp_id,NATIONAL_ID,72,True,False,0,11,1.0,standard_scan,flatbed
templates/images/esp_id/73.jpg,templates,esp_id,NATIONAL_ID,73,True,False,0,11,1.0,standard_scan,flatbed
templates/images/esp_id/74.jpg,templates,esp_id,NATIONAL_ID,74,True,False,0,11,1.0,standard_scan,flatbed
templates/images/esp_id/75.jpg,templates,esp_id,NATIONAL_ID,75,True,False,0,11,1.0,standard_scan,flatbed
templates/images/esp_id/76.jpg,templates,esp_id,NATIONAL_ID,76,True,False,0,11,1.0,standard_scan,flatbed
templates/images/esp_id/77.jpg,templates,esp_id,NATIONAL_ID,77,True,False,0,11,1.0,standard_scan,flatbed
templates/images/esp_id/78.jpg,templates,esp_id,NATIONAL_ID,78,True,False,0,11,1.0,standard_scan,flatbed
templates/images/esp_id/79.jpg,templates,esp_id,NATIONAL_ID,79,True,False,0,11,1.0,standard_scan,flatbed
templates/images/esp_id/80.jpg,templates,esp_id,NATIONAL_ID,80,True,False,0,11,1.0,standard_scan,flatbed
templates/images/esp_id/81.jpg,templates,esp_id,NATIONAL_ID,81,True,False,0,11,1.0,standard_scan,flatbed
templates/images/esp_id/82.jpg,templates,esp_id,NATIONAL_ID,82,True,False,0,11,1.0,standard_scan,flatbed
templates/images/esp_id/83.jpg,templates,esp_id,NATIONAL_ID,83,True,False,0,11,1.0,standard_scan,flatbed
templates/images/esp_id/84.jpg,templates,esp_id,NATIONAL_ID,84,True,False,0,11,1.0,standard_scan,flatbed
templates/images/esp_id/85.jpg,templates,esp_id,NATIONAL_ID,85,True,False,0,11,1.0,standard_scan,flatbed
templates/images/esp_id/86.jpg,templates,esp_id,NATIONAL_ID,86,True,False,0,11,1.0,standard_scan,flatbed
templates/images/esp_id/87.jpg,templates,esp_id,NATIONAL_ID,87,True,False,0,11,1.0,standard_scan,flatbed
templates/images/esp_id/88.jpg,templates,esp_id,NATIONAL_ID,88,True,False,0,11,1.0,standard_scan,flatbed
templates/images/esp_id/89.jpg,templates,esp_id,NATIONAL_ID,89,True,False,0,11,1.0,standard_scan,flatbed
templates/images/esp_id/90.jpg,templates,esp_id,NATIONAL_ID,90,True,False,0,11,1.0,standard_scan,flatbed
templates/images/esp_id/91.jpg,templates,esp_id,NATIONAL_ID,91,True,False,0,11,1.0,standard_scan,flatbed
templates/images/esp_id/92.jpg,templates,esp_id,NATIONAL_ID,92,True,False,0,11,1.0,standard_scan,flatbed
templates/images/esp_id/93.jpg,templates,esp_id,NATIONAL_ID,93,True,False,0,11,1.0,standard_scan,flatbed
templates/images/esp_id/94.jpg,templates,esp_id,NATIONAL_ID,94,True,False,0,11,1.0,standard_scan,flatbed
templates/images/esp_id/95.jpg,templates,esp_id,NATIONAL_ID,95,True,False,0,11,1.0,standard_scan,flatbed
templates/images/esp_id/96.jpg,templates,esp_id,NATIONAL_ID,96,True,False,0,11,1.0,standard_scan,flatbed
templates/images/esp_id/97.jpg,templates,esp_id,NATIONAL_ID,97,True,False,0,11,1.0,standard_scan,flatbed
templates/images/esp_id/98.jpg,templates,esp_id,NATIONAL_ID,98,True,False,0,11,1.0,standard_scan,flatbed
templates/images/esp_id/99.jpg,templates,esp_id,NATIONAL_ID,99,True,False,0,11,1.0,standard_scan,flatbed
templates/images/est_id/00.jpg,templates,est_id,NATIONAL_ID,00,True,False,0,10,1.0,standard_scan,flatbed
templates/images/est_id/01.jpg,templates,est_id,NATIONAL_ID,01,True,False,0,10,1.0,standard_scan,flatbed
templates/images/est_id/02.jpg,templates,est_id,NATIONAL_ID,02,True,False,0,10,1.0,standard_scan,flatbed
templates/images/est_id/03.jpg,templates,est_id,NATIONAL_ID,03,True,False,0,10,1.0,standard_scan,flatbed
templates/images/est_id/04.jpg,templates,est_id,NATIONAL_ID,04,True,False,0,10,1.0,standard_scan,flatbed
templates/images/est_id/05.jpg,templates,est_id,NATIONAL_ID,05,True,False,0,10,1.0,standard_scan,flatbed
templates/images/est_id/06.jpg,templates,est_id,NATIONAL_ID,06,True,False,0,10,1.0,standard_scan,flatbed
templates/images/est_id/07.jpg,templates,est_id,NATIONAL_ID,07,True,False,0,10,1.0,standard_scan,flatbed
templates/images/est_id/08.jpg,templates,est_id,NATIONAL_ID,08,True,False,0,10,1.0,standard_scan,flatbed
templates/images/est_id/09.jpg,templates,est_id,NATIONAL_ID,09,True,False,0,10,1.0,standard_scan,flatbed
templates/images/est_id/10.jpg,templates,est_id,NATIONAL_ID,10,True,False,0,10,1.0,standard_scan,flatbed
templates/images/est_id/11.jpg,templates,est_id,NATIONAL_ID,11,True,False,0,10,1.0,standard_scan,flatbed
templates/images/est_id/12.jpg,templates,est_id,NATIONAL_ID,12,True,False,0,10,1.0,standard_scan,flatbed
templates/images/est_id/13.jpg,templates,est_id,NATIONAL_ID,13,True,False,0,10,1.0,standard_scan,flatbed
templates/images/est_id/14.jpg,templates,est_id,NATIONAL_ID,14,True,False,0,10,1.0,standard_scan,flatbed
templates/images/est_id/15.jpg,templates,est_id,NATIONAL_ID,15,True,False,0,10,1.0,standard_scan,flatbed
templates/images/est_id/16.jpg,templates,est_id,NATIONAL_ID,16,True,False,0,10,1.0,standard_scan,flatbed
templates/images/est_id/17.jpg,templates,est_id,NATIONAL_ID,17,True,False,0,10,1.0,standard_scan,flatbed
templates/images/est_id/18.jpg,templates,est_id,NATIONAL_ID,18,True,False,0,10,1.0,standard_scan,flatbed
templates/images/est_id/19.jpg,templates,est_id,NATIONAL_ID,19,True,False,0,10,1.0,standard_scan,flatbed
templates/images/est_id/20.jpg,templates,est_id,NATIONAL_ID,20,True,False,0,10,1.0,standard_scan,flatbed
templates/images/est_id/21.jpg,templates,est_id,NATIONAL_ID,21,True,False,0,10,1.0,standard_scan,flatbed
templates/images/est_id/22.jpg,templates,est_id,NATIONAL_ID,22,True,False,0,10,1.0,standard_scan,flatbed
templates/images/est_id/23.jpg,templates,est_id,NATIONAL_ID,23,True,False,0,10,1.0,standard_scan,flatbed
templates/images/est_id/24.jpg,templates,est_id,NATIONAL_ID,24,True,False,0,10,1.0,standard_scan,flatbed
templates/images/est_id/25.jpg,templates,est_id,NATIONAL_ID,25,True,False,0,10,1.0,standard_scan,flatbed
templates/images/est_id/26.jpg,templates,est_id,NATIONAL_ID,26,True,False,0,10,1.0,standard_scan,flatbed
templates/images/est_id/27.jpg,templates,est_id,NATIONAL_ID,27,True,False,0,10,1.0,standard_scan,flatbed
templates/images/est_id/28.jpg,templates,est_id,NATIONAL_ID,28,True,False,0,10,1.0,standard_scan,flatbed
templates/images/est_id/29.jpg,templates,est_id,NATIONAL_ID,29,True,False,0,10,1.0,standard_scan,flatbed
templates/images/est_id/30.jpg,templates,est_id,NATIONAL_ID,30,True,False,0,10,1.0,standard_scan,flatbed
templates/images/est_id/31.jpg,templates,est_id,NATIONAL_ID,31,True,False,0,10,1.0,standard_scan,flatbed
templates/images/est_id/32.jpg,templates,est_id,NATIONAL_ID,32,True,False,0,10,1.0,standard_scan,flatbed
templates/images/est_id/33.jpg,templates,est_id,NATIONAL_ID,33,True,False,0,10,1.0,standard_scan,flatbed
templates/images/est_id/34.jpg,templates,est_id,NATIONAL_ID,34,True,False,0,10,1.0,standard_scan,flatbed
templates/images/est_id/35.jpg,templates,est_id,NATIONAL_ID,35,True,False,0,10,1.0,standard_scan,flatbed
templates/images/est_id/36.jpg,templates,est_id,NATIONAL_ID,36,True,False,0,10,1.0,standard_scan,flatbed
templates/images/est_id/37.jpg,templates,est_id,NATIONAL_ID,37,True,False,0,10,1.0,standard_scan,flatbed
templates/images/est_id/38.jpg,templates,est_id,NATIONAL_ID,38,True,False,0,10,1.0,standard_scan,flatbed
templates/images/est_id/39.jpg,templates,est_id,NATIONAL_ID,39,True,False,0,10,1.0,standard_scan,flatbed
templates/images/est_id/40.jpg,templates,est_id,NATIONAL_ID,40,True,False,0,10,1.0,standard_scan,flatbed
templates/images/est_id/41.jpg,templates,est_id,NATIONAL_ID,41,True,False,0,10,1.0,standard_scan,flatbed
templates/images/est_id/42.jpg,templates,est_id,NATIONAL_ID,42,True,False,0,10,1.0,standard_scan,flatbed
templates/images/est_id/43.jpg,templates,est_id,NATIONAL_ID,43,True,False,0,10,1.0,standard_scan,flatbed
templates/images/est_id/44.jpg,templates,est_id,NATIONAL_ID,44,True,False,0,10,1.0,standard_scan,flatbed
templates/images/est_id/45.jpg,templates,est_id,NATIONAL_ID,45,True,False,0,10,1.0,standard_scan,flatbed
templates/images/est_id/46.jpg,templates,est_id,NATIONAL_ID,46,True,False,0,10,1.0,standard_scan,flatbed
templates/images/est_id/47.jpg,templates,est_id,NATIONAL_ID,47,True,False,0,10,1.0,standard_scan,flatbed
templates/images/est_id/48.jpg,templates,est_id,NATIONAL_ID,48,True,False,0,10,1.0,standard_scan,flatbed
templates/images/est_id/49.jpg,templates,est_id,NATIONAL_ID,49,True,False,0,10,1.0,standard_scan,flatbed
templates/images/est_id/50.jpg,templates,est_id,NATIONAL_ID,50,True,False,0,10,1.0,standard_scan,flatbed
templates/images/est_id/51.jpg,templates,est_id,NATIONAL_ID,51,True,False,0,10,1.0,standard_scan,flatbed
templates/images/est_id/52.jpg,templates,est_id,NATIONAL_ID,52,True,False,0,10,1.0,standard_scan,flatbed
templates/images/est_id/53.jpg,templates,est_id,NATIONAL_ID,53,True,False,0,10,1.0,standard_scan,flatbed
templates/images/est_id/54.jpg,templates,est_id,NATIONAL_ID,54,True,False,0,10,1.0,standard_scan,flatbed
templates/images/est_id/55.jpg,templates,est_id,NATIONAL_ID,55,True,False,0,10,1.0,standard_scan,flatbed
templates/images/est_id/56.jpg,templates,est_id,NATIONAL_ID,56,True,False,0,10,1.0,standard_scan,flatbed
templates/images/est_id/57.jpg,templates,est_id,NATIONAL_ID,57,True,False,0,10,1.0,standard_scan,flatbed
templates/images/est_id/58.jpg,templates,est_id,NATIONAL_ID,58,True,False,0,10,1.0,standard_scan,flatbed
templates/images/est_id/59.jpg,templates,est_id,NATIONAL_ID,59,True,False,0,10,1.0,standard_scan,flatbed
templates/images/est_id/60.jpg,templates,est_id,NATIONAL_ID,60,True,False,0,10,1.0,standard_scan,flatbed
templates/images/est_id/61.jpg,templates,est_id,NATIONAL_ID,61,True,False,0,10,1.0,standard_scan,flatbed
templates/images/est_id/62.jpg,templates,est_id,NATIONAL_ID,62,True,False,0,10,1.0,standard_scan,flatbed
templates/images/est_id/63.jpg,templates,est_id,NATIONAL_ID,63,True,False,0,10,1.0,standard_scan,flatbed
templates/images/est_id/64.jpg,templates,est_id,NATIONAL_ID,64,True,False,0,10,1.0,standard_scan,flatbed
templates/images/est_id/65.jpg,templates,est_id,NATIONAL_ID,65,True,False,0,10,1.0,standard_scan,flatbed
templates/images/est_id/66.jpg,templates,est_id,NATIONAL_ID,66,True,False,0,10,1.0,standard_scan,flatbed
templates/images/est_id/67.jpg,templates,est_id,NATIONAL_ID,67,True,False,0,10,1.0,standard_scan,flatbed
templates/images/est_id/68.jpg,templates,est_id,NATIONAL_ID,68,True,False,0,10,1.0,standard_scan,flatbed
templates/images/est_id/69.jpg,templates,est_id,NATIONAL_ID,69,True,False,0,10,1.0,standard_scan,flatbed
templates/images/est_id/70.jpg,templates,est_id,NATIONAL_ID,70,True,False,0,10,1.0,standard_scan,flatbed
templates/images/est_id/71.jpg,templates,est_id,NATIONAL_ID,71,True,False,0,10,1.0,standard_scan,flatbed
templates/images/est_id/72.jpg,templates,est_id,NATIONAL_ID,72,True,False,0,10,1.0,standard_scan,flatbed
templates/images/est_id/73.jpg,templates,est_id,NATIONAL_ID,73,True,False,0,10,1.0,standard_scan,flatbed
templates/images/est_id/74.jpg,templates,est_id,NATIONAL_ID,74,True,False,0,10,1.0,standard_scan,flatbed
templates/images/est_id/75.jpg,templates,est_id,NATIONAL_ID,75,True,False,0,10,1.0,standard_scan,flatbed
templates/images/est_id/76.jpg,templates,est_id,NATIONAL_ID,76,True,False,0,10,1.0,standard_scan,flatbed
templates/images/est_id/77.jpg,templates,est_id,NATIONAL_ID,77,True,False,0,10,1.0,standard_scan,flatbed
templates/images/est_id/78.jpg,templates,est_id,NATIONAL_ID,78,True,False,0,10,1.0,standard_scan,flatbed
templates/images/est_id/79.jpg,templates,est_id,NATIONAL_ID,79,True,False,0,10,1.0,standard_scan,flatbed
templates/images/est_id/80.jpg,templates,est_id,NATIONAL_ID,80,True,False,0,10,1.0,standard_scan,flatbed
templates/images/est_id/81.jpg,templates,est_id,NATIONAL_ID,81,True,False,0,10,1.0,standard_scan,flatbed
templates/images/est_id/82.jpg,templates,est_id,NATIONAL_ID,82,True,False,0,10,1.0,standard_scan,flatbed
templates/images/est_id/83.jpg,templates,est_id,NATIONAL_ID,83,True,False,0,10,1.0,standard_scan,flatbed
templates/images/est_id/84.jpg,templates,est_id,NATIONAL_ID,84,True,False,0,10,1.0,standard_scan,flatbed
templates/images/est_id/85.jpg,templates,est_id,NATIONAL_ID,85,True,False,0,10,1.0,standard_scan,flatbed
templates/images/est_id/86.jpg,templates,est_id,NATIONAL_ID,86,True,False,0,10,1.0,standard_scan,flatbed
templates/images/est_id/87.jpg,templates,est_id,NATIONAL_ID,87,True,False,0,10,1.0,standard_scan,flatbed
templates/images/est_id/88.jpg,templates,est_id,NATIONAL_ID,88,True,False,0,10,1.0,standard_scan,flatbed
templates/images/est_id/89.jpg,templates,est_id,NATIONAL_ID,89,True,False,0,10,1.0,standard_scan,flatbed
templates/images/est_id/90.jpg,templates,est_id,NATIONAL_ID,90,True,False,0,10,1.0,standard_scan,flatbed
templates/images/est_id/91.jpg,templates,est_id,NATIONAL_ID,91,True,False,0,10,1.0,standard_scan,flatbed
templates/images/est_id/92.jpg,templates,est_id,NATIONAL_ID,92,True,False,0,10,1.0,standard_scan,flatbed
templates/images/est_id/93.jpg,templates,est_id,NATIONAL_ID,93,True,False,0,10,1.0,standard_scan,flatbed
templates/images/est_id/94.jpg,templates,est_id,NATIONAL_ID,94,True,False,0,10,1.0,standard_scan,flatbed
templates/images/est_id/95.jpg,templates,est_id,NATIONAL_ID,95,True,False,0,10,1.0,standard_scan,flatbed
templates/images/est_id/96.jpg,templates,est_id,NATIONAL_ID,96,True,False,0,10,1.0,standard_scan,flatbed
templates/images/est_id/97.jpg,templates,est_id,NATIONAL_ID,97,True,False,0,10,1.0,standard_scan,flatbed
templates/images/est_id/98.jpg,templates,est_id,NATIONAL_ID,98,True,False,0,10,1.0,standard_scan,flatbed
templates/images/est_id/99.jpg,templates,est_id,NATIONAL_ID,99,True,False,0,10,1.0,standard_scan,flatbed
templates/images/fin_id/00.jpg,templates,fin_id,NATIONAL_ID,00,True,False,0,11,1.0,standard_scan,flatbed
templates/images/fin_id/01.jpg,templates,fin_id,NATIONAL_ID,01,True,False,0,11,1.0,standard_scan,flatbed
templates/images/fin_id/02.jpg,templates,fin_id,NATIONAL_ID,02,True,False,0,11,1.0,standard_scan,flatbed
templates/images/fin_id/03.jpg,templates,fin_id,NATIONAL_ID,03,True,False,0,11,1.0,standard_scan,flatbed
templates/images/fin_id/04.jpg,templates,fin_id,NATIONAL_ID,04,True,False,0,11,1.0,standard_scan,flatbed
templates/images/fin_id/05.jpg,templates,fin_id,NATIONAL_ID,05,True,False,0,11,1.0,standard_scan,flatbed
templates/images/fin_id/06.jpg,templates,fin_id,NATIONAL_ID,06,True,False,0,11,1.0,standard_scan,flatbed
templates/images/fin_id/07.jpg,templates,fin_id,NATIONAL_ID,07,True,False,0,11,1.0,standard_scan,flatbed
templates/images/fin_id/08.jpg,templates,fin_id,NATIONAL_ID,08,True,False,0,11,1.0,standard_scan,flatbed
templates/images/fin_id/09.jpg,templates,fin_id,NATIONAL_ID,09,True,False,0,11,1.0,standard_scan,flatbed
templates/images/fin_id/10.jpg,templates,fin_id,NATIONAL_ID,10,True,False,0,11,1.0,standard_scan,flatbed
templates/images/fin_id/11.jpg,templates,fin_id,NATIONAL_ID,11,True,False,0,11,1.0,standard_scan,flatbed
templates/images/fin_id/12.jpg,templates,fin_id,NATIONAL_ID,12,True,False,0,11,1.0,standard_scan,flatbed
templates/images/fin_id/13.jpg,templates,fin_id,NATIONAL_ID,13,True,False,0,11,1.0,standard_scan,flatbed
templates/images/fin_id/14.jpg,templates,fin_id,NATIONAL_ID,14,True,False,0,11,1.0,standard_scan,flatbed
templates/images/fin_id/15.jpg,templates,fin_id,NATIONAL_ID,15,True,False,0,11,1.0,standard_scan,flatbed
templates/images/fin_id/16.jpg,templates,fin_id,NATIONAL_ID,16,True,False,0,11,1.0,standard_scan,flatbed
templates/images/fin_id/17.jpg,templates,fin_id,NATIONAL_ID,17,True,False,0,11,1.0,standard_scan,flatbed
templates/images/fin_id/18.jpg,templates,fin_id,NATIONAL_ID,18,True,False,0,11,1.0,standard_scan,flatbed
templates/images/fin_id/19.jpg,templates,fin_id,NATIONAL_ID,19,True,False,0,11,1.0,standard_scan,flatbed
templates/images/fin_id/20.jpg,templates,fin_id,NATIONAL_ID,20,True,False,0,11,1.0,standard_scan,flatbed
templates/images/fin_id/21.jpg,templates,fin_id,NATIONAL_ID,21,True,False,0,11,1.0,standard_scan,flatbed
templates/images/fin_id/22.jpg,templates,fin_id,NATIONAL_ID,22,True,False,0,11,1.0,standard_scan,flatbed
templates/images/fin_id/23.jpg,templates,fin_id,NATIONAL_ID,23,True,False,0,11,1.0,standard_scan,flatbed
templates/images/fin_id/24.jpg,templates,fin_id,NATIONAL_ID,24,True,False,0,11,1.0,standard_scan,flatbed
templates/images/fin_id/25.jpg,templates,fin_id,NATIONAL_ID,25,True,False,0,11,1.0,standard_scan,flatbed
templates/images/fin_id/26.jpg,templates,fin_id,NATIONAL_ID,26,True,False,0,11,1.0,standard_scan,flatbed
templates/images/fin_id/27.jpg,templates,fin_id,NATIONAL_ID,27,True,False,0,11,1.0,standard_scan,flatbed
templates/images/fin_id/28.jpg,templates,fin_id,NATIONAL_ID,28,True,False,0,11,1.0,standard_scan,flatbed
templates/images/fin_id/29.jpg,templates,fin_id,NATIONAL_ID,29,True,False,0,11,1.0,standard_scan,flatbed
templates/images/fin_id/30.jpg,templates,fin_id,NATIONAL_ID,30,True,False,0,11,1.0,standard_scan,flatbed
templates/images/fin_id/31.jpg,templates,fin_id,NATIONAL_ID,31,True,False,0,11,1.0,standard_scan,flatbed
templates/images/fin_id/32.jpg,templates,fin_id,NATIONAL_ID,32,True,False,0,11,1.0,standard_scan,flatbed
templates/images/fin_id/33.jpg,templates,fin_id,NATIONAL_ID,33,True,False,0,11,1.0,standard_scan,flatbed
templates/images/fin_id/34.jpg,templates,fin_id,NATIONAL_ID,34,True,False,0,11,1.0,standard_scan,flatbed
templates/images/fin_id/35.jpg,templates,fin_id,NATIONAL_ID,35,True,False,0,11,1.0,standard_scan,flatbed
templates/images/fin_id/36.jpg,templates,fin_id,NATIONAL_ID,36,True,False,0,11,1.0,standard_scan,flatbed
templates/images/fin_id/37.jpg,templates,fin_id,NATIONAL_ID,37,True,False,0,11,1.0,standard_scan,flatbed
templates/images/fin_id/38.jpg,templates,fin_id,NATIONAL_ID,38,True,False,0,11,1.0,standard_scan,flatbed
templates/images/fin_id/39.jpg,templates,fin_id,NATIONAL_ID,39,True,False,0,11,1.0,standard_scan,flatbed
templates/images/fin_id/40.jpg,templates,fin_id,NATIONAL_ID,40,True,False,0,11,1.0,standard_scan,flatbed
templates/images/fin_id/41.jpg,templates,fin_id,NATIONAL_ID,41,True,False,0,11,1.0,standard_scan,flatbed
templates/images/fin_id/42.jpg,templates,fin_id,NATIONAL_ID,42,True,False,0,11,1.0,standard_scan,flatbed
templates/images/fin_id/43.jpg,templates,fin_id,NATIONAL_ID,43,True,False,0,11,1.0,standard_scan,flatbed
templates/images/fin_id/44.jpg,templates,fin_id,NATIONAL_ID,44,True,False,0,11,1.0,standard_scan,flatbed
templates/images/fin_id/45.jpg,templates,fin_id,NATIONAL_ID,45,True,False,0,11,1.0,standard_scan,flatbed
templates/images/fin_id/46.jpg,templates,fin_id,NATIONAL_ID,46,True,False,0,11,1.0,standard_scan,flatbed
templates/images/fin_id/47.jpg,templates,fin_id,NATIONAL_ID,47,True,False,0,11,1.0,standard_scan,flatbed
templates/images/fin_id/48.jpg,templates,fin_id,NATIONAL_ID,48,True,False,0,11,1.0,standard_scan,flatbed
templates/images/fin_id/49.jpg,templates,fin_id,NATIONAL_ID,49,True,False,0,11,1.0,standard_scan,flatbed
templates/images/fin_id/50.jpg,templates,fin_id,NATIONAL_ID,50,True,False,0,11,1.0,standard_scan,flatbed
templates/images/fin_id/51.jpg,templates,fin_id,NATIONAL_ID,51,True,False,0,11,1.0,standard_scan,flatbed
templates/images/fin_id/52.jpg,templates,fin_id,NATIONAL_ID,52,True,False,0,11,1.0,standard_scan,flatbed
templates/images/fin_id/53.jpg,templates,fin_id,NATIONAL_ID,53,True,False,0,11,1.0,standard_scan,flatbed
templates/images/fin_id/54.jpg,templates,fin_id,NATIONAL_ID,54,True,False,0,11,1.0,standard_scan,flatbed
templates/images/fin_id/55.jpg,templates,fin_id,NATIONAL_ID,55,True,False,0,11,1.0,standard_scan,flatbed
templates/images/fin_id/56.jpg,templates,fin_id,NATIONAL_ID,56,True,False,0,11,1.0,standard_scan,flatbed
templates/images/fin_id/57.jpg,templates,fin_id,NATIONAL_ID,57,True,False,0,11,1.0,standard_scan,flatbed
templates/images/fin_id/58.jpg,templates,fin_id,NATIONAL_ID,58,True,False,0,11,1.0,standard_scan,flatbed
templates/images/fin_id/59.jpg,templates,fin_id,NATIONAL_ID,59,True,False,0,11,1.0,standard_scan,flatbed
templates/images/fin_id/60.jpg,templates,fin_id,NATIONAL_ID,60,True,False,0,11,1.0,standard_scan,flatbed
templates/images/fin_id/61.jpg,templates,fin_id,NATIONAL_ID,61,True,False,0,11,1.0,standard_scan,flatbed
templates/images/fin_id/62.jpg,templates,fin_id,NATIONAL_ID,62,True,False,0,11,1.0,standard_scan,flatbed
templates/images/fin_id/63.jpg,templates,fin_id,NATIONAL_ID,63,True,False,0,11,1.0,standard_scan,flatbed
templates/images/fin_id/64.jpg,templates,fin_id,NATIONAL_ID,64,True,False,0,11,1.0,standard_scan,flatbed
templates/images/fin_id/65.jpg,templates,fin_id,NATIONAL_ID,65,True,False,0,11,1.0,standard_scan,flatbed
templates/images/fin_id/66.jpg,templates,fin_id,NATIONAL_ID,66,True,False,0,11,1.0,standard_scan,flatbed
templates/images/fin_id/67.jpg,templates,fin_id,NATIONAL_ID,67,True,False,0,11,1.0,standard_scan,flatbed
templates/images/fin_id/68.jpg,templates,fin_id,NATIONAL_ID,68,True,False,0,11,1.0,standard_scan,flatbed
templates/images/fin_id/69.jpg,templates,fin_id,NATIONAL_ID,69,True,False,0,11,1.0,standard_scan,flatbed
templates/images/fin_id/70.jpg,templates,fin_id,NATIONAL_ID,70,True,False,0,11,1.0,standard_scan,flatbed
templates/images/fin_id/71.jpg,templates,fin_id,NATIONAL_ID,71,True,False,0,11,1.0,standard_scan,flatbed
templates/images/fin_id/72.jpg,templates,fin_id,NATIONAL_ID,72,True,False,0,11,1.0,standard_scan,flatbed
templates/images/fin_id/73.jpg,templates,fin_id,NATIONAL_ID,73,True,False,0,11,1.0,standard_scan,flatbed
templates/images/fin_id/74.jpg,templates,fin_id,NATIONAL_ID,74,True,False,0,11,1.0,standard_scan,flatbed
templates/images/fin_id/75.jpg,templates,fin_id,NATIONAL_ID,75,True,False,0,11,1.0,standard_scan,flatbed
templates/images/fin_id/76.jpg,templates,fin_id,NATIONAL_ID,76,True,False,0,11,1.0,standard_scan,flatbed
templates/images/fin_id/77.jpg,templates,fin_id,NATIONAL_ID,77,True,False,0,11,1.0,standard_scan,flatbed
templates/images/fin_id/78.jpg,templates,fin_id,NATIONAL_ID,78,True,False,0,11,1.0,standard_scan,flatbed
templates/images/fin_id/79.jpg,templates,fin_id,NATIONAL_ID,79,True,False,0,11,1.0,standard_scan,flatbed
templates/images/fin_id/80.jpg,templates,fin_id,NATIONAL_ID,80,True,False,0,11,1.0,standard_scan,flatbed
templates/images/fin_id/81.jpg,templates,fin_id,NATIONAL_ID,81,True,False,0,11,1.0,standard_scan,flatbed
templates/images/fin_id/82.jpg,templates,fin_id,NATIONAL_ID,82,True,False,0,11,1.0,standard_scan,flatbed
templates/images/fin_id/83.jpg,templates,fin_id,NATIONAL_ID,83,True,False,0,11,1.0,standard_scan,flatbed
templates/images/fin_id/84.jpg,templates,fin_id,NATIONAL_ID,84,True,False,0,11,1.0,standard_scan,flatbed
templates/images/fin_id/85.jpg,templates,fin_id,NATIONAL_ID,85,True,False,0,11,1.0,standard_scan,flatbed
templates/images/fin_id/86.jpg,templates,fin_id,NATIONAL_ID,86,True,False,0,11,1.0,standard_scan,flatbed
templates/images/fin_id/87.jpg,templates,fin_id,NATIONAL_ID,87,True,False,0,11,1.0,standard_scan,flatbed
templates/images/fin_id/88.jpg,templates,fin_id,NATIONAL_ID,88,True,False,0,11,1.0,standard_scan,flatbed
templates/images/fin_id/89.jpg,templates,fin_id,NATIONAL_ID,89,True,False,0,11,1.0,standard_scan,flatbed
templates/images/fin_id/90.jpg,templates,fin_id,NATIONAL_ID,90,True,False,0,11,1.0,standard_scan,flatbed
templates/images/fin_id/91.jpg,templates,fin_id,NATIONAL_ID,91,True,False,0,11,1.0,standard_scan,flatbed
templates/images/fin_id/92.jpg,templates,fin_id,NATIONAL_ID,92,True,False,0,11,1.0,standard_scan,flatbed
templates/images/fin_id/93.jpg,templates,fin_id,NATIONAL_ID,93,True,False,0,11,1.0,standard_scan,flatbed
templates/images/fin_id/94.jpg,templates,fin_id,NATIONAL_ID,94,True,False,0,11,1.0,standard_scan,flatbed
templates/images/fin_id/95.jpg,templates,fin_id,NATIONAL_ID,95,True,False,0,11,1.0,standard_scan,flatbed
templates/images/fin_id/96.jpg,templates,fin_id,NATIONAL_ID,96,True,False,0,11,1.0,standard_scan,flatbed
templates/images/fin_id/97.jpg,templates,fin_id,NATIONAL_ID,97,True,False,0,11,1.0,standard_scan,flatbed
templates/images/fin_id/98.jpg,templates,fin_id,NATIONAL_ID,98,True,False,0,11,1.0,standard_scan,flatbed
templates/images/fin_id/99.jpg,templates,fin_id,NATIONAL_ID,99,True,False,0,11,1.0,standard_scan,flatbed
templates/images/grc_passport/00.jpg,templates,grc_passport,TRAVEL_DOCUMENT,00,True,True,0,19,0.8421,standard_scan,flatbed
templates/images/grc_passport/01.jpg,templates,grc_passport,TRAVEL_DOCUMENT,01,True,True,0,19,0.8421,standard_scan,flatbed
templates/images/grc_passport/02.jpg,templates,grc_passport,TRAVEL_DOCUMENT,02,True,False,0,19,0.8421,standard_scan,flatbed
templates/images/grc_passport/03.jpg,templates,grc_passport,TRAVEL_DOCUMENT,03,True,True,0,19,0.8421,standard_scan,flatbed
templates/images/grc_passport/04.jpg,templates,grc_passport,TRAVEL_DOCUMENT,04,True,True,0,19,0.8421,standard_scan,flatbed
templates/images/grc_passport/05.jpg,templates,grc_passport,TRAVEL_DOCUMENT,05,True,True,0,19,0.8421,standard_scan,flatbed
templates/images/grc_passport/06.jpg,templates,grc_passport,TRAVEL_DOCUMENT,06,True,False,0,19,0.8421,standard_scan,flatbed
templates/images/grc_passport/07.jpg,templates,grc_passport,TRAVEL_DOCUMENT,07,True,False,0,19,0.8421,standard_scan,flatbed
templates/images/grc_passport/08.jpg,templates,grc_passport,TRAVEL_DOCUMENT,08,True,True,0,19,0.8421,standard_scan,flatbed
templates/images/grc_passport/09.jpg,templates,grc_passport,TRAVEL_DOCUMENT,09,True,True,0,19,0.8421,standard_scan,flatbed
templates/images/grc_passport/10.jpg,templates,grc_passport,TRAVEL_DOCUMENT,10,True,True,0,19,0.8421,standard_scan,flatbed
templates/images/grc_passport/11.jpg,templates,grc_passport,TRAVEL_DOCUMENT,11,True,True,0,19,0.8421,standard_scan,flatbed
templates/images/grc_passport/12.jpg,templates,grc_passport,TRAVEL_DOCUMENT,12,True,False,0,19,0.8421,standard_scan,flatbed
templates/images/grc_passport/13.jpg,templates,grc_passport,TRAVEL_DOCUMENT,13,True,True,0,19,0.8421,standard_scan,flatbed
templates/images/grc_passport/14.jpg,templates,grc_passport,TRAVEL_DOCUMENT,14,True,True,0,19,0.8421,standard_scan,flatbed
templates/images/grc_passport/15.jpg,templates,grc_passport,TRAVEL_DOCUMENT,15,True,True,0,19,0.8421,standard_scan,flatbed
templates/images/grc_passport/16.jpg,templates,grc_passport,TRAVEL_DOCUMENT,16,True,True,0,19,0.8421,standard_scan,flatbed
templates/images/grc_passport/17.jpg,templates,grc_passport,TRAVEL_DOCUMENT,17,True,True,0,19,0.8421,standard_scan,flatbed
templates/images/grc_passport/18.jpg,templates,grc_passport,TRAVEL_DOCUMENT,18,True,True,0,19,0.8421,standard_scan,flatbed
templates/images/grc_passport/19.jpg,templates,grc_passport,TRAVEL_DOCUMENT,19,True,True,0,19,0.8421,standard_scan,flatbed
templates/images/grc_passport/20.jpg,templates,grc_passport,TRAVEL_DOCUMENT,20,True,True,0,19,0.8421,standard_scan,flatbed
templates/images/grc_passport/21.jpg,templates,grc_passport,TRAVEL_DOCUMENT,21,True,True,0,19,0.8421,standard_scan,flatbed
templates/images/grc_passport/22.jpg,templates,grc_passport,TRAVEL_DOCUMENT,22,True,False,0,19,0.8421,standard_scan,flatbed
templates/images/grc_passport/23.jpg,templates,grc_passport,TRAVEL_DOCUMENT,23,True,True,0,19,0.8421,standard_scan,flatbed
templates/images/grc_passport/24.jpg,templates,grc_passport,TRAVEL_DOCUMENT,24,True,True,0,19,0.8421,standard_scan,flatbed
templates/images/grc_passport/25.jpg,templates,grc_passport,TRAVEL_DOCUMENT,25,True,True,0,19,0.8421,standard_scan,flatbed
templates/images/grc_passport/26.jpg,templates,grc_passport,TRAVEL_DOCUMENT,26,True,True,0,19,0.8421,standard_scan,flatbed
templates/images/grc_passport/27.jpg,templates,grc_passport,TRAVEL_DOCUMENT,27,True,True,0,19,0.8421,standard_scan,flatbed
templates/images/grc_passport/28.jpg,templates,grc_passport,TRAVEL_DOCUMENT,28,True,False,0,19,0.8421,standard_scan,flatbed
templates/images/grc_passport/29.jpg,templates,grc_passport,TRAVEL_DOCUMENT,29,True,True,0,19,0.8421,standard_scan,flatbed
templates/images/grc_passport/30.jpg,templates,grc_passport,TRAVEL_DOCUMENT,30,True,True,0,19,0.8421,standard_scan,flatbed
templates/images/grc_passport/31.jpg,templates,grc_passport,TRAVEL_DOCUMENT,31,True,True,0,19,0.8421,standard_scan,flatbed
templates/images/grc_passport/32.jpg,templates,grc_passport,TRAVEL_DOCUMENT,32,True,True,0,19,0.8421,standard_scan,flatbed
templates/images/grc_passport/33.jpg,templates,grc_passport,TRAVEL_DOCUMENT,33,True,True,0,19,0.8421,standard_scan,flatbed
templates/images/grc_passport/34.jpg,templates,grc_passport,TRAVEL_DOCUMENT,34,True,True,0,19,0.8421,standard_scan,flatbed
templates/images/grc_passport/35.jpg,templates,grc_passport,TRAVEL_DOCUMENT,35,True,True,0,19,0.8421,standard_scan,flatbed
templates/images/grc_passport/36.jpg,templates,grc_passport,TRAVEL_DOCUMENT,36,True,True,0,19,0.8421,standard_scan,flatbed
templates/images/grc_passport/37.jpg,templates,grc_passport,TRAVEL_DOCUMENT,37,True,True,0,19,0.8421,standard_scan,flatbed
templates/images/grc_passport/38.jpg,templates,grc_passport,TRAVEL_DOCUMENT,38,True,True,0,19,0.8421,standard_scan,flatbed
templates/images/grc_passport/39.jpg,templates,grc_passport,TRAVEL_DOCUMENT,39,True,True,0,19,0.8421,standard_scan,flatbed
templates/images/grc_passport/40.jpg,templates,grc_passport,TRAVEL_DOCUMENT,40,True,False,0,19,0.8421,standard_scan,flatbed
templates/images/grc_passport/41.jpg,templates,grc_passport,TRAVEL_DOCUMENT,41,True,True,0,19,0.8421,standard_scan,flatbed
templates/images/grc_passport/42.jpg,templates,grc_passport,TRAVEL_DOCUMENT,42,True,True,0,19,0.8421,standard_scan,flatbed
templates/images/grc_passport/43.jpg,templates,grc_passport,TRAVEL_DOCUMENT,43,True,True,0,19,0.8421,standard_scan,flatbed
templates/images/grc_passport/44.jpg,templates,grc_passport,TRAVEL_DOCUMENT,44,True,True,0,19,0.8421,standard_scan,flatbed
templates/images/grc_passport/45.jpg,templates,grc_passport,TRAVEL_DOCUMENT,45,True,False,0,19,0.8421,standard_scan,flatbed
templates/images/grc_passport/46.jpg,templates,grc_passport,TRAVEL_DOCUMENT,46,True,False,0,19,0.8421,standard_scan,flatbed
templates/images/grc_passport/47.jpg,templates,grc_passport,TRAVEL_DOCUMENT,47,True,False,0,19,0.8421,standard_scan,flatbed
templates/images/grc_passport/48.jpg,templates,grc_passport,TRAVEL_DOCUMENT,48,True,True,0,19,0.8421,standard_scan,flatbed
templates/images/grc_passport/49.jpg,templates,grc_passport,TRAVEL_DOCUMENT,49,True,True,0,19,0.8421,standard_scan,flatbed
templates/images/grc_passport/50.jpg,templates,grc_passport,TRAVEL_DOCUMENT,50,True,False,0,19,0.8421,standard_scan,flatbed
templates/images/grc_passport/51.jpg,templates,grc_passport,TRAVEL_DOCUMENT,51,True,True,0,19,0.8421,standard_scan,flatbed
templates/images/grc_passport/52.jpg,templates,grc_passport,TRAVEL_DOCUMENT,52,True,True,0,19,0.8421,standard_scan,flatbed
templates/images/grc_passport/53.jpg,templates,grc_passport,TRAVEL_DOCUMENT,53,True,True,0,19,0.8421,standard_scan,flatbed
templates/images/grc_passport/54.jpg,templates,grc_passport,TRAVEL_DOCUMENT,54,True,True,0,19,0.8421,standard_scan,flatbed
templates/images/grc_passport/55.jpg,templates,grc_passport,TRAVEL_DOCUMENT,55,True,True,0,19,0.8421,standard_scan,flatbed
templates/images/grc_passport/56.jpg,templates,grc_passport,TRAVEL_DOCUMENT,56,True,True,0,19,0.8421,standard_scan,flatbed
templates/images/grc_passport/57.jpg,templates,grc_passport,TRAVEL_DOCUMENT,57,True,True,0,19,0.8421,standard_scan,flatbed
templates/images/grc_passport/58.jpg,templates,grc_passport,TRAVEL_DOCUMENT,58,True,True,0,19,0.8421,standard_scan,flatbed
templates/images/grc_passport/59.jpg,templates,grc_passport,TRAVEL_DOCUMENT,59,True,True,0,19,0.8421,standard_scan,flatbed
templates/images/grc_passport/60.jpg,templates,grc_passport,TRAVEL_DOCUMENT,60,True,False,0,19,0.7895,standard_scan,flatbed
templates/images/grc_passport/61.jpg,templates,grc_passport,TRAVEL_DOCUMENT,61,True,True,0,19,0.8421,standard_scan,flatbed
templates/images/grc_passport/62.jpg,templates,grc_passport,TRAVEL_DOCUMENT,62,True,True,0,19,0.8421,standard_scan,flatbed
templates/images/grc_passport/63.jpg,templates,grc_passport,TRAVEL_DOCUMENT,63,True,False,0,19,0.8421,standard_scan,flatbed
templates/images/grc_passport/64.jpg,templates,grc_passport,TRAVEL_DOCUMENT,64,True,True,0,19,0.8421,standard_scan,flatbed
templates/images/grc_passport/65.jpg,templates,grc_passport,TRAVEL_DOCUMENT,65,True,True,0,19,0.8421,standard_scan,flatbed
templates/images/grc_passport/66.jpg,templates,grc_passport,TRAVEL_DOCUMENT,66,True,True,0,19,0.8421,standard_scan,flatbed
templates/images/grc_passport/67.jpg,templates,grc_passport,TRAVEL_DOCUMENT,67,True,False,0,19,0.8421,standard_scan,flatbed
templates/images/grc_passport/68.jpg,templates,grc_passport,TRAVEL_DOCUMENT,68,True,True,0,19,0.8421,standard_scan,flatbed
templates/images/grc_passport/69.jpg,templates,grc_passport,TRAVEL_DOCUMENT,69,True,False,0,19,0.8421,standard_scan,flatbed
templates/images/grc_passport/70.jpg,templates,grc_passport,TRAVEL_DOCUMENT,70,True,True,0,19,0.8421,standard_scan,flatbed
templates/images/grc_passport/71.jpg,templates,grc_passport,TRAVEL_DOCUMENT,71,True,True,0,19,0.8421,standard_scan,flatbed
templates/images/grc_passport/72.jpg,templates,grc_passport,TRAVEL_DOCUMENT,72,True,True,0,19,0.8421,standard_scan,flatbed
templates/images/grc_passport/73.jpg,templates,grc_passport,TRAVEL_DOCUMENT,73,True,False,0,19,0.8421,standard_scan,flatbed
templates/images/grc_passport/74.jpg,templates,grc_passport,TRAVEL_DOCUMENT,74,True,False,0,19,0.8421,standard_scan,flatbed
templates/images/grc_passport/75.jpg,templates,grc_passport,TRAVEL_DOCUMENT,75,True,True,0,19,0.8421,standard_scan,flatbed
templates/images/grc_passport/76.jpg,templates,grc_passport,TRAVEL_DOCUMENT,76,True,True,0,19,0.8421,standard_scan,flatbed
templates/images/grc_passport/77.jpg,templates,grc_passport,TRAVEL_DOCUMENT,77,True,False,0,19,0.8421,standard_scan,flatbed
templates/images/grc_passport/78.jpg,templates,grc_passport,TRAVEL_DOCUMENT,78,True,True,0,19,0.8421,standard_scan,flatbed
templates/images/grc_passport/79.jpg,templates,grc_passport,TRAVEL_DOCUMENT,79,True,True,0,19,0.8421,standard_scan,flatbed
templates/images/grc_passport/80.jpg,templates,grc_passport,TRAVEL_DOCUMENT,80,True,True,0,19,0.8421,standard_scan,flatbed
templates/images/grc_passport/81.jpg,templates,grc_passport,TRAVEL_DOCUMENT,81,True,True,0,19,0.8421,standard_scan,flatbed
templates/images/grc_passport/82.jpg,templates,grc_passport,TRAVEL_DOCUMENT,82,True,False,0,19,0.8421,standard_scan,flatbed
templates/images/grc_passport/83.jpg,templates,grc_passport,TRAVEL_DOCUMENT,83,True,True,0,19,0.8421,standard_scan,flatbed
templates/images/grc_passport/84.jpg,templates,grc_passport,TRAVEL_DOCUMENT,84,True,True,0,19,0.8421,standard_scan,flatbed
templates/images/grc_passport/85.jpg,templates,grc_passport,TRAVEL_DOCUMENT,85,True,True,0,19,0.8421,standard_scan,flatbed
templates/images/grc_passport/86.jpg,templates,grc_passport,TRAVEL_DOCUMENT,86,True,True,0,19,0.8421,standard_scan,flatbed
templates/images/grc_passport/87.jpg,templates,grc_passport,TRAVEL_DOCUMENT,87,True,True,0,19,0.8421,standard_scan,flatbed
templates/images/grc_passport/88.jpg,templates,grc_passport,TRAVEL_DOCUMENT,88,True,False,0,19,0.8421,standard_scan,flatbed
templates/images/grc_passport/89.jpg,templates,grc_passport,TRAVEL_DOCUMENT,89,True,False,0,19,0.8421,standard_scan,flatbed
templates/images/grc_passport/90.jpg,templates,grc_passport,TRAVEL_DOCUMENT,90,True,False,0,19,0.8421,standard_scan,flatbed
templates/images/grc_passport/91.jpg,templates,grc_passport,TRAVEL_DOCUMENT,91,True,True,0,19,0.8421,standard_scan,flatbed
templates/images/grc_passport/92.jpg,templates,grc_passport,TRAVEL_DOCUMENT,92,True,True,0,19,0.8421,standard_scan,flatbed
templates/images/grc_passport/93.jpg,templates,grc_passport,TRAVEL_DOCUMENT,93,True,True,0,19,0.8421,standard_scan,flatbed
templates/images/grc_passport/94.jpg,templates,grc_passport,TRAVEL_DOCUMENT,94,True,True,0,19,0.8421,standard_scan,flatbed
templates/images/grc_passport/95.jpg,templates,grc_passport,TRAVEL_DOCUMENT,95,True,False,0,19,0.8421,standard_scan,flatbed
templates/images/grc_passport/96.jpg,templates,grc_passport,TRAVEL_DOCUMENT,96,True,True,0,19,0.8421,standard_scan,flatbed
templates/images/grc_passport/97.jpg,templates,grc_passport,TRAVEL_DOCUMENT,97,True,True,0,19,0.8421,standard_scan,flatbed
templates/images/grc_passport/98.jpg,templates,grc_passport,TRAVEL_DOCUMENT,98,True,True,0,19,0.8421,standard_scan,flatbed
templates/images/grc_passport/99.jpg,templates,grc_passport,TRAVEL_DOCUMENT,99,True,True,0,19,0.8421,standard_scan,flatbed
templates/images/lva_passport/00.jpg,templates,lva_passport,TRAVEL_DOCUMENT,00,True,False,0,17,1.0,standard_scan,flatbed
templates/images/lva_passport/01.jpg,templates,lva_passport,TRAVEL_DOCUMENT,01,True,False,0,17,1.0,standard_scan,flatbed
templates/images/lva_passport/02.jpg,templates,lva_passport,TRAVEL_DOCUMENT,02,True,False,0,17,1.0,standard_scan,flatbed
templates/images/lva_passport/03.jpg,templates,lva_passport,TRAVEL_DOCUMENT,03,True,False,0,17,1.0,standard_scan,flatbed
templates/images/lva_passport/04.jpg,templates,lva_passport,TRAVEL_DOCUMENT,04,True,False,0,17,1.0,standard_scan,flatbed
templates/images/lva_passport/05.jpg,templates,lva_passport,TRAVEL_DOCUMENT,05,True,False,0,17,1.0,standard_scan,flatbed
templates/images/lva_passport/06.jpg,templates,lva_passport,TRAVEL_DOCUMENT,06,True,False,0,17,1.0,standard_scan,flatbed
templates/images/lva_passport/07.jpg,templates,lva_passport,TRAVEL_DOCUMENT,07,True,False,0,17,1.0,standard_scan,flatbed
templates/images/lva_passport/08.jpg,templates,lva_passport,TRAVEL_DOCUMENT,08,True,False,0,17,1.0,standard_scan,flatbed
templates/images/lva_passport/09.jpg,templates,lva_passport,TRAVEL_DOCUMENT,09,True,False,0,17,1.0,standard_scan,flatbed
templates/images/lva_passport/10.jpg,templates,lva_passport,TRAVEL_DOCUMENT,10,True,True,0,17,1.0,standard_scan,flatbed
templates/images/lva_passport/11.jpg,templates,lva_passport,TRAVEL_DOCUMENT,11,True,False,0,17,1.0,standard_scan,flatbed
templates/images/lva_passport/12.jpg,templates,lva_passport,TRAVEL_DOCUMENT,12,True,False,0,17,1.0,standard_scan,flatbed
templates/images/lva_passport/13.jpg,templates,lva_passport,TRAVEL_DOCUMENT,13,True,False,0,17,1.0,standard_scan,flatbed
templates/images/lva_passport/14.jpg,templates,lva_passport,TRAVEL_DOCUMENT,14,True,False,0,17,1.0,standard_scan,flatbed
templates/images/lva_passport/15.jpg,templates,lva_passport,TRAVEL_DOCUMENT,15,True,False,0,17,1.0,standard_scan,flatbed
templates/images/lva_passport/16.jpg,templates,lva_passport,TRAVEL_DOCUMENT,16,True,False,0,17,1.0,standard_scan,flatbed
templates/images/lva_passport/17.jpg,templates,lva_passport,TRAVEL_DOCUMENT,17,True,False,0,17,1.0,standard_scan,flatbed
templates/images/lva_passport/18.jpg,templates,lva_passport,TRAVEL_DOCUMENT,18,True,False,0,17,1.0,standard_scan,flatbed
templates/images/lva_passport/19.jpg,templates,lva_passport,TRAVEL_DOCUMENT,19,True,False,0,17,1.0,standard_scan,flatbed
templates/images/lva_passport/20.jpg,templates,lva_passport,TRAVEL_DOCUMENT,20,True,False,0,17,1.0,standard_scan,flatbed
templates/images/lva_passport/21.jpg,templates,lva_passport,TRAVEL_DOCUMENT,21,True,False,0,17,1.0,standard_scan,flatbed
templates/images/lva_passport/22.jpg,templates,lva_passport,TRAVEL_DOCUMENT,22,True,False,0,17,1.0,standard_scan,flatbed
templates/images/lva_passport/23.jpg,templates,lva_passport,TRAVEL_DOCUMENT,23,True,False,0,17,1.0,standard_scan,flatbed
templates/images/lva_passport/24.jpg,templates,lva_passport,TRAVEL_DOCUMENT,24,True,False,0,17,1.0,standard_scan,flatbed
templates/images/lva_passport/25.jpg,templates,lva_passport,TRAVEL_DOCUMENT,25,True,False,0,17,1.0,standard_scan,flatbed
templates/images/lva_passport/26.jpg,templates,lva_passport,TRAVEL_DOCUMENT,26,True,False,0,17,1.0,standard_scan,flatbed
templates/images/lva_passport/27.jpg,templates,lva_passport,TRAVEL_DOCUMENT,27,True,False,0,17,1.0,standard_scan,flatbed
templates/images/lva_passport/28.jpg,templates,lva_passport,TRAVEL_DOCUMENT,28,True,False,0,17,1.0,standard_scan,flatbed
templates/images/lva_passport/29.jpg,templates,lva_passport,TRAVEL_DOCUMENT,29,True,False,0,17,1.0,standard_scan,flatbed
templates/images/lva_passport/30.jpg,templates,lva_passport,TRAVEL_DOCUMENT,30,True,False,0,17,1.0,standard_scan,flatbed
templates/images/lva_passport/31.jpg,templates,lva_passport,TRAVEL_DOCUMENT,31,True,False,0,17,1.0,standard_scan,flatbed
templates/images/lva_passport/32.jpg,templates,lva_passport,TRAVEL_DOCUMENT,32,True,False,0,17,1.0,standard_scan,flatbed
templates/images/lva_passport/33.jpg,templates,lva_passport,TRAVEL_DOCUMENT,33,True,False,0,17,1.0,standard_scan,flatbed
templates/images/lva_passport/34.jpg,templates,lva_passport,TRAVEL_DOCUMENT,34,True,False,0,17,1.0,standard_scan,flatbed
templates/images/lva_passport/35.jpg,templates,lva_passport,TRAVEL_DOCUMENT,35,True,False,0,17,1.0,standard_scan,flatbed
templates/images/lva_passport/36.jpg,templates,lva_passport,TRAVEL_DOCUMENT,36,True,False,0,17,1.0,standard_scan,flatbed
templates/images/lva_passport/37.jpg,templates,lva_passport,TRAVEL_DOCUMENT,37,True,False,0,17,1.0,standard_scan,flatbed
templates/images/lva_passport/38.jpg,templates,lva_passport,TRAVEL_DOCUMENT,38,True,False,0,17,1.0,standard_scan,flatbed
templates/images/lva_passport/39.jpg,templates,lva_passport,TRAVEL_DOCUMENT,39,True,False,0,17,1.0,standard_scan,flatbed
templates/images/lva_passport/40.jpg,templates,lva_passport,TRAVEL_DOCUMENT,40,True,False,0,17,1.0,standard_scan,flatbed
templates/images/lva_passport/41.jpg,templates,lva_passport,TRAVEL_DOCUMENT,41,True,False,0,17,1.0,standard_scan,flatbed
templates/images/lva_passport/42.jpg,templates,lva_passport,TRAVEL_DOCUMENT,42,True,False,0,17,1.0,standard_scan,flatbed
templates/images/lva_passport/43.jpg,templates,lva_passport,TRAVEL_DOCUMENT,43,True,False,0,17,1.0,standard_scan,flatbed
templates/images/lva_passport/44.jpg,templates,lva_passport,TRAVEL_DOCUMENT,44,True,False,0,17,1.0,standard_scan,flatbed
templates/images/lva_passport/45.jpg,templates,lva_passport,TRAVEL_DOCUMENT,45,True,False,0,17,1.0,standard_scan,flatbed
templates/images/lva_passport/46.jpg,templates,lva_passport,TRAVEL_DOCUMENT,46,True,False,0,17,1.0,standard_scan,flatbed
templates/images/lva_passport/47.jpg,templates,lva_passport,TRAVEL_DOCUMENT,47,True,False,0,17,1.0,standard_scan,flatbed
templates/images/lva_passport/48.jpg,templates,lva_passport,TRAVEL_DOCUMENT,48,True,False,0,17,1.0,standard_scan,flatbed
templates/images/lva_passport/49.jpg,templates,lva_passport,TRAVEL_DOCUMENT,49,True,False,0,17,1.0,standard_scan,flatbed
templates/images/lva_passport/50.jpg,templates,lva_passport,TRAVEL_DOCUMENT,50,True,False,0,17,1.0,standard_scan,flatbed
templates/images/lva_passport/51.jpg,templates,lva_passport,TRAVEL_DOCUMENT,51,True,False,0,17,1.0,standard_scan,flatbed
templates/images/lva_passport/52.jpg,templates,lva_passport,TRAVEL_DOCUMENT,52,True,False,0,17,1.0,standard_scan,flatbed
templates/images/lva_passport/53.jpg,templates,lva_passport,TRAVEL_DOCUMENT,53,True,False,0,17,1.0,standard_scan,flatbed
templates/images/lva_passport/54.jpg,templates,lva_passport,TRAVEL_DOCUMENT,54,True,False,0,17,1.0,standard_scan,flatbed
templates/images/lva_passport/55.jpg,templates,lva_passport,TRAVEL_DOCUMENT,55,True,False,0,17,1.0,standard_scan,flatbed
templates/images/lva_passport/56.jpg,templates,lva_passport,TRAVEL_DOCUMENT,56,True,False,0,17,1.0,standard_scan,flatbed
templates/images/lva_passport/57.jpg,templates,lva_passport,TRAVEL_DOCUMENT,57,True,False,0,17,1.0,standard_scan,flatbed
templates/images/lva_passport/58.jpg,templates,lva_passport,TRAVEL_DOCUMENT,58,True,False,0,17,1.0,standard_scan,flatbed
templates/images/lva_passport/59.jpg,templates,lva_passport,TRAVEL_DOCUMENT,59,True,False,0,17,1.0,standard_scan,flatbed
templates/images/lva_passport/60.jpg,templates,lva_passport,TRAVEL_DOCUMENT,60,True,False,0,17,1.0,standard_scan,flatbed
templates/images/lva_passport/61.jpg,templates,lva_passport,TRAVEL_DOCUMENT,61,True,False,0,17,1.0,standard_scan,flatbed
templates/images/lva_passport/62.jpg,templates,lva_passport,TRAVEL_DOCUMENT,62,True,False,0,17,1.0,standard_scan,flatbed
templates/images/lva_passport/63.jpg,templates,lva_passport,TRAVEL_DOCUMENT,63,True,False,0,17,1.0,standard_scan,flatbed
templates/images/lva_passport/64.jpg,templates,lva_passport,TRAVEL_DOCUMENT,64,True,False,0,17,1.0,standard_scan,flatbed
templates/images/lva_passport/65.jpg,templates,lva_passport,TRAVEL_DOCUMENT,65,True,False,0,17,1.0,standard_scan,flatbed
templates/images/lva_passport/66.jpg,templates,lva_passport,TRAVEL_DOCUMENT,66,True,False,0,17,1.0,standard_scan,flatbed
templates/images/lva_passport/67.jpg,templates,lva_passport,TRAVEL_DOCUMENT,67,True,False,0,17,1.0,standard_scan,flatbed
templates/images/lva_passport/68.jpg,templates,lva_passport,TRAVEL_DOCUMENT,68,True,False,0,17,1.0,standard_scan,flatbed
templates/images/lva_passport/69.jpg,templates,lva_passport,TRAVEL_DOCUMENT,69,True,False,0,17,1.0,standard_scan,flatbed
templates/images/lva_passport/70.jpg,templates,lva_passport,TRAVEL_DOCUMENT,70,True,False,0,17,1.0,standard_scan,flatbed
templates/images/lva_passport/71.jpg,templates,lva_passport,TRAVEL_DOCUMENT,71,True,False,0,17,1.0,standard_scan,flatbed
templates/images/lva_passport/72.jpg,templates,lva_passport,TRAVEL_DOCUMENT,72,True,False,0,17,1.0,standard_scan,flatbed
templates/images/lva_passport/73.jpg,templates,lva_passport,TRAVEL_DOCUMENT,73,True,False,0,17,1.0,standard_scan,flatbed
templates/images/lva_passport/74.jpg,templates,lva_passport,TRAVEL_DOCUMENT,74,True,False,0,17,1.0,standard_scan,flatbed
templates/images/lva_passport/75.jpg,templates,lva_passport,TRAVEL_DOCUMENT,75,True,False,0,17,1.0,standard_scan,flatbed
templates/images/lva_passport/76.jpg,templates,lva_passport,TRAVEL_DOCUMENT,76,True,False,0,17,1.0,standard_scan,flatbed
templates/images/lva_passport/77.jpg,templates,lva_passport,TRAVEL_DOCUMENT,77,True,False,0,17,1.0,standard_scan,flatbed
templates/images/lva_passport/78.jpg,templates,lva_passport,TRAVEL_DOCUMENT,78,True,False,0,17,1.0,standard_scan,flatbed
templates/images/lva_passport/79.jpg,templates,lva_passport,TRAVEL_DOCUMENT,79,True,False,0,17,1.0,standard_scan,flatbed
templates/images/lva_passport/80.jpg,templates,lva_passport,TRAVEL_DOCUMENT,80,True,False,0,17,1.0,standard_scan,flatbed
templates/images/lva_passport/81.jpg,templates,lva_passport,TRAVEL_DOCUMENT,81,True,False,0,17,1.0,standard_scan,flatbed
templates/images/lva_passport/82.jpg,templates,lva_passport,TRAVEL_DOCUMENT,82,True,False,0,17,1.0,standard_scan,flatbed
templates/images/lva_passport/83.jpg,templates,lva_passport,TRAVEL_DOCUMENT,83,True,False,0,17,1.0,standard_scan,flatbed
templates/images/lva_passport/84.jpg,templates,lva_passport,TRAVEL_DOCUMENT,84,True,False,0,17,1.0,standard_scan,flatbed
templates/images/lva_passport/85.jpg,templates,lva_passport,TRAVEL_DOCUMENT,85,True,False,0,17,1.0,standard_scan,flatbed
templates/images/lva_passport/86.jpg,templates,lva_passport,TRAVEL_DOCUMENT,86,True,False,0,17,1.0,standard_scan,flatbed
templates/images/lva_passport/87.jpg,templates,lva_passport,TRAVEL_DOCUMENT,87,True,False,0,17,1.0,standard_scan,flatbed
templates/images/lva_passport/88.jpg,templates,lva_passport,TRAVEL_DOCUMENT,88,True,False,0,17,1.0,standard_scan,flatbed
templates/images/lva_passport/89.jpg,templates,lva_passport,TRAVEL_DOCUMENT,89,True,False,0,17,1.0,standard_scan,flatbed
templates/images/lva_passport/90.jpg,templates,lva_passport,TRAVEL_DOCUMENT,90,True,False,0,17,1.0,standard_scan,flatbed
templates/images/lva_passport/91.jpg,templates,lva_passport,TRAVEL_DOCUMENT,91,True,False,0,17,1.0,standard_scan,flatbed
templates/images/lva_passport/92.jpg,templates,lva_passport,TRAVEL_DOCUMENT,92,True,False,0,16,1.0,standard_scan,flatbed
templates/images/lva_passport/93.jpg,templates,lva_passport,TRAVEL_DOCUMENT,93,True,False,0,17,1.0,standard_scan,flatbed
templates/images/lva_passport/94.jpg,templates,lva_passport,TRAVEL_DOCUMENT,94,True,False,0,17,1.0,standard_scan,flatbed
templates/images/lva_passport/95.jpg,templates,lva_passport,TRAVEL_DOCUMENT,95,True,False,0,17,1.0,standard_scan,flatbed
templates/images/lva_passport/96.jpg,templates,lva_passport,TRAVEL_DOCUMENT,96,True,False,0,17,1.0,standard_scan,flatbed
templates/images/lva_passport/97.jpg,templates,lva_passport,TRAVEL_DOCUMENT,97,True,False,0,17,1.0,standard_scan,flatbed
templates/images/lva_passport/98.jpg,templates,lva_passport,TRAVEL_DOCUMENT,98,True,False,0,17,1.0,standard_scan,flatbed
templates/images/lva_passport/99.jpg,templates,lva_passport,TRAVEL_DOCUMENT,99,True,False,0,17,1.0,standard_scan,flatbed
templates/images/rus_internalpassport/00.jpg,templates,rus_internalpassport,TRAVEL_DOCUMENT,00,True,False,0,7,0.2857,standard_scan,flatbed
templates/images/rus_internalpassport/01.jpg,templates,rus_internalpassport,TRAVEL_DOCUMENT,01,True,False,0,8,0.25,standard_scan,flatbed
templates/images/rus_internalpassport/02.jpg,templates,rus_internalpassport,TRAVEL_DOCUMENT,02,True,False,0,8,0.25,standard_scan,flatbed
templates/images/rus_internalpassport/03.jpg,templates,rus_internalpassport,TRAVEL_DOCUMENT,03,True,False,0,8,0.25,standard_scan,flatbed
templates/images/rus_internalpassport/04.jpg,templates,rus_internalpassport,TRAVEL_DOCUMENT,04,True,False,0,7,0.2857,standard_scan,flatbed
templates/images/rus_internalpassport/05.jpg,templates,rus_internalpassport,TRAVEL_DOCUMENT,05,True,False,0,8,0.25,standard_scan,flatbed
templates/images/rus_internalpassport/06.jpg,templates,rus_internalpassport,TRAVEL_DOCUMENT,06,True,False,0,8,0.25,standard_scan,flatbed
templates/images/rus_internalpassport/07.jpg,templates,rus_internalpassport,TRAVEL_DOCUMENT,07,True,False,0,7,0.2857,standard_scan,flatbed
templates/images/rus_internalpassport/08.jpg,templates,rus_internalpassport,TRAVEL_DOCUMENT,08,True,False,0,9,0.2222,standard_scan,flatbed
templates/images/rus_internalpassport/09.jpg,templates,rus_internalpassport,TRAVEL_DOCUMENT,09,True,False,0,8,0.25,standard_scan,flatbed
templates/images/rus_internalpassport/10.jpg,templates,rus_internalpassport,TRAVEL_DOCUMENT,10,True,False,0,8,0.25,standard_scan,flatbed
templates/images/rus_internalpassport/11.jpg,templates,rus_internalpassport,TRAVEL_DOCUMENT,11,True,False,0,7,0.2857,standard_scan,flatbed
templates/images/rus_internalpassport/12.jpg,templates,rus_internalpassport,TRAVEL_DOCUMENT,12,True,False,0,8,0.375,standard_scan,flatbed
templates/images/rus_internalpassport/13.jpg,templates,rus_internalpassport,TRAVEL_DOCUMENT,13,True,False,0,7,0.2857,standard_scan,flatbed
templates/images/rus_internalpassport/14.jpg,templates,rus_internalpassport,TRAVEL_DOCUMENT,14,True,False,0,8,0.25,standard_scan,flatbed
templates/images/rus_internalpassport/15.jpg,templates,rus_internalpassport,TRAVEL_DOCUMENT,15,True,False,0,9,0.2222,standard_scan,flatbed
templates/images/rus_internalpassport/16.jpg,templates,rus_internalpassport,TRAVEL_DOCUMENT,16,True,False,0,7,0.2857,standard_scan,flatbed
templates/images/rus_internalpassport/17.jpg,templates,rus_internalpassport,TRAVEL_DOCUMENT,17,True,False,0,9,0.2222,standard_scan,flatbed
templates/images/rus_internalpassport/18.jpg,templates,rus_internalpassport,TRAVEL_DOCUMENT,18,True,False,0,9,0.2222,standard_scan,flatbed
templates/images/rus_internalpassport/19.jpg,templates,rus_internalpassport,TRAVEL_DOCUMENT,19,True,False,0,8,0.25,standard_scan,flatbed
templates/images/rus_internalpassport/20.jpg,templates,rus_internalpassport,TRAVEL_DOCUMENT,20,True,False,0,8,0.25,standard_scan,flatbed
templates/images/rus_internalpassport/21.jpg,templates,rus_internalpassport,TRAVEL_DOCUMENT,21,True,False,0,7,0.2857,standard_scan,flatbed
templates/images/rus_internalpassport/22.jpg,templates,rus_internalpassport,TRAVEL_DOCUMENT,22,True,False,0,8,0.25,standard_scan,flatbed
templates/images/rus_internalpassport/23.jpg,templates,rus_internalpassport,TRAVEL_DOCUMENT,23,True,False,0,7,0.2857,standard_scan,flatbed
templates/images/rus_internalpassport/24.jpg,templates,rus_internalpassport,TRAVEL_DOCUMENT,24,True,False,0,9,0.2222,standard_scan,flatbed
templates/images/rus_internalpassport/25.jpg,templates,rus_internalpassport,TRAVEL_DOCUMENT,25,True,False,0,8,0.25,standard_scan,flatbed
templates/images/rus_internalpassport/26.jpg,templates,rus_internalpassport,TRAVEL_DOCUMENT,26,True,False,0,8,0.25,standard_scan,flatbed
templates/images/rus_internalpassport/27.jpg,templates,rus_internalpassport,TRAVEL_DOCUMENT,27,True,False,0,7,0.2857,standard_scan,flatbed
templates/images/rus_internalpassport/28.jpg,templates,rus_internalpassport,TRAVEL_DOCUMENT,28,True,False,0,9,0.2222,standard_scan,flatbed
templates/images/rus_internalpassport/29.jpg,templates,rus_internalpassport,TRAVEL_DOCUMENT,29,True,False,0,7,0.2857,standard_scan,flatbed
templates/images/rus_internalpassport/30.jpg,templates,rus_internalpassport,TRAVEL_DOCUMENT,30,True,False,0,7,0.2857,standard_scan,flatbed
templates/images/rus_internalpassport/31.jpg,templates,rus_internalpassport,TRAVEL_DOCUMENT,31,True,False,0,7,0.2857,standard_scan,flatbed
templates/images/rus_internalpassport/32.jpg,templates,rus_internalpassport,TRAVEL_DOCUMENT,32,True,False,0,7,0.2857,standard_scan,flatbed
templates/images/rus_internalpassport/33.jpg,templates,rus_internalpassport,TRAVEL_DOCUMENT,33,True,False,0,9,0.2222,standard_scan,flatbed
templates/images/rus_internalpassport/34.jpg,templates,rus_internalpassport,TRAVEL_DOCUMENT,34,True,False,0,7,0.2857,standard_scan,flatbed
templates/images/rus_internalpassport/35.jpg,templates,rus_internalpassport,TRAVEL_DOCUMENT,35,True,False,0,9,0.2222,standard_scan,flatbed
templates/images/rus_internalpassport/36.jpg,templates,rus_internalpassport,TRAVEL_DOCUMENT,36,True,False,0,8,0.25,standard_scan,flatbed
templates/images/rus_internalpassport/37.jpg,templates,rus_internalpassport,TRAVEL_DOCUMENT,37,True,False,0,7,0.2857,standard_scan,flatbed
templates/images/rus_internalpassport/38.jpg,templates,rus_internalpassport,TRAVEL_DOCUMENT,38,True,False,0,7,0.2857,standard_scan,flatbed
templates/images/rus_internalpassport/39.jpg,templates,rus_internalpassport,TRAVEL_DOCUMENT,39,True,False,0,8,0.25,standard_scan,flatbed
templates/images/rus_internalpassport/40.jpg,templates,rus_internalpassport,TRAVEL_DOCUMENT,40,True,False,0,8,0.25,standard_scan,flatbed
templates/images/rus_internalpassport/41.jpg,templates,rus_internalpassport,TRAVEL_DOCUMENT,41,True,False,0,9,0.2222,standard_scan,flatbed
templates/images/rus_internalpassport/42.jpg,templates,rus_internalpassport,TRAVEL_DOCUMENT,42,True,False,0,7,0.2857,standard_scan,flatbed
templates/images/rus_internalpassport/43.jpg,templates,rus_internalpassport,TRAVEL_DOCUMENT,43,True,False,0,7,0.2857,standard_scan,flatbed
templates/images/rus_internalpassport/44.jpg,templates,rus_internalpassport,TRAVEL_DOCUMENT,44,True,False,0,8,0.25,standard_scan,flatbed
templates/images/rus_internalpassport/45.jpg,templates,rus_internalpassport,TRAVEL_DOCUMENT,45,True,False,0,7,0.2857,standard_scan,flatbed
templates/images/rus_internalpassport/46.jpg,templates,rus_internalpassport,TRAVEL_DOCUMENT,46,True,False,0,7,0.2857,standard_scan,flatbed
templates/images/rus_internalpassport/47.jpg,templates,rus_internalpassport,TRAVEL_DOCUMENT,47,True,False,0,7,0.2857,standard_scan,flatbed
templates/images/rus_internalpassport/48.jpg,templates,rus_internalpassport,TRAVEL_DOCUMENT,48,True,False,0,8,0.25,standard_scan,flatbed
templates/images/rus_internalpassport/49.jpg,templates,rus_internalpassport,TRAVEL_DOCUMENT,49,True,False,0,9,0.2222,standard_scan,flatbed
templates/images/rus_internalpassport/50.jpg,templates,rus_internalpassport,TRAVEL_DOCUMENT,50,True,False,0,9,0.2222,standard_scan,flatbed
templates/images/rus_internalpassport/51.jpg,templates,rus_internalpassport,TRAVEL_DOCUMENT,51,True,False,0,7,0.2857,standard_scan,flatbed
templates/images/rus_internalpassport/52.jpg,templates,rus_internalpassport,TRAVEL_DOCUMENT,52,True,False,0,9,0.2222,standard_scan,flatbed
templates/images/rus_internalpassport/53.jpg,templates,rus_internalpassport,TRAVEL_DOCUMENT,53,True,False,0,8,0.25,standard_scan,flatbed
templates/images/rus_internalpassport/54.jpg,templates,rus_internalpassport,TRAVEL_DOCUMENT,54,True,False,0,8,0.25,standard_scan,flatbed
templates/images/rus_internalpassport/55.jpg,templates,rus_internalpassport,TRAVEL_DOCUMENT,55,True,False,0,8,0.25,standard_scan,flatbed
templates/images/rus_internalpassport/56.jpg,templates,rus_internalpassport,TRAVEL_DOCUMENT,56,True,False,0,7,0.2857,standard_scan,flatbed
templates/images/rus_internalpassport/57.jpg,templates,rus_internalpassport,TRAVEL_DOCUMENT,57,True,False,0,9,0.2222,standard_scan,flatbed
templates/images/rus_internalpassport/58.jpg,templates,rus_internalpassport,TRAVEL_DOCUMENT,58,True,False,0,9,0.2222,standard_scan,flatbed
templates/images/rus_internalpassport/59.jpg,templates,rus_internalpassport,TRAVEL_DOCUMENT,59,True,False,0,8,0.25,standard_scan,flatbed
templates/images/rus_internalpassport/60.jpg,templates,rus_internalpassport,TRAVEL_DOCUMENT,60,True,False,0,9,0.2222,standard_scan,flatbed
templates/images/rus_internalpassport/61.jpg,templates,rus_internalpassport,TRAVEL_DOCUMENT,61,True,False,0,8,0.25,standard_scan,flatbed
templates/images/rus_internalpassport/62.jpg,templates,rus_internalpassport,TRAVEL_DOCUMENT,62,True,False,0,7,0.2857,standard_scan,flatbed
templates/images/rus_internalpassport/63.jpg,templates,rus_internalpassport,TRAVEL_DOCUMENT,63,True,False,0,8,0.25,standard_scan,flatbed
templates/images/rus_internalpassport/64.jpg,templates,rus_internalpassport,TRAVEL_DOCUMENT,64,True,False,0,9,0.2222,standard_scan,flatbed
templates/images/rus_internalpassport/65.jpg,templates,rus_internalpassport,TRAVEL_DOCUMENT,65,True,False,0,7,0.2857,standard_scan,flatbed
templates/images/rus_internalpassport/66.jpg,templates,rus_internalpassport,TRAVEL_DOCUMENT,66,True,False,0,8,0.25,standard_scan,flatbed
templates/images/rus_internalpassport/67.jpg,templates,rus_internalpassport,TRAVEL_DOCUMENT,67,True,False,0,9,0.2222,standard_scan,flatbed
templates/images/rus_internalpassport/68.jpg,templates,rus_internalpassport,TRAVEL_DOCUMENT,68,True,False,0,8,0.25,standard_scan,flatbed
templates/images/rus_internalpassport/69.jpg,templates,rus_internalpassport,TRAVEL_DOCUMENT,69,True,False,0,8,0.25,standard_scan,flatbed
templates/images/rus_internalpassport/70.jpg,templates,rus_internalpassport,TRAVEL_DOCUMENT,70,True,False,0,7,0.2857,standard_scan,flatbed
templates/images/rus_internalpassport/71.jpg,templates,rus_internalpassport,TRAVEL_DOCUMENT,71,True,False,0,7,0.2857,standard_scan,flatbed
templates/images/rus_internalpassport/72.jpg,templates,rus_internalpassport,TRAVEL_DOCUMENT,72,True,False,0,9,0.2222,standard_scan,flatbed
templates/images/rus_internalpassport/73.jpg,templates,rus_internalpassport,TRAVEL_DOCUMENT,73,True,False,0,8,0.25,standard_scan,flatbed
templates/images/rus_internalpassport/74.jpg,templates,rus_internalpassport,TRAVEL_DOCUMENT,74,True,False,0,9,0.2222,standard_scan,flatbed
templates/images/rus_internalpassport/75.jpg,templates,rus_internalpassport,TRAVEL_DOCUMENT,75,True,False,0,8,0.25,standard_scan,flatbed
templates/images/rus_internalpassport/76.jpg,templates,rus_internalpassport,TRAVEL_DOCUMENT,76,True,False,0,7,0.2857,standard_scan,flatbed
templates/images/rus_internalpassport/77.jpg,templates,rus_internalpassport,TRAVEL_DOCUMENT,77,True,False,0,7,0.2857,standard_scan,flatbed
templates/images/rus_internalpassport/78.jpg,templates,rus_internalpassport,TRAVEL_DOCUMENT,78,True,False,0,9,0.2222,standard_scan,flatbed
templates/images/rus_internalpassport/79.jpg,templates,rus_internalpassport,TRAVEL_DOCUMENT,79,True,False,0,9,0.2222,standard_scan,flatbed
templates/images/rus_internalpassport/80.jpg,templates,rus_internalpassport,TRAVEL_DOCUMENT,80,True,False,0,8,0.25,standard_scan,flatbed
templates/images/rus_internalpassport/81.jpg,templates,rus_internalpassport,TRAVEL_DOCUMENT,81,True,False,0,7,0.2857,standard_scan,flatbed
templates/images/rus_internalpassport/82.jpg,templates,rus_internalpassport,TRAVEL_DOCUMENT,82,True,False,0,8,0.25,standard_scan,flatbed
templates/images/rus_internalpassport/83.jpg,templates,rus_internalpassport,TRAVEL_DOCUMENT,83,True,False,0,8,0.25,standard_scan,flatbed
templates/images/rus_internalpassport/84.jpg,templates,rus_internalpassport,TRAVEL_DOCUMENT,84,True,False,0,9,0.2222,standard_scan,flatbed
templates/images/rus_internalpassport/85.jpg,templates,rus_internalpassport,TRAVEL_DOCUMENT,85,True,False,0,7,0.2857,standard_scan,flatbed
templates/images/rus_internalpassport/86.jpg,templates,rus_internalpassport,TRAVEL_DOCUMENT,86,True,False,0,9,0.2222,standard_scan,flatbed
templates/images/rus_internalpassport/87.jpg,templates,rus_internalpassport,TRAVEL_DOCUMENT,87,True,False,0,8,0.25,standard_scan,flatbed
templates/images/rus_internalpassport/88.jpg,templates,rus_internalpassport,TRAVEL_DOCUMENT,88,True,False,0,8,0.25,standard_scan,flatbed
templates/images/rus_internalpassport/89.jpg,templates,rus_internalpassport,TRAVEL_DOCUMENT,89,True,False,0,9,0.2222,standard_scan,flatbed
templates/images/rus_internalpassport/90.jpg,templates,rus_internalpassport,TRAVEL_DOCUMENT,90,True,False,0,9,0.2222,standard_scan,flatbed
templates/images/rus_internalpassport/91.jpg,templates,rus_internalpassport,TRAVEL_DOCUMENT,91,True,False,0,9,0.2222,standard_scan,flatbed
templates/images/rus_internalpassport/92.jpg,templates,rus_internalpassport,TRAVEL_DOCUMENT,92,True,False,0,7,0.2857,standard_scan,flatbed
templates/images/rus_internalpassport/93.jpg,templates,rus_internalpassport,TRAVEL_DOCUMENT,93,True,False,0,8,0.375,standard_scan,flatbed
templates/images/rus_internalpassport/94.jpg,templates,rus_internalpassport,TRAVEL_DOCUMENT,94,True,False,0,8,0.25,standard_scan,flatbed
templates/images/rus_internalpassport/95.jpg,templates,rus_internalpassport,TRAVEL_DOCUMENT,95,True,False,0,8,0.25,standard_scan,flatbed
templates/images/rus_internalpassport/96.jpg,templates,rus_internalpassport,TRAVEL_DOCUMENT,96,True,False,0,7,0.2857,standard_scan,flatbed
templates/images/rus_internalpassport/97.jpg,templates,rus_internalpassport,TRAVEL_DOCUMENT,97,True,False,0,8,0.25,standard_scan,flatbed
templates/images/rus_internalpassport/98.jpg,templates,rus_internalpassport,TRAVEL_DOCUMENT,98,True,False,0,8,0.25,standard_scan,flatbed
templates/images/rus_internalpassport/99.jpg,templates,rus_internalpassport,TRAVEL_DOCUMENT,99,True,False,0,9,0.2222,standard_scan,flatbed
templates/images/srb_passport/00.jpg,templates,srb_passport,TRAVEL_DOCUMENT,00,True,True,0,18,1.0,standard_scan,flatbed
templates/images/srb_passport/01.jpg,templates,srb_passport,TRAVEL_DOCUMENT,01,True,True,0,18,1.0,standard_scan,flatbed
templates/images/srb_passport/02.jpg,templates,srb_passport,TRAVEL_DOCUMENT,02,True,False,0,18,1.0,standard_scan,flatbed
templates/images/srb_passport/03.jpg,templates,srb_passport,TRAVEL_DOCUMENT,03,True,True,0,18,1.0,standard_scan,flatbed
templates/images/srb_passport/04.jpg,templates,srb_passport,TRAVEL_DOCUMENT,04,True,False,0,18,1.0,standard_scan,flatbed
templates/images/srb_passport/05.jpg,templates,srb_passport,TRAVEL_DOCUMENT,05,True,False,0,18,1.0,standard_scan,flatbed
templates/images/srb_passport/06.jpg,templates,srb_passport,TRAVEL_DOCUMENT,06,True,False,0,18,1.0,standard_scan,flatbed
templates/images/srb_passport/07.jpg,templates,srb_passport,TRAVEL_DOCUMENT,07,True,False,0,18,1.0,standard_scan,flatbed
templates/images/srb_passport/08.jpg,templates,srb_passport,TRAVEL_DOCUMENT,08,True,False,0,18,1.0,standard_scan,flatbed
templates/images/srb_passport/09.jpg,templates,srb_passport,TRAVEL_DOCUMENT,09,True,False,0,18,1.0,standard_scan,flatbed
templates/images/srb_passport/10.jpg,templates,srb_passport,TRAVEL_DOCUMENT,10,True,False,0,18,1.0,standard_scan,flatbed
templates/images/srb_passport/11.jpg,templates,srb_passport,TRAVEL_DOCUMENT,11,True,False,0,18,1.0,standard_scan,flatbed
templates/images/srb_passport/12.jpg,templates,srb_passport,TRAVEL_DOCUMENT,12,True,False,0,18,1.0,standard_scan,flatbed
templates/images/srb_passport/13.jpg,templates,srb_passport,TRAVEL_DOCUMENT,13,True,False,0,18,1.0,standard_scan,flatbed
templates/images/srb_passport/14.jpg,templates,srb_passport,TRAVEL_DOCUMENT,14,True,False,0,18,1.0,standard_scan,flatbed
templates/images/srb_passport/15.jpg,templates,srb_passport,TRAVEL_DOCUMENT,15,True,False,0,18,1.0,standard_scan,flatbed
templates/images/srb_passport/16.jpg,templates,srb_passport,TRAVEL_DOCUMENT,16,True,False,0,18,1.0,standard_scan,flatbed
templates/images/srb_passport/17.jpg,templates,srb_passport,TRAVEL_DOCUMENT,17,True,False,0,18,1.0,standard_scan,flatbed
templates/images/srb_passport/18.jpg,templates,srb_passport,TRAVEL_DOCUMENT,18,True,False,0,18,1.0,standard_scan,flatbed
templates/images/srb_passport/19.jpg,templates,srb_passport,TRAVEL_DOCUMENT,19,True,False,0,18,1.0,standard_scan,flatbed
templates/images/srb_passport/20.jpg,templates,srb_passport,TRAVEL_DOCUMENT,20,True,False,0,18,1.0,standard_scan,flatbed
templates/images/srb_passport/21.jpg,templates,srb_passport,TRAVEL_DOCUMENT,21,True,False,0,18,1.0,standard_scan,flatbed
templates/images/srb_passport/22.jpg,templates,srb_passport,TRAVEL_DOCUMENT,22,True,False,0,18,1.0,standard_scan,flatbed
templates/images/srb_passport/23.jpg,templates,srb_passport,TRAVEL_DOCUMENT,23,True,False,0,18,1.0,standard_scan,flatbed
templates/images/srb_passport/24.jpg,templates,srb_passport,TRAVEL_DOCUMENT,24,True,False,0,18,1.0,standard_scan,flatbed
templates/images/srb_passport/25.jpg,templates,srb_passport,TRAVEL_DOCUMENT,25,True,False,0,18,1.0,standard_scan,flatbed
templates/images/srb_passport/26.jpg,templates,srb_passport,TRAVEL_DOCUMENT,26,True,False,0,18,1.0,standard_scan,flatbed
templates/images/srb_passport/27.jpg,templates,srb_passport,TRAVEL_DOCUMENT,27,True,False,0,18,1.0,standard_scan,flatbed
templates/images/srb_passport/28.jpg,templates,srb_passport,TRAVEL_DOCUMENT,28,True,False,0,18,1.0,standard_scan,flatbed
templates/images/srb_passport/29.jpg,templates,srb_passport,TRAVEL_DOCUMENT,29,True,False,0,18,1.0,standard_scan,flatbed
templates/images/srb_passport/30.jpg,templates,srb_passport,TRAVEL_DOCUMENT,30,True,False,0,18,1.0,standard_scan,flatbed
templates/images/srb_passport/31.jpg,templates,srb_passport,TRAVEL_DOCUMENT,31,True,False,0,18,1.0,standard_scan,flatbed
templates/images/srb_passport/32.jpg,templates,srb_passport,TRAVEL_DOCUMENT,32,True,False,0,18,1.0,standard_scan,flatbed
templates/images/srb_passport/33.jpg,templates,srb_passport,TRAVEL_DOCUMENT,33,True,False,0,18,1.0,standard_scan,flatbed
templates/images/srb_passport/34.jpg,templates,srb_passport,TRAVEL_DOCUMENT,34,True,False,0,18,1.0,standard_scan,flatbed
templates/images/srb_passport/35.jpg,templates,srb_passport,TRAVEL_DOCUMENT,35,True,False,0,18,1.0,standard_scan,flatbed
templates/images/srb_passport/36.jpg,templates,srb_passport,TRAVEL_DOCUMENT,36,True,False,0,18,1.0,standard_scan,flatbed
templates/images/srb_passport/37.jpg,templates,srb_passport,TRAVEL_DOCUMENT,37,True,False,0,18,1.0,standard_scan,flatbed
templates/images/srb_passport/38.jpg,templates,srb_passport,TRAVEL_DOCUMENT,38,True,False,0,18,1.0,standard_scan,flatbed
templates/images/srb_passport/39.jpg,templates,srb_passport,TRAVEL_DOCUMENT,39,True,False,0,18,1.0,standard_scan,flatbed
templates/images/srb_passport/40.jpg,templates,srb_passport,TRAVEL_DOCUMENT,40,True,False,0,18,1.0,standard_scan,flatbed
templates/images/srb_passport/41.jpg,templates,srb_passport,TRAVEL_DOCUMENT,41,True,False,0,18,1.0,standard_scan,flatbed
templates/images/srb_passport/42.jpg,templates,srb_passport,TRAVEL_DOCUMENT,42,True,False,0,18,1.0,standard_scan,flatbed
templates/images/srb_passport/43.jpg,templates,srb_passport,TRAVEL_DOCUMENT,43,True,False,0,18,1.0,standard_scan,flatbed
templates/images/srb_passport/44.jpg,templates,srb_passport,TRAVEL_DOCUMENT,44,True,False,0,18,1.0,standard_scan,flatbed
templates/images/srb_passport/45.jpg,templates,srb_passport,TRAVEL_DOCUMENT,45,True,False,0,18,1.0,standard_scan,flatbed
templates/images/srb_passport/46.jpg,templates,srb_passport,TRAVEL_DOCUMENT,46,True,False,0,18,1.0,standard_scan,flatbed
templates/images/srb_passport/47.jpg,templates,srb_passport,TRAVEL_DOCUMENT,47,True,False,0,18,1.0,standard_scan,flatbed
templates/images/srb_passport/48.jpg,templates,srb_passport,TRAVEL_DOCUMENT,48,True,False,0,18,1.0,standard_scan,flatbed
templates/images/srb_passport/49.jpg,templates,srb_passport,TRAVEL_DOCUMENT,49,True,False,0,18,1.0,standard_scan,flatbed
templates/images/srb_passport/50.jpg,templates,srb_passport,TRAVEL_DOCUMENT,50,True,False,0,18,1.0,standard_scan,flatbed
templates/images/srb_passport/51.jpg,templates,srb_passport,TRAVEL_DOCUMENT,51,True,False,0,18,1.0,standard_scan,flatbed
templates/images/srb_passport/52.jpg,templates,srb_passport,TRAVEL_DOCUMENT,52,True,False,0,18,1.0,standard_scan,flatbed
templates/images/srb_passport/53.jpg,templates,srb_passport,TRAVEL_DOCUMENT,53,True,False,0,18,1.0,standard_scan,flatbed
templates/images/srb_passport/54.jpg,templates,srb_passport,TRAVEL_DOCUMENT,54,True,False,0,18,1.0,standard_scan,flatbed
templates/images/srb_passport/55.jpg,templates,srb_passport,TRAVEL_DOCUMENT,55,True,False,0,18,1.0,standard_scan,flatbed
templates/images/srb_passport/56.jpg,templates,srb_passport,TRAVEL_DOCUMENT,56,True,False,0,18,1.0,standard_scan,flatbed
templates/images/srb_passport/57.jpg,templates,srb_passport,TRAVEL_DOCUMENT,57,True,False,0,18,1.0,standard_scan,flatbed
templates/images/srb_passport/58.jpg,templates,srb_passport,TRAVEL_DOCUMENT,58,True,False,0,18,1.0,standard_scan,flatbed
templates/images/srb_passport/59.jpg,templates,srb_passport,TRAVEL_DOCUMENT,59,True,False,0,18,1.0,standard_scan,flatbed
templates/images/srb_passport/60.jpg,templates,srb_passport,TRAVEL_DOCUMENT,60,True,False,0,18,1.0,standard_scan,flatbed
templates/images/srb_passport/61.jpg,templates,srb_passport,TRAVEL_DOCUMENT,61,True,False,0,18,1.0,standard_scan,flatbed
templates/images/srb_passport/62.jpg,templates,srb_passport,TRAVEL_DOCUMENT,62,True,False,0,18,1.0,standard_scan,flatbed
templates/images/srb_passport/63.jpg,templates,srb_passport,TRAVEL_DOCUMENT,63,True,False,0,18,1.0,standard_scan,flatbed
templates/images/srb_passport/64.jpg,templates,srb_passport,TRAVEL_DOCUMENT,64,True,False,0,18,1.0,standard_scan,flatbed
templates/images/srb_passport/65.jpg,templates,srb_passport,TRAVEL_DOCUMENT,65,True,False,0,18,1.0,standard_scan,flatbed
templates/images/srb_passport/66.jpg,templates,srb_passport,TRAVEL_DOCUMENT,66,True,False,0,18,1.0,standard_scan,flatbed
templates/images/srb_passport/67.jpg,templates,srb_passport,TRAVEL_DOCUMENT,67,True,False,0,18,1.0,standard_scan,flatbed
templates/images/srb_passport/68.jpg,templates,srb_passport,TRAVEL_DOCUMENT,68,True,False,0,18,1.0,standard_scan,flatbed
templates/images/srb_passport/69.jpg,templates,srb_passport,TRAVEL_DOCUMENT,69,True,False,0,18,1.0,standard_scan,flatbed
templates/images/srb_passport/70.jpg,templates,srb_passport,TRAVEL_DOCUMENT,70,True,False,0,18,1.0,standard_scan,flatbed
templates/images/srb_passport/71.jpg,templates,srb_passport,TRAVEL_DOCUMENT,71,True,False,0,18,1.0,standard_scan,flatbed
templates/images/srb_passport/72.jpg,templates,srb_passport,TRAVEL_DOCUMENT,72,True,False,0,18,1.0,standard_scan,flatbed
templates/images/srb_passport/73.jpg,templates,srb_passport,TRAVEL_DOCUMENT,73,True,False,0,18,1.0,standard_scan,flatbed
templates/images/srb_passport/74.jpg,templates,srb_passport,TRAVEL_DOCUMENT,74,True,False,0,18,1.0,standard_scan,flatbed
templates/images/srb_passport/75.jpg,templates,srb_passport,TRAVEL_DOCUMENT,75,True,False,0,18,1.0,standard_scan,flatbed
templates/images/srb_passport/76.jpg,templates,srb_passport,TRAVEL_DOCUMENT,76,True,False,0,18,1.0,standard_scan,flatbed
templates/images/srb_passport/77.jpg,templates,srb_passport,TRAVEL_DOCUMENT,77,True,False,0,18,1.0,standard_scan,flatbed
templates/images/srb_passport/78.jpg,templates,srb_passport,TRAVEL_DOCUMENT,78,True,False,0,18,1.0,standard_scan,flatbed
templates/images/srb_passport/79.jpg,templates,srb_passport,TRAVEL_DOCUMENT,79,True,False,0,18,1.0,standard_scan,flatbed
templates/images/srb_passport/80.jpg,templates,srb_passport,TRAVEL_DOCUMENT,80,True,False,0,18,1.0,standard_scan,flatbed
templates/images/srb_passport/81.jpg,templates,srb_passport,TRAVEL_DOCUMENT,81,True,False,0,18,1.0,standard_scan,flatbed
templates/images/srb_passport/82.jpg,templates,srb_passport,TRAVEL_DOCUMENT,82,True,False,0,18,1.0,standard_scan,flatbed
templates/images/srb_passport/83.jpg,templates,srb_passport,TRAVEL_DOCUMENT,83,True,False,0,18,1.0,standard_scan,flatbed
templates/images/srb_passport/84.jpg,templates,srb_passport,TRAVEL_DOCUMENT,84,True,False,0,18,1.0,standard_scan,flatbed
templates/images/srb_passport/85.jpg,templates,srb_passport,TRAVEL_DOCUMENT,85,True,False,0,18,1.0,standard_scan,flatbed
templates/images/srb_passport/86.jpg,templates,srb_passport,TRAVEL_DOCUMENT,86,True,False,0,18,1.0,standard_scan,flatbed
templates/images/srb_passport/87.jpg,templates,srb_passport,TRAVEL_DOCUMENT,87,True,False,0,18,1.0,standard_scan,flatbed
templates/images/srb_passport/88.jpg,templates,srb_passport,TRAVEL_DOCUMENT,88,True,False,0,18,1.0,standard_scan,flatbed
templates/images/srb_passport/89.jpg,templates,srb_passport,TRAVEL_DOCUMENT,89,True,False,0,18,1.0,standard_scan,flatbed
templates/images/srb_passport/90.jpg,templates,srb_passport,TRAVEL_DOCUMENT,90,True,False,0,18,1.0,standard_scan,flatbed
templates/images/srb_passport/91.jpg,templates,srb_passport,TRAVEL_DOCUMENT,91,True,False,0,18,1.0,standard_scan,flatbed
templates/images/srb_passport/92.jpg,templates,srb_passport,TRAVEL_DOCUMENT,92,True,False,0,18,1.0,standard_scan,flatbed
templates/images/srb_passport/93.jpg,templates,srb_passport,TRAVEL_DOCUMENT,93,True,False,0,18,1.0,standard_scan,flatbed
templates/images/srb_passport/94.jpg,templates,srb_passport,TRAVEL_DOCUMENT,94,True,False,0,18,1.0,standard_scan,flatbed
templates/images/srb_passport/95.jpg,templates,srb_passport,TRAVEL_DOCUMENT,95,True,False,0,18,1.0,standard_scan,flatbed
templates/images/srb_passport/96.jpg,templates,srb_passport,TRAVEL_DOCUMENT,96,True,False,0,18,1.0,standard_scan,flatbed
templates/images/srb_passport/97.jpg,templates,srb_passport,TRAVEL_DOCUMENT,97,True,False,0,18,1.0,standard_scan,flatbed
templates/images/srb_passport/98.jpg,templates,srb_passport,TRAVEL_DOCUMENT,98,True,False,0,18,1.0,standard_scan,flatbed
templates/images/srb_passport/99.jpg,templates,srb_passport,TRAVEL_DOCUMENT,99,True,False,0,18,1.0,standard_scan,flatbed
templates/images/svk_id/00.jpg,templates,svk_id,NATIONAL_ID,00,True,False,0,10,1.0,standard_scan,flatbed
templates/images/svk_id/01.jpg,templates,svk_id,NATIONAL_ID,01,True,False,0,10,1.0,standard_scan,flatbed
templates/images/svk_id/02.jpg,templates,svk_id,NATIONAL_ID,02,True,False,0,10,1.0,standard_scan,flatbed
templates/images/svk_id/03.jpg,templates,svk_id,NATIONAL_ID,03,True,False,0,10,1.0,standard_scan,flatbed
templates/images/svk_id/04.jpg,templates,svk_id,NATIONAL_ID,04,True,False,0,10,1.0,standard_scan,flatbed
templates/images/svk_id/05.jpg,templates,svk_id,NATIONAL_ID,05,True,False,0,10,1.0,standard_scan,flatbed
templates/images/svk_id/06.jpg,templates,svk_id,NATIONAL_ID,06,True,False,0,10,1.0,standard_scan,flatbed
templates/images/svk_id/07.jpg,templates,svk_id,NATIONAL_ID,07,True,False,0,10,1.0,standard_scan,flatbed
templates/images/svk_id/08.jpg,templates,svk_id,NATIONAL_ID,08,True,False,0,10,1.0,standard_scan,flatbed
templates/images/svk_id/09.jpg,templates,svk_id,NATIONAL_ID,09,True,False,0,10,1.0,standard_scan,flatbed
templates/images/svk_id/10.jpg,templates,svk_id,NATIONAL_ID,10,True,False,0,10,1.0,standard_scan,flatbed
templates/images/svk_id/11.jpg,templates,svk_id,NATIONAL_ID,11,True,False,0,10,1.0,standard_scan,flatbed
templates/images/svk_id/12.jpg,templates,svk_id,NATIONAL_ID,12,True,False,0,10,1.0,standard_scan,flatbed
templates/images/svk_id/13.jpg,templates,svk_id,NATIONAL_ID,13,True,False,0,10,1.0,standard_scan,flatbed
templates/images/svk_id/14.jpg,templates,svk_id,NATIONAL_ID,14,True,False,0,10,1.0,standard_scan,flatbed
templates/images/svk_id/15.jpg,templates,svk_id,NATIONAL_ID,15,True,False,0,10,1.0,standard_scan,flatbed
templates/images/svk_id/16.jpg,templates,svk_id,NATIONAL_ID,16,True,False,0,10,1.0,standard_scan,flatbed
templates/images/svk_id/17.jpg,templates,svk_id,NATIONAL_ID,17,True,False,0,10,1.0,standard_scan,flatbed
templates/images/svk_id/18.jpg,templates,svk_id,NATIONAL_ID,18,True,False,0,10,1.0,standard_scan,flatbed
templates/images/svk_id/19.jpg,templates,svk_id,NATIONAL_ID,19,True,False,0,10,1.0,standard_scan,flatbed
templates/images/svk_id/20.jpg,templates,svk_id,NATIONAL_ID,20,True,False,0,10,1.0,standard_scan,flatbed
templates/images/svk_id/21.jpg,templates,svk_id,NATIONAL_ID,21,True,False,0,10,1.0,standard_scan,flatbed
templates/images/svk_id/22.jpg,templates,svk_id,NATIONAL_ID,22,True,False,0,10,1.0,standard_scan,flatbed
templates/images/svk_id/23.jpg,templates,svk_id,NATIONAL_ID,23,True,False,0,10,1.0,standard_scan,flatbed
templates/images/svk_id/24.jpg,templates,svk_id,NATIONAL_ID,24,True,False,0,10,1.0,standard_scan,flatbed
templates/images/svk_id/25.jpg,templates,svk_id,NATIONAL_ID,25,True,False,0,10,1.0,standard_scan,flatbed
templates/images/svk_id/26.jpg,templates,svk_id,NATIONAL_ID,26,True,False,0,10,1.0,standard_scan,flatbed
templates/images/svk_id/27.jpg,templates,svk_id,NATIONAL_ID,27,True,False,0,10,1.0,standard_scan,flatbed
templates/images/svk_id/28.jpg,templates,svk_id,NATIONAL_ID,28,True,False,0,10,1.0,standard_scan,flatbed
templates/images/svk_id/29.jpg,templates,svk_id,NATIONAL_ID,29,True,False,0,10,1.0,standard_scan,flatbed
templates/images/svk_id/30.jpg,templates,svk_id,NATIONAL_ID,30,True,False,0,10,1.0,standard_scan,flatbed
templates/images/svk_id/31.jpg,templates,svk_id,NATIONAL_ID,31,True,False,0,10,1.0,standard_scan,flatbed
templates/images/svk_id/32.jpg,templates,svk_id,NATIONAL_ID,32,True,False,0,10,1.0,standard_scan,flatbed
templates/images/svk_id/33.jpg,templates,svk_id,NATIONAL_ID,33,True,False,0,10,1.0,standard_scan,flatbed
templates/images/svk_id/34.jpg,templates,svk_id,NATIONAL_ID,34,True,False,0,10,1.0,standard_scan,flatbed
templates/images/svk_id/35.jpg,templates,svk_id,NATIONAL_ID,35,True,False,0,10,1.0,standard_scan,flatbed
templates/images/svk_id/36.jpg,templates,svk_id,NATIONAL_ID,36,True,False,0,10,1.0,standard_scan,flatbed
templates/images/svk_id/37.jpg,templates,svk_id,NATIONAL_ID,37,True,False,0,10,1.0,standard_scan,flatbed
templates/images/svk_id/38.jpg,templates,svk_id,NATIONAL_ID,38,True,False,0,10,1.0,standard_scan,flatbed
templates/images/svk_id/39.jpg,templates,svk_id,NATIONAL_ID,39,True,False,0,10,1.0,standard_scan,flatbed
templates/images/svk_id/40.jpg,templates,svk_id,NATIONAL_ID,40,True,False,0,10,1.0,standard_scan,flatbed
templates/images/svk_id/41.jpg,templates,svk_id,NATIONAL_ID,41,True,False,0,10,1.0,standard_scan,flatbed
templates/images/svk_id/42.jpg,templates,svk_id,NATIONAL_ID,42,True,False,0,10,1.0,standard_scan,flatbed
templates/images/svk_id/43.jpg,templates,svk_id,NATIONAL_ID,43,True,False,0,10,1.0,standard_scan,flatbed
templates/images/svk_id/44.jpg,templates,svk_id,NATIONAL_ID,44,True,False,0,10,1.0,standard_scan,flatbed
templates/images/svk_id/45.jpg,templates,svk_id,NATIONAL_ID,45,True,False,0,10,1.0,standard_scan,flatbed
templates/images/svk_id/46.jpg,templates,svk_id,NATIONAL_ID,46,True,False,0,10,1.0,standard_scan,flatbed
templates/images/svk_id/47.jpg,templates,svk_id,NATIONAL_ID,47,True,False,0,10,1.0,standard_scan,flatbed
templates/images/svk_id/48.jpg,templates,svk_id,NATIONAL_ID,48,True,False,0,10,1.0,standard_scan,flatbed
templates/images/svk_id/49.jpg,templates,svk_id,NATIONAL_ID,49,True,False,0,10,1.0,standard_scan,flatbed
templates/images/svk_id/50.jpg,templates,svk_id,NATIONAL_ID,50,True,False,0,10,1.0,standard_scan,flatbed
templates/images/svk_id/51.jpg,templates,svk_id,NATIONAL_ID,51,True,False,0,10,1.0,standard_scan,flatbed
templates/images/svk_id/52.jpg,templates,svk_id,NATIONAL_ID,52,True,False,0,10,1.0,standard_scan,flatbed
templates/images/svk_id/53.jpg,templates,svk_id,NATIONAL_ID,53,True,False,0,10,1.0,standard_scan,flatbed
templates/images/svk_id/54.jpg,templates,svk_id,NATIONAL_ID,54,True,False,0,10,1.0,standard_scan,flatbed
templates/images/svk_id/55.jpg,templates,svk_id,NATIONAL_ID,55,True,False,0,10,1.0,standard_scan,flatbed
templates/images/svk_id/56.jpg,templates,svk_id,NATIONAL_ID,56,True,False,0,10,1.0,standard_scan,flatbed
templates/images/svk_id/57.jpg,templates,svk_id,NATIONAL_ID,57,True,False,0,10,1.0,standard_scan,flatbed
templates/images/svk_id/58.jpg,templates,svk_id,NATIONAL_ID,58,True,False,0,10,1.0,standard_scan,flatbed
templates/images/svk_id/59.jpg,templates,svk_id,NATIONAL_ID,59,True,False,0,10,1.0,standard_scan,flatbed
templates/images/svk_id/60.jpg,templates,svk_id,NATIONAL_ID,60,True,False,0,10,1.0,standard_scan,flatbed
templates/images/svk_id/61.jpg,templates,svk_id,NATIONAL_ID,61,True,False,0,10,1.0,standard_scan,flatbed
templates/images/svk_id/62.jpg,templates,svk_id,NATIONAL_ID,62,True,False,0,10,1.0,standard_scan,flatbed
templates/images/svk_id/63.jpg,templates,svk_id,NATIONAL_ID,63,True,False,0,10,1.0,standard_scan,flatbed
templates/images/svk_id/64.jpg,templates,svk_id,NATIONAL_ID,64,True,False,0,10,1.0,standard_scan,flatbed
templates/images/svk_id/65.jpg,templates,svk_id,NATIONAL_ID,65,True,False,0,10,1.0,standard_scan,flatbed
templates/images/svk_id/66.jpg,templates,svk_id,NATIONAL_ID,66,True,False,0,10,1.0,standard_scan,flatbed
templates/images/svk_id/67.jpg,templates,svk_id,NATIONAL_ID,67,True,False,0,10,1.0,standard_scan,flatbed
templates/images/svk_id/68.jpg,templates,svk_id,NATIONAL_ID,68,True,False,0,10,1.0,standard_scan,flatbed
templates/images/svk_id/69.jpg,templates,svk_id,NATIONAL_ID,69,True,False,0,10,1.0,standard_scan,flatbed
templates/images/svk_id/70.jpg,templates,svk_id,NATIONAL_ID,70,True,False,0,10,1.0,standard_scan,flatbed
templates/images/svk_id/71.jpg,templates,svk_id,NATIONAL_ID,71,True,False,0,10,1.0,standard_scan,flatbed
templates/images/svk_id/72.jpg,templates,svk_id,NATIONAL_ID,72,True,False,0,10,1.0,standard_scan,flatbed
templates/images/svk_id/73.jpg,templates,svk_id,NATIONAL_ID,73,True,False,0,10,1.0,standard_scan,flatbed
templates/images/svk_id/74.jpg,templates,svk_id,NATIONAL_ID,74,True,False,0,10,1.0,standard_scan,flatbed
templates/images/svk_id/75.jpg,templates,svk_id,NATIONAL_ID,75,True,False,0,10,1.0,standard_scan,flatbed
templates/images/svk_id/76.jpg,templates,svk_id,NATIONAL_ID,76,True,False,0,10,1.0,standard_scan,flatbed
templates/images/svk_id/77.jpg,templates,svk_id,NATIONAL_ID,77,True,False,0,10,1.0,standard_scan,flatbed
templates/images/svk_id/78.jpg,templates,svk_id,NATIONAL_ID,78,True,False,0,10,1.0,standard_scan,flatbed
templates/images/svk_id/79.jpg,templates,svk_id,NATIONAL_ID,79,True,False,0,10,1.0,standard_scan,flatbed
templates/images/svk_id/80.jpg,templates,svk_id,NATIONAL_ID,80,True,False,0,10,1.0,standard_scan,flatbed
templates/images/svk_id/81.jpg,templates,svk_id,NATIONAL_ID,81,True,False,0,10,1.0,standard_scan,flatbed
templates/images/svk_id/82.jpg,templates,svk_id,NATIONAL_ID,82,True,False,0,10,1.0,standard_scan,flatbed
templates/images/svk_id/83.jpg,templates,svk_id,NATIONAL_ID,83,True,False,0,10,1.0,standard_scan,flatbed
templates/images/svk_id/84.jpg,templates,svk_id,NATIONAL_ID,84,True,False,0,10,1.0,standard_scan,flatbed
templates/images/svk_id/85.jpg,templates,svk_id,NATIONAL_ID,85,True,False,0,10,1.0,standard_scan,flatbed
templates/images/svk_id/86.jpg,templates,svk_id,NATIONAL_ID,86,True,False,0,10,1.0,standard_scan,flatbed
templates/images/svk_id/87.jpg,templates,svk_id,NATIONAL_ID,87,True,False,0,10,1.0,standard_scan,flatbed
templates/images/svk_id/88.jpg,templates,svk_id,NATIONAL_ID,88,True,False,0,10,1.0,standard_scan,flatbed
templates/images/svk_id/89.jpg,templates,svk_id,NATIONAL_ID,89,True,False,0,10,1.0,standard_scan,flatbed
templates/images/svk_id/90.jpg,templates,svk_id,NATIONAL_ID,90,True,False,0,10,1.0,standard_scan,flatbed
templates/images/svk_id/91.jpg,templates,svk_id,NATIONAL_ID,91,True,False,0,10,1.0,standard_scan,flatbed
templates/images/svk_id/92.jpg,templates,svk_id,NATIONAL_ID,92,True,False,0,10,1.0,standard_scan,flatbed
templates/images/svk_id/93.jpg,templates,svk_id,NATIONAL_ID,93,True,False,0,10,1.0,standard_scan,flatbed
templates/images/svk_id/94.jpg,templates,svk_id,NATIONAL_ID,94,True,False,0,10,1.0,standard_scan,flatbed
templates/images/svk_id/95.jpg,templates,svk_id,NATIONAL_ID,95,True,False,0,10,1.0,standard_scan,flatbed
templates/images/svk_id/96.jpg,templates,svk_id,NATIONAL_ID,96,True,False,0,10,1.0,standard_scan,flatbed
templates/images/svk_id/97.jpg,templates,svk_id,NATIONAL_ID,97,True,False,0,10,1.0,standard_scan,flatbed
templates/images/svk_id/98.jpg,templates,svk_id,NATIONAL_ID,98,True,False,0,10,1.0,standard_scan,flatbed
templates/images/svk_id/99.jpg,templates,svk_id,NATIONAL_ID,99,True,False,0,10,1.0,standard_scan,flatbed
